-0.006955,0.008085,0.802909,-0.004045,0.005377,0.002808,0.999973,-0.241458,0.004645,-0.003331,0.429080,-0.206287,0.010058,-0.230827,-0.009129,0.018030,0.404821,-0.192098,0.014809,-0.000430,0.001649,0.300000,-0.000512,0.003068,-0.000103,0.000942,-0.300000,0.000587,0.003136,0.000105,0.000004
-0.007009,0.008072,0.802914,-0.004042,0.005372,0.002827,0.999973,-0.241541,0.004723,-0.003156,0.429062,-0.206184,0.010019,-0.230874,-0.009178,0.017873,0.404803,-0.192024,0.014815,-0.000430,0.001635,0.300000,-0.000512,0.003074,-0.000103,0.000939,-0.300000,0.000588,0.003142,0.000105,0.000004
-0.007063,0.008058,0.802918,-0.004039,0.005367,0.002846,0.999973,-0.241623,0.004800,-0.002981,0.429045,-0.206082,0.009981,-0.230921,-0.009226,0.017717,0.404785,-0.191951,0.014820,-0.000430,0.001621,0.300000,-0.000513,0.003080,-0.000103,0.000937,-0.300000,0.000588,0.003147,0.000105,0.000004
-0.007117,0.008044,0.802922,-0.004035,0.005362,0.002865,0.999973,-0.241704,0.004877,-0.002807,0.429028,-0.205980,0.009942,-0.230967,-0.009275,0.017561,0.404768,-0.191879,0.014826,-0.000430,0.001608,0.300000,-0.000513,0.003085,-0.000103,0.000935,-0.300000,0.000588,0.003152,0.000105,0.000004
-0.007171,0.008031,0.802927,-0.004032,0.005357,0.002883,0.999973,-0.241785,0.004954,-0.002634,0.429011,-0.205878,0.009904,-0.231012,-0.009323,0.017407,0.404751,-0.191807,0.014832,-0.000430,0.001595,0.300000,-0.000514,0.003090,-0.000103,0.000932,-0.300000,0.000588,0.003157,0.000105,0.000004
-0.007224,0.008017,0.802931,-0.004029,0.005351,0.002902,0.999973,-0.241865,0.005030,-0.002463,0.428995,-0.205777,0.009866,-0.231057,-0.009371,0.017254,0.404734,-0.191736,0.014838,-0.000430,0.001582,0.300000,-0.000514,0.003095,-0.000103,0.000930,-0.300000,0.000588,0.003162,0.000105,0.000004
-0.007278,0.008004,0.802935,-0.004026,0.005345,0.002921,0.999973,-0.241945,0.005107,-0.002292,0.428980,-0.205677,0.009828,-0.231100,-0.009419,0.017101,0.404717,-0.191665,0.014843,-0.000430,0.001569,0.300000,-0.000514,0.003100,-0.000104,0.000927,-0.300000,0.000589,0.003166,0.000105,0.000004
-0.007331,0.007991,0.802939,-0.004023,0.005339,0.002940,0.999973,-0.242024,0.005182,-0.002122,0.428964,-0.205576,0.009791,-0.231144,-0.009466,0.016950,0.404701,-0.191594,0.014849,-0.000430,0.001556,0.300000,-0.000515,0.003105,-0.000104,0.000925,-0.300000,0.000589,0.003171,0.000105,0.000004
-0.007384,0.007978,0.802943,-0.004020,0.005333,0.002959,0.999973,-0.242102,0.005258,-0.001954,0.428949,-0.205476,0.009753,-0.231186,-0.009514,0.016800,0.404686,-0.191524,0.014855,-0.000430,0.001544,0.300000,-0.000515,0.003110,-0.000104,0.000923,-0.300000,0.000589,0.003175,0.000105,0.000004
-0.007437,0.007964,0.802948,-0.004017,0.005326,0.002979,0.999973,-0.242180,0.005333,-0.001786,0.428935,-0.205377,0.009716,-0.231228,-0.009561,0.016650,0.404670,-0.191455,0.014861,-0.000430,0.001532,0.300000,-0.000515,0.003114,-0.000104,0.000921,-0.300000,0.000589,0.003179,0.000105,0.000004
-0.007490,0.007951,0.802952,-0.004013,0.005319,0.002998,0.999973,-0.242257,0.005408,-0.001619,0.428921,-0.205278,0.009679,-0.231270,-0.009608,0.016501,0.404655,-0.191386,0.014867,-0.000431,0.001520,0.300000,-0.000516,0.003119,-0.000104,0.000919,-0.300000,0.000589,0.003183,0.000105,0.000004
-0.007543,0.007938,0.802955,-0.004010,0.005312,0.003017,0.999973,-0.242334,0.005482,-0.001454,0.428907,-0.205180,0.009641,-0.231311,-0.009655,0.016354,0.404640,-0.191317,0.014874,-0.000431,0.001508,0.300000,-0.000516,0.003123,-0.000104,0.000917,-0.300000,0.000589,0.003187,0.000105,0.000004
-0.007595,0.007925,0.802959,-0.004007,0.005305,0.003036,0.999973,-0.242411,0.005556,-0.001289,0.428893,-0.205081,0.009604,-0.231351,-0.009702,0.016207,0.404626,-0.191249,0.014880,-0.000431,0.001496,0.300000,-0.000516,0.003127,-0.000104,0.000915,-0.300000,0.000589,0.003191,0.000105,0.000004
-0.007647,0.007912,0.802963,-0.004004,0.005298,0.003056,0.999973,-0.242487,0.005630,-0.001125,0.428880,-0.204984,0.009568,-0.231391,-0.009749,0.016061,0.404611,-0.191181,0.014886,-0.000431,0.001485,0.300000,-0.000517,0.003132,-0.000104,0.000913,-0.300000,0.000589,0.003195,0.000105,0.000004
-0.007699,0.007900,0.802967,-0.004001,0.005291,0.003075,0.999973,-0.242562,0.005703,-0.000962,0.428866,-0.204887,0.009531,-0.231430,-0.009795,0.015916,0.404597,-0.191115,0.014892,-0.000431,0.001474,0.300000,-0.000517,0.003136,-0.000104,0.000911,-0.300000,0.000590,0.003199,0.000105,0.000004
-0.007751,0.007887,0.802971,-0.003998,0.005284,0.003095,0.999973,-0.242638,0.005777,-0.000801,0.428853,-0.204790,0.009495,-0.231469,-0.009841,0.015772,0.404583,-0.191048,0.014899,-0.000431,0.001463,0.300000,-0.000517,0.003140,-0.000104,0.000909,-0.300000,0.000590,0.003203,0.000105,0.000004
-0.007802,0.007874,0.802975,-0.003995,0.005277,0.003114,0.999973,-0.242713,0.005849,-0.000640,0.428841,-0.204695,0.009458,-0.231508,-0.009888,0.015629,0.404569,-0.190983,0.014905,-0.000431,0.001452,0.300000,-0.000518,0.003143,-0.000104,0.000908,-0.300000,0.000590,0.003206,0.000105,0.000004
-0.007853,0.007862,0.802979,-0.003992,0.005270,0.003134,0.999973,-0.242787,0.005922,-0.000481,0.428828,-0.204599,0.009422,-0.231546,-0.009934,0.015487,0.404555,-0.190918,0.014912,-0.000431,0.001442,0.300000,-0.000518,0.003147,-0.000104,0.000906,-0.300000,0.000590,0.003209,0.000106,0.000004
-0.007903,0.007849,0.802982,-0.003989,0.005263,0.003154,0.999973,-0.242861,0.005994,-0.000322,0.428815,-0.204505,0.009386,-0.231584,-0.009980,0.015346,0.404542,-0.190854,0.014918,-0.000431,0.001431,0.300000,-0.000518,0.003151,-0.000104,0.000905,-0.300000,0.000590,0.003213,0.000106,0.000004
-0.007953,0.007837,0.802986,-0.003986,0.005256,0.003174,0.999973,-0.242935,0.006066,-0.000164,0.428803,-0.204411,0.009350,-0.231621,-0.010025,0.015205,0.404528,-0.190791,0.014925,-0.000431,0.001421,0.300000,-0.000518,0.003154,-0.000104,0.000903,-0.300000,0.000590,0.003216,0.000106,0.000004
-0.008002,0.007824,0.802990,-0.003983,0.005250,0.003193,0.999973,-0.243009,0.006137,-0.000008,0.428791,-0.204318,0.009314,-0.231658,-0.010071,0.015066,0.404515,-0.190728,0.014932,-0.000431,0.001411,0.300000,-0.000519,0.003158,-0.000104,0.000902,-0.300000,0.000590,0.003219,0.000106,0.000004
-0.008050,0.007812,0.802993,-0.003980,0.005243,0.003213,0.999973,-0.243082,0.006208,0.000148,0.428779,-0.204225,0.009278,-0.231694,-0.010116,0.014927,0.404501,-0.190666,0.014939,-0.000431,0.001402,0.300000,-0.000519,0.003161,-0.000104,0.000900,-0.300000,0.000590,0.003222,0.000106,0.000004
-0.008099,0.007800,0.802997,-0.003977,0.005237,0.003233,0.999973,-0.243155,0.006279,0.000303,0.428767,-0.204134,0.009243,-0.231730,-0.010162,0.014790,0.404488,-0.190605,0.014946,-0.000431,0.001392,0.300000,-0.000519,0.003165,-0.000104,0.000899,-0.300000,0.000590,0.003225,0.000106,0.000004
-0.008146,0.007787,0.803000,-0.003974,0.005231,0.003253,0.999973,-0.243227,0.006349,0.000456,0.428755,-0.204043,0.009207,-0.231765,-0.010207,0.014653,0.404475,-0.190545,0.014953,-0.000431,0.001383,0.300000,-0.000519,0.003168,-0.000104,0.000897,-0.300000,0.000590,0.003228,0.000106,0.000004
-0.008193,0.007775,0.803004,-0.003971,0.005225,0.003273,0.999973,-0.243300,0.006419,0.000609,0.428743,-0.203953,0.009172,-0.231801,-0.010252,0.014517,0.404461,-0.190486,0.014960,-0.000431,0.001373,0.300000,-0.000520,0.003171,-0.000104,0.000896,-0.300000,0.000590,0.003231,0.000106,0.000004
-0.008240,0.007763,0.803007,-0.003968,0.005219,0.003293,0.999973,-0.243372,0.006489,0.000761,0.428732,-0.203863,0.009137,-0.231835,-0.010297,0.014382,0.404448,-0.190427,0.014967,-0.000431,0.001364,0.300000,-0.000520,0.003174,-0.000104,0.000895,-0.300000,0.000590,0.003234,0.000106,0.000004
-0.008286,0.007751,0.803011,-0.003965,0.005214,0.003313,0.999973,-0.243443,0.006558,0.000911,0.428721,-0.203774,0.009101,-0.231870,-0.010341,0.014248,0.404435,-0.190370,0.014974,-0.000431,0.001355,0.300000,-0.000520,0.003177,-0.000104,0.000894,-0.300000,0.000590,0.003237,0.000106,0.000004
-0.008332,0.007740,0.803014,-0.003963,0.005208,0.003333,0.999973,-0.243514,0.006627,0.001061,0.428709,-0.203686,0.009067,-0.231903,-0.010386,0.014114,0.404422,-0.190312,0.014981,-0.000431,0.001346,0.300000,-0.000520,0.003180,-0.000105,0.000892,-0.300000,0.000590,0.003239,0.000106,0.000004
-0.008377,0.007728,0.803017,-0.003960,0.005203,0.003353,0.999973,-0.243585,0.006696,0.001210,0.428698,-0.203599,0.009032,-0.231937,-0.010430,0.013982,0.404409,-0.190256,0.014989,-0.000431,0.001338,0.300000,-0.000520,0.003183,-0.000105,0.000891,-0.300000,0.000590,0.003242,0.000106,0.000004
-0.008422,0.007716,0.803021,-0.003957,0.005198,0.003374,0.999973,-0.243656,0.006764,0.001358,0.428687,-0.203512,0.008997,-0.231970,-0.010475,0.013850,0.404396,-0.190201,0.014996,-0.000431,0.001329,0.300000,-0.000521,0.003186,-0.000105,0.000890,-0.300000,0.000590,0.003244,0.000106,0.000004
-0.008466,0.007704,0.803024,-0.003954,0.005193,0.003394,0.999973,-0.243726,0.006833,0.001505,0.428676,-0.203426,0.008962,-0.232002,-0.010519,0.013719,0.404384,-0.190146,0.015004,-0.000431,0.001321,0.300000,-0.000521,0.003188,-0.000105,0.000889,-0.300000,0.000590,0.003247,0.000106,0.000004
-0.008510,0.007693,0.803027,-0.003951,0.005188,0.003415,0.999973,-0.243796,0.006900,0.001651,0.428666,-0.203341,0.008928,-0.232034,-0.010563,0.013589,0.404371,-0.190092,0.015012,-0.000431,0.001313,0.300000,-0.000521,0.003191,-0.000105,0.000888,-0.300000,0.000590,0.003249,0.000106,0.000004
-0.008553,0.007681,0.803031,-0.003948,0.005183,0.003435,0.999973,-0.243865,0.006968,0.001796,0.428655,-0.203256,0.008894,-0.232066,-0.010607,0.013460,0.404358,-0.190038,0.015020,-0.000431,0.001305,0.300000,-0.000521,0.003194,-0.000105,0.000887,-0.300000,0.000590,0.003251,0.000106,0.000004
-0.008596,0.007670,0.803034,-0.003946,0.005178,0.003456,0.999973,-0.243934,0.007035,0.001940,0.428645,-0.203171,0.008859,-0.232097,-0.010650,0.013332,0.404345,-0.189985,0.015027,-0.000431,0.001297,0.300000,-0.000521,0.003196,-0.000105,0.000886,-0.300000,0.000590,0.003254,0.000106,0.000004
-0.008639,0.007658,0.803037,-0.003943,0.005173,0.003476,0.999973,-0.244003,0.007102,0.002083,0.428635,-0.203088,0.008825,-0.232127,-0.010694,0.013204,0.404333,-0.189933,0.015035,-0.000431,0.001289,0.300000,-0.000521,0.003199,-0.000105,0.000885,-0.300000,0.000590,0.003256,0.000106,0.000004
-0.008681,0.007647,0.803040,-0.003940,0.005168,0.003497,0.999973,-0.244071,0.007168,0.002226,0.428625,-0.203005,0.008792,-0.232157,-0.010737,0.013077,0.404320,-0.189881,0.015043,-0.000431,0.001282,0.300000,-0.000522,0.003201,-0.000105,0.000884,-0.300000,0.000590,0.003258,0.000106,0.000004
-0.008723,0.007636,0.803043,-0.003937,0.005163,0.003517,0.999973,-0.244139,0.007235,0.002367,0.428615,-0.202922,0.008758,-0.232187,-0.010781,0.012951,0.404308,-0.189830,0.015051,-0.000431,0.001274,0.300000,-0.000522,0.003203,-0.000105,0.000883,-0.300000,0.000590,0.003260,0.000106,0.000004
-0.008765,0.007625,0.803046,-0.003935,0.005158,0.003538,0.999973,-0.244206,0.007301,0.002508,0.428605,-0.202840,0.008724,-0.232216,-0.010824,0.012826,0.404296,-0.189779,0.015060,-0.000431,0.001267,0.300000,-0.000522,0.003206,-0.000105,0.000882,-0.300000,0.000590,0.003262,0.000106,0.000004
-0.008806,0.007614,0.803049,-0.003932,0.005153,0.003559,0.999973,-0.244274,0.007366,0.002647,0.428596,-0.202758,0.008691,-0.232244,-0.010867,0.012702,0.404283,-0.189729,0.015068,-0.000431,0.001259,0.300000,-0.000522,0.003208,-0.000105,0.000882,-0.300000,0.000590,0.003264,0.000106,0.000004
-0.008847,0.007603,0.803052,-0.003929,0.005148,0.003580,0.999973,-0.244340,0.007432,0.002786,0.428587,-0.202677,0.008657,-0.232273,-0.010910,0.012578,0.404271,-0.189679,0.015076,-0.000431,0.001252,0.300000,-0.000522,0.003210,-0.000105,0.000881,-0.300000,0.000590,0.003266,0.000106,0.000004
-0.008888,0.007592,0.803055,-0.003927,0.005143,0.003601,0.999973,-0.244407,0.007497,0.002924,0.428577,-0.202597,0.008624,-0.232300,-0.010952,0.012455,0.404259,-0.189630,0.015085,-0.000431,0.001245,0.300000,-0.000522,0.003212,-0.000105,0.000880,-0.300000,0.000590,0.003267,0.000106,0.000004
-0.008929,0.007581,0.803058,-0.003924,0.005139,0.003622,0.999973,-0.244473,0.007562,0.003061,0.428568,-0.202516,0.008591,-0.232327,-0.010995,0.012333,0.404247,-0.189582,0.015093,-0.000431,0.001238,0.300000,-0.000523,0.003214,-0.000105,0.000879,-0.300000,0.000590,0.003269,0.000106,0.000004
-0.008969,0.007570,0.803061,-0.003921,0.005134,0.003643,0.999973,-0.244539,0.007626,0.003198,0.428560,-0.202437,0.008558,-0.232354,-0.011038,0.012212,0.404235,-0.189534,0.015102,-0.000431,0.001232,0.300000,-0.000523,0.003216,-0.000105,0.000879,-0.300000,0.000590,0.003271,0.000106,0.000004
-0.009009,0.007559,0.803064,-0.003919,0.005129,0.003664,0.999973,-0.244604,0.007691,0.003333,0.428551,-0.202357,0.008525,-0.232380,-0.011080,0.012091,0.404223,-0.189486,0.015110,-0.000431,0.001225,0.300000,-0.000523,0.003218,-0.000105,0.000878,-0.300000,0.000590,0.003273,0.000106,0.000004
-0.009048,0.007549,0.803067,-0.003916,0.005124,0.003685,0.999973,-0.244669,0.007755,0.003468,0.428542,-0.202279,0.008492,-0.232406,-0.011122,0.011972,0.404211,-0.189439,0.015119,-0.000431,0.001219,0.300000,-0.000523,0.003220,-0.000105,0.000877,-0.300000,0.000590,0.003274,0.000106,0.000004
-0.009088,0.007538,0.803070,-0.003914,0.005119,0.003706,0.999972,-0.244733,0.007818,0.003602,0.428534,-0.202200,0.008459,-0.232432,-0.011164,0.011853,0.404200,-0.189393,0.015128,-0.000431,0.001212,0.300000,-0.000523,0.003222,-0.000105,0.000877,-0.300000,0.000590,0.003276,0.000106,0.000004
-0.009127,0.007528,0.803073,-0.003911,0.005114,0.003727,0.999972,-0.244798,0.007882,0.003734,0.428526,-0.202123,0.008427,-0.232457,-0.011206,0.011734,0.404188,-0.189347,0.015137,-0.000431,0.001206,0.300000,-0.000523,0.003224,-0.000105,0.000876,-0.300000,0.000590,0.003278,0.000106,0.000004
-0.009165,0.007517,0.803075,-0.003909,0.005109,0.003749,0.999972,-0.244862,0.007945,0.003867,0.428518,-0.202045,0.008394,-0.232481,-0.011248,0.011617,0.404176,-0.189301,0.015146,-0.000431,0.001200,0.300000,-0.000523,0.003226,-0.000105,0.000875,-0.300000,0.000590,0.003279,0.000106,0.000004
-0.009204,0.007507,0.803078,-0.003906,0.005104,0.003770,0.999972,-0.244925,0.008008,0.003998,0.428510,-0.201968,0.008362,-0.232505,-0.011290,0.011500,0.404165,-0.189256,0.015155,-0.000430,0.001194,0.300000,-0.000523,0.003228,-0.000105,0.000875,-0.300000,0.000590,0.003281,0.000106,0.000004
-0.009242,0.007497,0.803081,-0.003903,0.005099,0.003791,0.999972,-0.244989,0.008070,0.004128,0.428502,-0.201892,0.008330,-0.232529,-0.011331,0.011384,0.404153,-0.189211,0.015164,-0.000430,0.001188,0.300000,-0.000524,0.003229,-0.000105,0.000874,-0.300000,0.000590,0.003282,0.000106,0.000004
-0.009280,0.007486,0.803083,-0.003901,0.005095,0.003813,0.999972,-0.245052,0.008132,0.004258,0.428494,-0.201816,0.008298,-0.232552,-0.011373,0.011269,0.404142,-0.189167,0.015173,-0.000430,0.001182,0.300000,-0.000524,0.003231,-0.000105,0.000874,-0.300000,0.000590,0.003284,0.000106,0.000004
-0.009317,0.007476,0.803086,-0.003898,0.005090,0.003834,0.999972,-0.245114,0.008194,0.004387,0.428486,-0.201741,0.008266,-0.232575,-0.011414,0.011154,0.404130,-0.189124,0.015182,-0.000430,0.001176,0.300000,-0.000524,0.003233,-0.000105,0.000873,-0.300000,0.000590,0.003285,0.000106,0.000004
-0.009354,0.007466,0.803089,-0.003896,0.005085,0.003856,0.999972,-0.245177,0.008256,0.004515,0.428479,-0.201666,0.008234,-0.232598,-0.011455,0.011040,0.404119,-0.189081,0.015191,-0.000430,0.001171,0.300000,-0.000524,0.003234,-0.000105,0.000873,-0.300000,0.000590,0.003286,0.000106,0.000004
-0.009391,0.007456,0.803091,-0.003894,0.005081,0.003877,0.999972,-0.245239,0.008318,0.004642,0.428472,-0.201591,0.008202,-0.232620,-0.011497,0.010927,0.404107,-0.189038,0.015201,-0.000430,0.001165,0.300000,-0.000524,0.003236,-0.000105,0.000872,-0.300000,0.000590,0.003288,0.000106,0.000004
-0.009428,0.007446,0.803094,-0.003891,0.005076,0.003899,0.999972,-0.245300,0.008379,0.004768,0.428464,-0.201517,0.008171,-0.232641,-0.011537,0.010815,0.404096,-0.188996,0.015210,-0.000430,0.001160,0.300000,-0.000524,0.003238,-0.000105,0.000872,-0.300000,0.000589,0.003289,0.000106,0.000004
-0.009464,0.007436,0.803097,-0.003889,0.005072,0.003920,0.999972,-0.245362,0.008440,0.004894,0.428457,-0.201443,0.008139,-0.232663,-0.011578,0.010703,0.404084,-0.188955,0.015220,-0.000430,0.001155,0.300000,-0.000524,0.003239,-0.000105,0.000872,-0.300000,0.000589,0.003290,0.000106,0.000004
-0.009500,0.007426,0.803099,-0.003886,0.005067,0.003942,0.999972,-0.245423,0.008500,0.005019,0.428450,-0.201370,0.008108,-0.232684,-0.011619,0.010592,0.404073,-0.188914,0.015230,-0.000430,0.001149,0.300000,-0.000524,0.003241,-0.000105,0.000871,-0.300000,0.000589,0.003292,0.000106,0.000004
-0.009535,0.007417,0.803102,-0.003884,0.005063,0.003964,0.999972,-0.245484,0.008561,0.005143,0.428443,-0.201298,0.008076,-0.232704,-0.011660,0.010482,0.404062,-0.188873,0.015239,-0.000430,0.001144,0.300000,-0.000524,0.003242,-0.000105,0.000871,-0.300000,0.000589,0.003293,0.000106,0.000004
-0.009570,0.007407,0.803104,-0.003882,0.005058,0.003986,0.999972,-0.245544,0.008621,0.005266,0.428436,-0.201226,0.008045,-0.232724,-0.011700,0.010372,0.404050,-0.188833,0.015249,-0.000430,0.001139,0.300000,-0.000525,0.003244,-0.000105,0.000871,-0.300000,0.000589,0.003294,0.000106,0.000004
-0.009605,0.007397,0.803107,-0.003879,0.005054,0.004007,0.999972,-0.245605,0.008681,0.005388,0.428429,-0.201154,0.008014,-0.232744,-0.011741,0.010263,0.404039,-0.188794,0.015259,-0.000430,0.001134,0.300000,-0.000525,0.003245,-0.000105,0.000870,-0.300000,0.000589,0.003295,0.000106,0.000004
-0.009640,0.007388,0.803109,-0.003877,0.005050,0.004029,0.999972,-0.245665,0.008740,0.005510,0.428423,-0.201083,0.007983,-0.232763,-0.011781,0.010155,0.404028,-0.188755,0.015269,-0.000430,0.001130,0.300000,-0.000525,0.003246,-0.000105,0.000870,-0.300000,0.000589,0.003296,0.000106,0.000004
-0.009674,0.007378,0.803112,-0.003875,0.005046,0.004051,0.999972,-0.245724,0.008799,0.005631,0.428416,-0.201012,0.007952,-0.232782,-0.011821,0.010047,0.404016,-0.188717,0.015279,-0.000429,0.001125,0.300000,-0.000525,0.003248,-0.000105,0.000870,-0.300000,0.000589,0.003297,0.000106,0.000004
-0.009708,0.007369,0.803114,-0.003872,0.005041,0.004073,0.999972,-0.245784,0.008859,0.005751,0.428410,-0.200942,0.007922,-0.232801,-0.011861,0.009941,0.404005,-0.188679,0.015289,-0.000429,0.001120,0.300000,-0.000525,0.003249,-0.000105,0.000870,-0.300000,0.000589,0.003298,0.000106,0.000004
-0.009742,0.007359,0.803117,-0.003870,0.005037,0.004095,0.999972,-0.245843,0.008917,0.005871,0.428403,-0.200872,0.007891,-0.232819,-0.011901,0.009834,0.403994,-0.188641,0.015299,-0.000429,0.001116,0.300000,-0.000525,0.003250,-0.000105,0.000869,-0.300000,0.000589,0.003300,0.000106,0.000004
-0.009775,0.007350,0.803119,-0.003868,0.005033,0.004117,0.999971,-0.245902,0.008976,0.005989,0.428397,-0.200803,0.007861,-0.232837,-0.011941,0.009729,0.403983,-0.188604,0.015310,-0.000429,0.001111,0.300000,-0.000525,0.003252,-0.000105,0.000869,-0.300000,0.000589,0.003301,0.000106,0.000004
-0.009808,0.007341,0.803121,-0.003865,0.005029,0.004139,0.999971,-0.245960,0.009034,0.006107,0.428391,-0.200734,0.007830,-0.232854,-0.011980,0.009624,0.403971,-0.188567,0.015320,-0.000429,0.001107,0.300000,-0.000525,0.003253,-0.000105,0.000869,-0.300000,0.000589,0.003302,0.000106,0.000004
-0.009841,0.007332,0.803124,-0.003863,0.005025,0.004161,0.999971,-0.246018,0.009092,0.006224,0.428385,-0.200665,0.007800,-0.232871,-0.012020,0.009520,0.403960,-0.188531,0.015330,-0.000429,0.001102,0.300000,-0.000525,0.003254,-0.000105,0.000869,-0.300000,0.000589,0.003303,0.000106,0.000004
-0.009873,0.007323,0.803126,-0.003861,0.005021,0.004184,0.999971,-0.246076,0.009150,0.006341,0.428379,-0.200597,0.007770,-0.232888,-0.012060,0.009417,0.403949,-0.188496,0.015341,-0.000429,0.001098,0.300000,-0.000525,0.003255,-0.000105,0.000869,-0.300000,0.000589,0.003304,0.000106,0.000004
-0.009905,0.007313,0.803128,-0.003859,0.005017,0.004206,0.999971,-0.246134,0.009207,0.006456,0.428373,-0.200530,0.007740,-0.232904,-0.012099,0.009314,0.403938,-0.188460,0.015351,-0.000429,0.001094,0.300000,-0.000525,0.003256,-0.000105,0.000869,-0.300000,0.000589,0.003304,0.000106,0.000004
-0.009937,0.007305,0.803131,-0.003857,0.005013,0.004228,0.999971,-0.246191,0.009265,0.006571,0.428367,-0.200462,0.007710,-0.232920,-0.012138,0.009212,0.403926,-0.188426,0.015362,-0.000429,0.001090,0.300000,-0.000526,0.003258,-0.000105,0.000868,-0.300000,0.000589,0.003305,0.000106,0.000004
-0.009969,0.007296,0.803133,-0.003854,0.005010,0.004251,0.999971,-0.246248,0.009322,0.006686,0.428361,-0.200395,0.007680,-0.232935,-0.012177,0.009110,0.403915,-0.188391,0.015373,-0.000429,0.001086,0.300000,-0.000526,0.003259,-0.000105,0.000868,-0.300000,0.000589,0.003306,0.000106,0.000004
-0.010000,0.007287,0.803135,-0.003852,0.005006,0.004273,0.999971,-0.246305,0.009378,0.006799,0.428356,-0.200329,0.007650,-0.232951,-0.012216,0.009009,0.403904,-0.188357,0.015384,-0.000428,0.001082,0.300000,-0.000526,0.003260,-0.000105,0.000868,-0.300000,0.000589,0.003307,0.000106,0.000004
-0.010031,0.007278,0.803137,-0.003850,0.005002,0.004295,0.999971,-0.246362,0.009435,0.006912,0.428350,-0.200263,0.007620,-0.232965,-0.012255,0.008909,0.403893,-0.188324,0.015395,-0.000428,0.001078,0.300000,-0.000526,0.003261,-0.000105,0.000868,-0.300000,0.000589,0.003308,0.000106,0.000004
-0.010062,0.007269,0.803139,-0.003848,0.004998,0.004318,0.999971,-0.246418,0.009491,0.007024,0.428345,-0.200197,0.007591,-0.232980,-0.012294,0.008809,0.403882,-0.188291,0.015406,-0.000428,0.001075,0.300000,-0.000526,0.003262,-0.000105,0.000868,-0.300000,0.000589,0.003309,0.000106,0.000004
-0.010093,0.007260,0.803142,-0.003846,0.004994,0.004340,0.999971,-0.246474,0.009548,0.007136,0.428340,-0.200132,0.007561,-0.232994,-0.012332,0.008710,0.403870,-0.188258,0.015417,-0.000428,0.001071,0.300000,-0.000526,0.003263,-0.000105,0.000868,-0.300000,0.000588,0.003310,0.000106,0.000004
-0.010123,0.007252,0.803144,-0.003844,0.004991,0.004362,0.999971,-0.246530,0.009604,0.007247,0.428335,-0.200068,0.007531,-0.233007,-0.012371,0.008612,0.403859,-0.188225,0.015428,-0.000428,0.001067,0.300000,-0.000526,0.003264,-0.000105,0.000868,-0.300000,0.000588,0.003311,0.000106,0.000004
-0.010153,0.007243,0.803146,-0.003842,0.004987,0.004385,0.999971,-0.246585,0.009660,0.007357,0.428330,-0.200003,0.007502,-0.233021,-0.012409,0.008514,0.403848,-0.188193,0.015439,-0.000428,0.001064,0.300000,-0.000526,0.003265,-0.000105,0.000868,-0.300000,0.000588,0.003311,0.000106,0.000004
-0.010183,0.007234,0.803148,-0.003840,0.004983,0.004407,0.999971,-0.246640,0.009716,0.007467,0.428325,-0.199939,0.007472,-0.233033,-0.012447,0.008417,0.403837,-0.188162,0.015450,-0.000428,0.001060,0.300000,-0.000526,0.003266,-0.000105,0.000868,-0.300000,0.000588,0.003312,0.000106,0.000004
-0.010212,0.007225,0.803150,-0.003838,0.004980,0.004430,0.999971,-0.246695,0.009772,0.007577,0.428320,-0.199876,0.007443,-0.233046,-0.012485,0.008320,0.403825,-0.188131,0.015461,-0.000428,0.001057,0.300000,-0.000526,0.003267,-0.000105,0.000868,-0.300000,0.000588,0.003313,0.000106,0.000004
-0.010242,0.007217,0.803152,-0.003836,0.004976,0.004452,0.999970,-0.246750,0.009828,0.007685,0.428316,-0.199813,0.007413,-0.233058,-0.012522,0.008224,0.403814,-0.188100,0.015472,-0.000427,0.001053,0.300000,-0.000526,0.003268,-0.000105,0.000868,-0.300000,0.000588,0.003314,0.000106,0.000004
-0.010271,0.007208,0.803154,-0.003834,0.004972,0.004475,0.999970,-0.246804,0.009884,0.007793,0.428311,-0.199750,0.007383,-0.233070,-0.012560,0.008128,0.403803,-0.188070,0.015483,-0.000427,0.001050,0.300000,-0.000526,0.003269,-0.000105,0.000868,-0.300000,0.000588,0.003314,0.000106,0.000004
-0.010300,0.007199,0.803156,-0.003832,0.004969,0.004497,0.999970,-0.246858,0.009939,0.007901,0.428307,-0.199688,0.007354,-0.233081,-0.012597,0.008033,0.403792,-0.188040,0.015494,-0.000427,0.001047,0.300000,-0.000526,0.003270,-0.000105,0.000868,-0.300000,0.000588,0.003315,0.000106,0.000004
-0.010328,0.007190,0.803159,-0.003830,0.004965,0.004520,0.999970,-0.246912,0.009995,0.008007,0.428302,-0.199626,0.007324,-0.233092,-0.012634,0.007939,0.403780,-0.188010,0.015505,-0.000427,0.001044,0.300000,-0.000527,0.003270,-0.000105,0.000868,-0.300000,0.000588,0.003316,0.000106,0.000004
-0.010356,0.007182,0.803161,-0.003828,0.004962,0.004542,0.999970,-0.246965,0.010050,0.008114,0.428298,-0.199564,0.007294,-0.233103,-0.012671,0.007845,0.403769,-0.187981,0.015516,-0.000427,0.001041,0.300000,-0.000527,0.003271,-0.000105,0.000868,-0.300000,0.000588,0.003316,0.000106,0.000004
-0.010384,0.007173,0.803163,-0.003826,0.004958,0.004565,0.999970,-0.247019,0.010106,0.008219,0.428294,-0.199503,0.007265,-0.233113,-0.012708,0.007752,0.403758,-0.187952,0.015527,-0.000427,0.001038,0.300000,-0.000527,0.003272,-0.000105,0.000868,-0.300000,0.000588,0.003317,0.000106,0.000004
-0.010412,0.007164,0.803165,-0.003824,0.004955,0.004587,0.999970,-0.247072,0.010161,0.008324,0.428290,-0.199442,0.007235,-0.233123,-0.012744,0.007659,0.403746,-0.187923,0.015538,-0.000427,0.001035,0.300000,-0.000527,0.003273,-0.000105,0.000868,-0.300000,0.000588,0.003318,0.000106,0.000004
-0.010440,0.007156,0.803166,-0.003822,0.004951,0.004610,0.999970,-0.247125,0.010216,0.008429,0.428286,-0.199382,0.007206,-0.233133,-0.012780,0.007567,0.403735,-0.187895,0.015549,-0.000427,0.001032,0.300000,-0.000527,0.003274,-0.000105,0.000869,-0.300000,0.000588,0.003318,0.000106,0.000004
-0.010467,0.007147,0.803169,-0.003821,0.004948,0.004633,0.999970,-0.247177,0.010271,0.008533,0.428282,-0.199322,0.007176,-0.233143,-0.012817,0.007475,0.403724,-0.187867,0.015560,-0.000426,0.001029,0.300000,-0.000527,0.003275,-0.000105,0.000869,-0.300000,0.000588,0.003319,0.000107,0.000004
-0.010494,0.007138,0.803170,-0.003819,0.004944,0.004655,0.999970,-0.247230,0.010326,0.008636,0.428279,-0.199262,0.007146,-0.233152,-0.012853,0.007384,0.403712,-0.187840,0.015571,-0.000426,0.001026,0.300000,-0.000527,0.003275,-0.000105,0.000869,-0.300000,0.000588,0.003320,0.000107,0.000004
-0.010521,0.007129,0.803172,-0.003817,0.004941,0.004678,0.999970,-0.247282,0.010381,0.008739,0.428275,-0.199203,0.007117,-0.233160,-0.012888,0.007294,0.403701,-0.187813,0.015582,-0.000426,0.001023,0.300000,-0.000527,0.003276,-0.000105,0.000869,-0.300000,0.000588,0.003320,0.000107,0.000004
-0.010547,0.007121,0.803174,-0.003815,0.004938,0.004701,0.999970,-0.247334,0.010436,0.008841,0.428272,-0.199144,0.007087,-0.233168,-0.012924,0.007204,0.403690,-0.187786,0.015593,-0.000426,0.001021,0.300000,-0.000527,0.003277,-0.000105,0.000869,-0.300000,0.000588,0.003321,0.000107,0.000004
-0.010574,0.007112,0.803176,-0.003813,0.004935,0.004723,0.999969,-0.247385,0.010490,0.008942,0.428268,-0.199085,0.007057,-0.233176,-0.012960,0.007114,0.403678,-0.187760,0.015604,-0.000426,0.001018,0.300000,-0.000527,0.003278,-0.000105,0.000869,-0.300000,0.000588,0.003321,0.000107,0.000004
-0.010600,0.007103,0.803178,-0.003812,0.004931,0.004746,0.999969,-0.247437,0.010545,0.009043,0.428265,-0.199027,0.007028,-0.233184,-0.012995,0.007025,0.403667,-0.187734,0.015615,-0.000426,0.001015,0.300000,-0.000527,0.003279,-0.000105,0.000869,-0.300000,0.000588,0.003322,0.000107,0.000004
-0.010625,0.007095,0.803180,-0.003810,0.004928,0.004768,0.999969,-0.247488,0.010599,0.009144,0.428262,-0.198969,0.006998,-0.233191,-0.013030,0.006937,0.403655,-0.187709,0.015626,-0.000426,0.001013,0.300000,-0.000527,0.003279,-0.000105,0.000870,-0.300000,0.000588,0.003323,0.000107,0.000004
-0.010651,0.007086,0.803182,-0.003808,0.004925,0.004791,0.999969,-0.247539,0.010654,0.009244,0.428258,-0.198911,0.006968,-0.233198,-0.013065,0.006849,0.403644,-0.187684,0.015637,-0.000425,0.001010,0.300000,-0.000527,0.003280,-0.000105,0.000870,-0.300000,0.000587,0.003323,0.000107,0.000004
-0.010676,0.007077,0.803184,-0.003807,0.004922,0.004814,0.999969,-0.247589,0.010708,0.009343,0.428255,-0.198854,0.006939,-0.233205,-0.013100,0.006762,0.403632,-0.187659,0.015648,-0.000425,0.001008,0.300000,-0.000527,0.003281,-0.000105,0.000870,-0.300000,0.000587,0.003324,0.000107,0.000004
-0.010701,0.007068,0.803185,-0.003805,0.004919,0.004837,0.999969,-0.247640,0.010762,0.009442,0.428252,-0.198798,0.006909,-0.233211,-0.013135,0.006675,0.403621,-0.187634,0.015659,-0.000425,0.001006,0.300000,-0.000527,0.003281,-0.000106,0.000870,-0.300000,0.000587,0.003324,0.000107,0.000004
-0.010726,0.007060,0.803187,-0.003803,0.004915,0.004859,0.999969,-0.247690,0.010816,0.009540,0.428249,-0.198741,0.006880,-0.233217,-0.013169,0.006589,0.403609,-0.187610,0.015670,-0.000425,0.001003,0.300000,-0.000527,0.003282,-0.000106,0.000870,-0.300000,0.000587,0.003325,0.000107,0.000004
-0.010751,0.007051,0.803189,-0.003802,0.004912,0.004882,0.999969,-0.247740,0.010870,0.009638,0.428247,-0.198685,0.006850,-0.233223,-0.013203,0.006503,0.403597,-0.187586,0.015681,-0.000425,0.001001,0.300000,-0.000528,0.003283,-0.000106,0.000871,-0.300000,0.000587,0.003325,0.000107,0.000004
-0.010775,0.007042,0.803191,-0.003800,0.004909,0.004905,0.999969,-0.247790,0.010924,0.009735,0.428244,-0.198629,0.006820,-0.233229,-0.013238,0.006418,0.403586,-0.187563,0.015692,-0.000425,0.000999,0.300000,-0.000528,0.003283,-0.000106,0.000871,-0.300000,0.000587,0.003326,0.000107,0.000004
-0.010800,0.007034,0.803192,-0.003799,0.004906,0.004928,0.999969,-0.247839,0.010977,0.009831,0.428241,-0.198574,0.006791,-0.233234,-0.013272,0.006333,0.403574,-0.187539,0.015703,-0.000425,0.000996,0.300000,-0.000528,0.003284,-0.000106,0.000871,-0.300000,0.000587,0.003326,0.000107,0.000004
-0.010824,0.007025,0.803194,-0.003797,0.004903,0.004951,0.999969,-0.247889,0.011031,0.009927,0.428239,-0.198519,0.006761,-0.233238,-0.013305,0.006249,0.403562,-0.187517,0.015714,-0.000425,0.000994,0.300000,-0.000528,0.003285,-0.000106,0.000871,-0.300000,0.000587,0.003327,0.000107,0.000004
-0.010847,0.007016,0.803196,-0.003795,0.004900,0.004974,0.999968,-0.247938,0.011085,0.010023,0.428236,-0.198464,0.006731,-0.233243,-0.013339,0.006165,0.403551,-0.187494,0.015726,-0.000424,0.000992,0.300000,-0.000528,0.003285,-0.000106,0.000872,-0.300000,0.000587,0.003327,0.000107,0.000004
-0.010871,0.007008,0.803198,-0.003794,0.004897,0.004997,0.999968,-0.247987,0.011138,0.010118,0.428234,-0.198409,0.006702,-0.233247,-0.013373,0.006082,0.403539,-0.187472,0.015737,-0.000424,0.000990,0.300000,-0.000528,0.003286,-0.000106,0.000872,-0.300000,0.000587,0.003328,0.000107,0.000004
-0.010894,0.006999,0.803199,-0.003792,0.004894,0.005019,0.999968,-0.248035,0.011192,0.010212,0.428231,-0.198355,0.006672,-0.233251,-0.013406,0.005999,0.403527,-0.187450,0.015748,-0.000424,0.000988,0.300000,-0.000528,0.003286,-0.000106,0.000872,-0.300000,0.000587,0.003328,0.000107,0.000004
-0.010917,0.006991,0.803201,-0.003791,0.004891,0.005042,0.999968,-0.248084,0.011245,0.010306,0.428229,-0.198301,0.006643,-0.233254,-0.013439,0.005917,0.403515,-0.187428,0.015759,-0.000424,0.000986,0.300000,-0.000528,0.003287,-0.000106,0.000872,-0.300000,0.000587,0.003329,0.000107,0.000004
-0.010940,0.006982,0.803203,-0.003789,0.004888,0.005065,0.999968,-0.248132,0.011298,0.010399,0.428227,-0.198248,0.006613,-0.233257,-0.013472,0.005835,0.403504,-0.187407,0.015770,-0.000424,0.000984,0.300000,-0.000528,0.003288,-0.000106,0.000873,-0.300000,0.000587,0.003329,0.000107,0.000004
-0.010963,0.006973,0.803204,-0.003788,0.004885,0.005088,0.999968,-0.248180,0.011351,0.010492,0.428225,-0.198195,0.006583,-0.233260,-0.013505,0.005754,0.403492,-0.187386,0.015781,-0.000424,0.000982,0.300000,-0.000528,0.003288,-0.000106,0.000873,-0.300000,0.000587,0.003329,0.000107,0.000004
-0.010986,0.006965,0.803206,-0.003786,0.004883,0.005111,0.999968,-0.248228,0.011404,0.010585,0.428223,-0.198142,0.006554,-0.233263,-0.013538,0.005673,0.403480,-0.187365,0.015792,-0.000424,0.000980,0.300000,-0.000528,0.003289,-0.000106,0.000873,-0.300000,0.000587,0.003330,0.000107,0.000004
-0.011008,0.006956,0.803208,-0.003785,0.004880,0.005134,0.999968,-0.248275,0.011457,0.010676,0.428221,-0.198089,0.006524,-0.233265,-0.013571,0.005593,0.403468,-0.187345,0.015803,-0.000423,0.000979,0.300000,-0.000528,0.003289,-0.000106,0.000874,-0.300000,0.000587,0.003330,0.000107,0.000004
-0.011030,0.006948,0.803209,-0.003784,0.004877,0.005157,0.999968,-0.248323,0.011510,0.010768,0.428219,-0.198037,0.006495,-0.233267,-0.013603,0.005513,0.403456,-0.187325,0.015814,-0.000423,0.000977,0.300000,-0.000528,0.003290,-0.000106,0.000874,-0.300000,0.000587,0.003331,0.000107,0.000004
-0.011052,0.006939,0.803211,-0.003782,0.004874,0.005179,0.999968,-0.248370,0.011562,0.010858,0.428218,-0.197985,0.006465,-0.233269,-0.013635,0.005434,0.403444,-0.187305,0.015825,-0.000423,0.000975,0.300000,-0.000528,0.003290,-0.000106,0.000874,-0.300000,0.000587,0.003331,0.000107,0.000004
-0.011074,0.006930,0.803213,-0.003781,0.004871,0.005203,0.999968,-0.248417,0.011615,0.010949,0.428216,-0.197933,0.006435,-0.233270,-0.013668,0.005355,0.403432,-0.187286,0.015837,-0.000423,0.000973,0.300000,-0.000528,0.003291,-0.000106,0.000874,-0.300000,0.000587,0.003332,0.000107,0.000004
-0.011095,0.006922,0.803214,-0.003779,0.004868,0.005225,0.999967,-0.248463,0.011668,0.011038,0.428214,-0.197882,0.006406,-0.233271,-0.013700,0.005277,0.403420,-0.187266,0.015848,-0.000423,0.000972,0.300000,-0.000528,0.003291,-0.000106,0.000875,-0.300000,0.000587,0.003332,0.000107,0.000004
-0.011116,0.006913,0.803216,-0.003778,0.004866,0.005249,0.999967,-0.248510,0.011720,0.011128,0.428213,-0.197831,0.006376,-0.233272,-0.013732,0.005199,0.403408,-0.187247,0.015859,-0.000423,0.000970,0.300000,-0.000528,0.003292,-0.000106,0.000875,-0.300000,0.000587,0.003332,0.000107,0.000004
-0.011138,0.006905,0.803217,-0.003777,0.004863,0.005272,0.999967,-0.248556,0.011772,0.011216,0.428211,-0.197780,0.006347,-0.233273,-0.013763,0.005122,0.403396,-0.187229,0.015870,-0.000423,0.000968,0.300000,-0.000528,0.003292,-0.000106,0.000875,-0.300000,0.000587,0.003333,0.000107,0.000004
-0.011159,0.006896,0.803219,-0.003776,0.004860,0.005295,0.999967,-0.248602,0.011824,0.011305,0.428210,-0.197730,0.006317,-0.233273,-0.013795,0.005045,0.403384,-0.187210,0.015881,-0.000422,0.000967,0.300000,-0.000528,0.003293,-0.000106,0.000876,-0.300000,0.000586,0.003333,0.000107,0.000004
-0.011179,0.006887,0.803220,-0.003774,0.004858,0.005318,0.999967,-0.248648,0.011877,0.011393,0.428208,-0.197679,0.006287,-0.233273,-0.013826,0.004969,0.403372,-0.187192,0.015892,-0.000422,0.000965,0.300000,-0.000529,0.003293,-0.000106,0.000876,-0.300000,0.000586,0.003333,0.000107,0.000004
-0.011200,0.006879,0.803222,-0.003773,0.004855,0.005341,0.999967,-0.248694,0.011929,0.011480,0.428207,-0.197630,0.006258,-0.233273,-0.013858,0.004893,0.403360,-0.187175,0.015904,-0.000422,0.000964,0.300000,-0.000529,0.003294,-0.000106,0.000876,-0.300000,0.000586,0.003334,0.000107,0.000004
-0.011220,0.006870,0.803223,-0.003772,0.004852,0.005364,0.999967,-0.248740,0.011981,0.011567,0.428206,-0.197580,0.006228,-0.233272,-0.013889,0.004817,0.403348,-0.187157,0.015915,-0.000422,0.000962,0.300000,-0.000529,0.003294,-0.000106,0.000877,-0.300000,0.000586,0.003334,0.000107,0.000004
-0.011240,0.006862,0.803225,-0.003770,0.004850,0.005387,0.999967,-0.248785,0.012033,0.011653,0.428205,-0.197531,0.006199,-0.233271,-0.013920,0.004742,0.403336,-0.187140,0.015926,-0.000422,0.000961,0.300000,-0.000529,0.003295,-0.000106,0.000877,-0.300000,0.000586,0.003335,0.000107,0.000004
-0.011260,0.006853,0.803226,-0.003769,0.004847,0.005410,0.999966,-0.248830,0.012084,0.011739,0.428204,-0.197482,0.006169,-0.233270,-0.013951,0.004668,0.403323,-0.187123,0.015937,-0.000422,0.000960,0.300000,-0.000529,0.003295,-0.000106,0.000878,-0.300000,0.000586,0.003335,0.000107,0.000004
-0.011280,0.006845,0.803228,-0.003768,0.004844,0.005433,0.999966,-0.248875,0.012136,0.011824,0.428203,-0.197433,0.006140,-0.233269,-0.013982,0.004594,0.403311,-0.187106,0.015948,-0.000422,0.000958,0.300000,-0.000529,0.003296,-0.000106,0.000878,-0.300000,0.000586,0.003335,0.000107,0.000004
-0.011300,0.006836,0.803229,-0.003767,0.004842,0.005456,0.999966,-0.248920,0.012188,0.011909,0.428202,-0.197384,0.006110,-0.233267,-0.014012,0.004520,0.403299,-0.187090,0.015960,-0.000421,0.000957,0.300000,-0.000529,0.003296,-0.000106,0.000878,-0.300000,0.000586,0.003336,0.000107,0.000004
-0.011319,0.006828,0.803231,-0.003766,0.004839,0.005479,0.999966,-0.248964,0.012239,0.011993,0.428201,-0.197336,0.006081,-0.233265,-0.014043,0.004447,0.403287,-0.187074,0.015971,-0.000421,0.000956,0.300000,-0.000529,0.003297,-0.000106,0.000879,-0.300000,0.000586,0.003336,0.000107,0.000004
-0.011338,0.006819,0.803232,-0.003764,0.004837,0.005502,0.999966,-0.249009,0.012290,0.012077,0.428200,-0.197288,0.006051,-0.233263,-0.014073,0.004374,0.403274,-0.187058,0.015982,-0.000421,0.000954,0.300000,-0.000529,0.003297,-0.000106,0.000879,-0.300000,0.000586,0.003336,0.000107,0.000004
-0.011357,0.006811,0.803234,-0.003763,0.004834,0.005525,0.999966,-0.249053,0.012342,0.012161,0.428199,-0.197240,0.006021,-0.233261,-0.014103,0.004302,0.403262,-0.187042,0.015993,-0.000421,0.000953,0.300000,-0.000529,0.003297,-0.000106,0.000879,-0.300000,0.000586,0.003337,0.000107,0.000004
-0.011376,0.006802,0.803235,-0.003762,0.004832,0.005549,0.999966,-0.249097,0.012393,0.012244,0.428199,-0.197193,0.005992,-0.233258,-0.014133,0.004230,0.403250,-0.187027,0.016005,-0.000421,0.000952,0.300000,-0.000529,0.003298,-0.000106,0.000880,-0.300000,0.000586,0.003337,0.000107,0.000004
-0.011395,0.006794,0.803237,-0.003761,0.004829,0.005572,0.999966,-0.249141,0.012444,0.012326,0.428198,-0.197146,0.005962,-0.233255,-0.014163,0.004159,0.403237,-0.187012,0.016016,-0.000421,0.000951,0.300000,-0.000529,0.003298,-0.000106,0.000880,-0.300000,0.000586,0.003337,0.000107,0.000004
-0.011414,0.006785,0.803238,-0.003760,0.004827,0.005595,0.999966,-0.249185,0.012495,0.012408,0.428197,-0.197099,0.005933,-0.233252,-0.014193,0.004088,0.403225,-0.186997,0.016027,-0.000421,0.000949,0.300000,-0.000529,0.003299,-0.000106,0.000880,-0.300000,0.000586,0.003337,0.000107,0.000004
-0.011432,0.006777,0.803239,-0.003759,0.004824,0.005618,0.999966,-0.249228,0.012546,0.012490,0.428197,-0.197052,0.005903,-0.233249,-0.014223,0.004017,0.403212,-0.186983,0.016039,-0.000420,0.000948,0.300000,-0.000529,0.003299,-0.000106,0.000881,-0.300000,0.000586,0.003338,0.000107,0.000004
-0.011450,0.006768,0.803241,-0.003758,0.004822,0.005641,0.999965,-0.249271,0.012597,0.012571,0.428197,-0.197006,0.005874,-0.233245,-0.014253,0.003947,0.403200,-0.186968,0.016050,-0.000420,0.000947,0.300000,-0.000529,0.003299,-0.000106,0.000881,-0.300000,0.000586,0.003338,0.000107,0.000004
-0.011468,0.006760,0.803242,-0.003757,0.004820,0.005665,0.999965,-0.249314,0.012648,0.012651,0.428196,-0.196960,0.005844,-0.233241,-0.014282,0.003878,0.403187,-0.186954,0.016061,-0.000420,0.000946,0.300000,-0.000529,0.003300,-0.000106,0.000882,-0.300000,0.000586,0.003338,0.000107,0.000004
-0.011486,0.006752,0.803243,-0.003755,0.004817,0.005688,0.999965,-0.249357,0.012699,0.012732,0.428196,-0.196914,0.005815,-0.233237,-0.014311,0.003809,0.403175,-0.186941,0.016073,-0.000420,0.000945,0.300000,-0.000529,0.003300,-0.000106,0.000882,-0.300000,0.000586,0.003339,0.000107,0.000004
-0.011504,0.006743,0.803245,-0.003754,0.004815,0.005711,0.999965,-0.249400,0.012749,0.012811,0.428196,-0.196868,0.005785,-0.233232,-0.014340,0.003740,0.403162,-0.186927,0.016084,-0.000420,0.000944,0.300000,-0.000529,0.003301,-0.000106,0.000882,-0.300000,0.000586,0.003339,0.000107,0.000004
-0.011521,0.006735,0.803246,-0.003753,0.004813,0.005734,0.999965,-0.249443,0.012800,0.012891,0.428195,-0.196823,0.005756,-0.233228,-0.014370,0.003672,0.403150,-0.186914,0.016095,-0.000420,0.000943,0.300000,-0.000529,0.003301,-0.000106,0.000883,-0.300000,0.000586,0.003339,0.000107,0.000004
-0.011538,0.006726,0.803247,-0.003752,0.004810,0.005758,0.999965,-0.249485,0.012850,0.012970,0.428195,-0.196778,0.005726,-0.233223,-0.014398,0.003604,0.403137,-0.186901,0.016107,-0.000420,0.000942,0.300000,-0.000529,0.003301,-0.000106,0.000883,-0.300000,0.000586,0.003339,0.000107,0.000004
-0.011556,0.006718,0.803249,-0.003751,0.004808,0.005781,0.999965,-0.249528,0.012900,0.013048,0.428195,-0.196733,0.005697,-0.233218,-0.014427,0.003536,0.403124,-0.186888,0.016118,-0.000420,0.000941,0.300000,-0.000529,0.003302,-0.000106,0.000884,-0.300000,0.000586,0.003340,0.000107,0.000004
-0.011573,0.006710,0.803250,-0.003750,0.004806,0.005804,0.999965,-0.249570,0.012951,0.013126,0.428195,-0.196688,0.005667,-0.233212,-0.014456,0.003469,0.403112,-0.186875,0.016129,-0.000419,0.000940,0.300000,-0.000529,0.003302,-0.000106,0.000884,-0.300000,0.000586,0.003340,0.000107,0.000004
-0.011589,0.006701,0.803251,-0.003749,0.004804,0.005828,0.999965,-0.249612,0.013001,0.013203,0.428195,-0.196644,0.005638,-0.233207,-0.014485,0.003403,0.403099,-0.186863,0.016141,-0.000419,0.000939,0.300000,-0.000529,0.003302,-0.000106,0.000884,-0.300000,0.000586,0.003340,0.000107,0.000004
-0.011606,0.006693,0.803253,-0.003748,0.004801,0.005851,0.999964,-0.249653,0.013051,0.013281,0.428195,-0.196600,0.005608,-0.233201,-0.014513,0.003337,0.403086,-0.186851,0.016152,-0.000419,0.000938,0.300000,-0.000529,0.003303,-0.000106,0.000885,-0.300000,0.000586,0.003341,0.000107,0.000004
-0.011623,0.006684,0.803254,-0.003747,0.004799,0.005874,0.999964,-0.249695,0.013101,0.013357,0.428195,-0.196556,0.005579,-0.233195,-0.014541,0.003271,0.403073,-0.186839,0.016164,-0.000419,0.000937,0.300000,-0.000529,0.003303,-0.000106,0.000885,-0.300000,0.000586,0.003341,0.000107,0.000004
-0.011639,0.006676,0.803255,-0.003747,0.004797,0.005898,0.999964,-0.249736,0.013151,0.013434,0.428196,-0.196512,0.005549,-0.233188,-0.014570,0.003205,0.403061,-0.186827,0.016175,-0.000419,0.000937,0.300000,-0.000529,0.003303,-0.000106,0.000886,-0.300000,0.000586,0.003341,0.000107,0.000004
-0.011655,0.006668,0.803256,-0.003746,0.004795,0.005921,0.999964,-0.249778,0.013201,0.013509,0.428196,-0.196469,0.005520,-0.233182,-0.014598,0.003140,0.403048,-0.186816,0.016186,-0.000419,0.000936,0.300000,-0.000530,0.003304,-0.000106,0.000886,-0.300000,0.000585,0.003341,0.000107,0.000004
-0.011671,0.006659,0.803258,-0.003745,0.004793,0.005944,0.999964,-0.249819,0.013250,0.013585,0.428196,-0.196426,0.005490,-0.233175,-0.014626,0.003076,0.403035,-0.186805,0.016198,-0.000419,0.000935,0.300000,-0.000530,0.003304,-0.000106,0.000887,-0.300000,0.000585,0.003342,0.000107,0.000004
-0.011687,0.006651,0.803259,-0.003744,0.004790,0.005968,0.999964,-0.249860,0.013300,0.013660,0.428196,-0.196383,0.005461,-0.233168,-0.014653,0.003012,0.403022,-0.186794,0.016209,-0.000418,0.000934,0.300000,-0.000530,0.003304,-0.000106,0.000887,-0.300000,0.000585,0.003342,0.000107,0.000004
-0.011703,0.006643,0.803260,-0.003743,0.004788,0.005991,0.999964,-0.249901,0.013350,0.013734,0.428197,-0.196340,0.005432,-0.233161,-0.014681,0.002948,0.403009,-0.186783,0.016221,-0.000418,0.000933,0.300000,-0.000530,0.003305,-0.000106,0.000887,-0.300000,0.000585,0.003342,0.000107,0.000004
-0.011718,0.006634,0.803261,-0.003742,0.004786,0.006014,0.999963,-0.249941,0.013399,0.013808,0.428197,-0.196297,0.005402,-0.233153,-0.014709,0.002885,0.402996,-0.186773,0.016232,-0.000418,0.000933,0.300000,-0.000530,0.003305,-0.000106,0.000888,-0.300000,0.000585,0.003342,0.000107,0.000004
-0.011734,0.006626,0.803263,-0.003741,0.004784,0.006037,0.999963,-0.249982,0.013449,0.013882,0.428198,-0.196255,0.005373,-0.233145,-0.014736,0.002822,0.402983,-0.186762,0.016244,-0.000418,0.000932,0.300000,-0.000530,0.003305,-0.000106,0.000888,-0.300000,0.000585,0.003343,0.000107,0.000004
-0.011749,0.006618,0.803264,-0.003740,0.004782,0.006061,0.999963,-0.250022,0.013498,0.013955,0.428198,-0.196213,0.005343,-0.233138,-0.014764,0.002759,0.402970,-0.186752,0.016255,-0.000418,0.000931,0.300000,-0.000530,0.003305,-0.000106,0.000889,-0.300000,0.000585,0.003343,0.000107,0.000004
-0.011764,0.006610,0.803265,-0.003739,0.004780,0.006084,0.999963,-0.250062,0.013547,0.014028,0.428199,-0.196171,0.005314,-0.233129,-0.014791,0.002697,0.402957,-0.186742,0.016267,-0.000418,0.000930,0.300000,-0.000530,0.003306,-0.000106,0.000889,-0.300000,0.000585,0.003343,0.000107,0.000004
-0.011779,0.006601,0.803266,-0.003739,0.004778,0.006108,0.999963,-0.250102,0.013596,0.014101,0.428200,-0.196130,0.005284,-0.233121,-0.014818,0.002636,0.402944,-0.186733,0.016278,-0.000418,0.000930,0.300000,-0.000530,0.003306,-0.000106,0.000889,-0.300000,0.000585,0.003343,0.000107,0.000004
-0.011794,0.006593,0.803267,-0.003738,0.004776,0.006131,0.999963,-0.250142,0.013645,0.014173,0.428200,-0.196088,0.005255,-0.233113,-0.014845,0.002574,0.402931,-0.186723,0.016290,-0.000418,0.000929,0.300000,-0.000530,0.003306,-0.000106,0.000890,-0.300000,0.000585,0.003343,0.000107,0.000004
-0.011809,0.006585,0.803269,-0.003737,0.004774,0.006155,0.999963,-0.250182,0.013694,0.014244,0.428201,-0.196047,0.005226,-0.233104,-0.014872,0.002513,0.402918,-0.186714,0.016302,-0.000417,0.000928,0.300000,-0.000530,0.003307,-0.000106,0.000890,-0.300000,0.000585,0.003344,0.000107,0.000004
-0.011823,0.006576,0.803270,-0.003736,0.004772,0.006178,0.999963,-0.250222,0.013743,0.014316,0.428202,-0.196006,0.005196,-0.233095,-0.014899,0.002453,0.402905,-0.186705,0.016313,-0.000417,0.000928,0.300000,-0.000530,0.003307,-0.000106,0.000891,-0.300000,0.000585,0.003344,0.000107,0.000004
-0.011838,0.006568,0.803271,-0.003735,0.004770,0.006201,0.999962,-0.250261,0.013792,0.014387,0.428203,-0.195965,0.005167,-0.233086,-0.014926,0.002393,0.402892,-0.186696,0.016325,-0.000417,0.000927,0.300000,-0.000530,0.003307,-0.000106,0.000891,-0.300000,0.000585,0.003344,0.000107,0.000004
-0.011852,0.006560,0.803272,-0.003735,0.004768,0.006225,0.999962,-0.250300,0.013841,0.014457,0.428204,-0.195925,0.005138,-0.233076,-0.014952,0.002333,0.402879,-0.186688,0.016336,-0.000417,0.000927,0.300000,-0.000530,0.003307,-0.000106,0.000892,-0.300000,0.000585,0.003344,0.000107,0.000004
-0.011866,0.006552,0.803273,-0.003734,0.004766,0.006249,0.999962,-0.250340,0.013890,0.014527,0.428205,-0.195885,0.005108,-0.233067,-0.014979,0.002274,0.402866,-0.186680,0.016348,-0.000417,0.000926,0.300000,-0.000530,0.003308,-0.000106,0.000892,-0.300000,0.000585,0.003345,0.000107,0.000004
-0.011880,0.006544,0.803274,-0.003733,0.004764,0.006272,0.999962,-0.250379,0.013938,0.014597,0.428206,-0.195845,0.005079,-0.233057,-0.015005,0.002215,0.402852,-0.186671,0.016360,-0.000417,0.000925,0.300000,-0.000530,0.003308,-0.000106,0.000892,-0.300000,0.000585,0.003345,0.000107,0.000004
-0.011894,0.006535,0.803275,-0.003732,0.004762,0.006296,0.999962,-0.250418,0.013987,0.014666,0.428207,-0.195805,0.005049,-0.233047,-0.015031,0.002156,0.402839,-0.186663,0.016371,-0.000417,0.000925,0.300000,-0.000530,0.003308,-0.000106,0.000893,-0.300000,0.000585,0.003345,0.000107,0.000004
-0.011908,0.006527,0.803277,-0.003732,0.004760,0.006319,0.999962,-0.250456,0.014035,0.014735,0.428208,-0.195765,0.005020,-0.233037,-0.015058,0.002098,0.402826,-0.186656,0.016383,-0.000417,0.000924,0.300000,-0.000530,0.003309,-0.000106,0.000893,-0.300000,0.000585,0.003345,0.000107,0.000004
-0.011921,0.006519,0.803278,-0.003731,0.004758,0.006342,0.999962,-0.250495,0.014083,0.014803,0.428209,-0.195725,0.004991,-0.233027,-0.015084,0.002040,0.402813,-0.186648,0.016395,-0.000416,0.000924,0.300000,-0.000530,0.003309,-0.000106,0.000894,-0.300000,0.000585,0.003345,0.000107,0.000004
-0.011935,0.006511,0.803279,-0.003730,0.004757,0.006366,0.999961,-0.250533,0.014132,0.014872,0.428210,-0.195686,0.004961,-0.233016,-0.015110,0.001983,0.402799,-0.186641,0.016406,-0.000416,0.000923,0.300000,-0.000530,0.003309,-0.000106,0.000894,-0.300000,0.000585,0.003346,0.000107,0.000004
-0.011948,0.006503,0.803280,-0.003730,0.004755,0.006389,0.999961,-0.250572,0.014180,0.014939,0.428212,-0.195647,0.004932,-0.233005,-0.015136,0.001926,0.402786,-0.186634,0.016418,-0.000416,0.000923,0.300000,-0.000530,0.003309,-0.000106,0.000895,-0.300000,0.000585,0.003346,0.000107,0.000004
-0.011961,0.006495,0.803281,-0.003729,0.004753,0.006413,0.999961,-0.250610,0.014228,0.015007,0.428213,-0.195608,0.004903,-0.232994,-0.015161,0.001869,0.402773,-0.186627,0.016430,-0.000416,0.000922,0.300000,-0.000530,0.003310,-0.000106,0.000895,-0.300000,0.000585,0.003346,0.000107,0.000004
-0.011974,0.006486,0.803282,-0.003728,0.004751,0.006437,0.999961,-0.250648,0.014276,0.015074,0.428214,-0.195570,0.004873,-0.232983,-0.015187,0.001813,0.402759,-0.186620,0.016441,-0.000416,0.000922,0.300000,-0.000530,0.003310,-0.000106,0.000895,-0.300000,0.000585,0.003346,0.000107,0.000004
-0.011987,0.006478,0.803283,-0.003728,0.004749,0.006460,0.999961,-0.250686,0.014324,0.015140,0.428216,-0.195531,0.004844,-0.232972,-0.015213,0.001757,0.402746,-0.186613,0.016453,-0.000416,0.000921,0.300000,-0.000530,0.003310,-0.000106,0.000896,-0.300000,0.000585,0.003346,0.000107,0.000004
-0.012000,0.006470,0.803284,-0.003727,0.004748,0.006484,0.999961,-0.250724,0.014372,0.015206,0.428217,-0.195493,0.004815,-0.232960,-0.015238,0.001701,0.402733,-0.186607,0.016465,-0.000416,0.000921,0.300000,-0.000530,0.003310,-0.000106,0.000896,-0.300000,0.000585,0.003346,0.000107,0.000004
-0.012012,0.006462,0.803285,-0.003726,0.004746,0.006507,0.999961,-0.250762,0.014420,0.015272,0.428219,-0.195455,0.004786,-0.232949,-0.015263,0.001646,0.402719,-0.186601,0.016477,-0.000416,0.000921,0.300000,-0.000530,0.003311,-0.000106,0.000897,-0.300000,0.000585,0.003347,0.000107,0.000004
-0.012025,0.006454,0.803286,-0.003726,0.004744,0.006530,0.999960,-0.250799,0.014467,0.015338,0.428220,-0.195417,0.004756,-0.232937,-0.015289,0.001591,0.402706,-0.186595,0.016488,-0.000415,0.000920,0.300000,-0.000530,0.003311,-0.000106,0.000897,-0.300000,0.000585,0.003347,0.000107,0.000004
-0.012037,0.006446,0.803287,-0.003725,0.004742,0.006554,0.999960,-0.250837,0.014515,0.015403,0.428222,-0.195379,0.004727,-0.232925,-0.015314,0.001536,0.402692,-0.186589,0.016500,-0.000415,0.000920,0.300000,-0.000530,0.003311,-0.000106,0.000898,-0.300000,0.000585,0.003347,0.000107,0.000004
-0.012050,0.006438,0.803288,-0.003724,0.004741,0.006578,0.999960,-0.250874,0.014562,0.015468,0.428223,-0.195342,0.004698,-0.232912,-0.015339,0.001482,0.402679,-0.186583,0.016512,-0.000415,0.000919,0.300000,-0.000530,0.003311,-0.000106,0.000898,-0.300000,0.000585,0.003347,0.000107,0.000004
-0.012062,0.006430,0.803289,-0.003724,0.004739,0.006601,0.999960,-0.250911,0.014610,0.015532,0.428225,-0.195304,0.004669,-0.232900,-0.015364,0.001428,0.402665,-0.186578,0.016524,-0.000415,0.000919,0.300000,-0.000530,0.003311,-0.000106,0.000898,-0.300000,0.000585,0.003347,0.000107,0.000004
-0.012074,0.006422,0.803290,-0.003723,0.004737,0.006625,0.999960,-0.250948,0.014657,0.015596,0.428227,-0.195267,0.004639,-0.232887,-0.015389,0.001375,0.402652,-0.186573,0.016536,-0.000415,0.000919,0.094283,-0.000530,0.003312,-0.000106,0.000899,-0.093338,0.000585,0.003348,0.000107,0.000004
