-0.227102,0.171687,0.802953,-0.006038,0.003827,-0.007104,0.999949,-0.309157,0.056696,-0.032797,0.442324,-0.153236,-0.039306,-0.224424,0.010202,0.025075,0.397675,-0.187693,0.001510,0.007815,0.002219,0.300000,-0.000515,0.003532,-0.000107,0.002716,-0.300000,0.000603,0.003384,0.000107,0.000010
-0.226972,0.171791,0.802949,0.006017,-0.003894,0.007142,-0.999949,-0.309128,0.056655,-0.032325,0.442387,-0.153428,-0.039180,-0.224432,0.009956,0.025000,0.397743,-0.187887,0.001700,0.007701,0.002201,0.300000,-0.000514,0.003526,-0.000107,0.002692,-0.300000,0.000604,0.003382,0.000107,0.000009
-0.226848,0.171894,0.802945,0.005998,-0.003955,0.007178,-0.999948,-0.309096,0.056615,-0.031857,0.442450,-0.153614,-0.039054,-0.224434,0.009710,0.024922,0.397810,-0.188076,0.001888,0.007589,0.002183,0.300000,-0.000514,0.003519,-0.000107,0.002667,-0.300000,0.000604,0.003381,0.000107,0.000009
-0.226730,0.171997,0.802941,0.005979,-0.004009,0.007214,-0.999948,-0.309060,0.056576,-0.031394,0.442514,-0.153793,-0.038929,-0.224431,0.009467,0.024841,0.397876,-0.188256,0.002076,0.007479,0.002165,0.300000,-0.000513,0.003512,-0.000107,0.002642,-0.300000,0.000604,0.003379,0.000107,0.000009
-0.226620,0.172100,0.802936,0.005962,-0.004055,0.007248,-0.999948,-0.309019,0.056538,-0.030935,0.442580,-0.153962,-0.038804,-0.224421,0.009225,0.024757,0.397943,-0.188428,0.002262,0.007370,0.002146,0.300000,-0.000513,0.003505,-0.000107,0.002617,-0.300000,0.000605,0.003377,0.000107,0.000009
-0.226519,0.172204,0.802932,0.005945,-0.004093,0.007282,-0.999947,-0.308975,0.056502,-0.030480,0.442646,-0.154122,-0.038679,-0.224407,0.008984,0.024671,0.398010,-0.188589,0.002448,0.007263,0.002128,0.300000,-0.000512,0.003499,-0.000107,0.002593,-0.300000,0.000605,0.003375,0.000107,0.000009
-0.226428,0.172307,0.802927,0.005929,-0.004123,0.007314,-0.999947,-0.308927,0.056466,-0.030029,0.442713,-0.154270,-0.038554,-0.224387,0.008745,0.024582,0.398078,-0.188740,0.002634,0.007157,0.002109,0.300000,-0.000512,0.003492,-0.000107,0.002568,-0.300000,0.000605,0.003373,0.000107,0.000009
-0.226347,0.172411,0.802922,0.005915,-0.004144,0.007345,-0.999947,-0.308875,0.056431,-0.029582,0.442781,-0.154408,-0.038428,-0.224363,0.008507,0.024490,0.398146,-0.188879,0.002819,0.007052,0.002091,0.300000,-0.000512,0.003486,-0.000107,0.002544,-0.300000,0.000605,0.003371,0.000107,0.000009
-0.226275,0.172515,0.802917,0.005901,-0.004157,0.007375,-0.999947,-0.308819,0.056397,-0.029139,0.442848,-0.154534,-0.038302,-0.224334,0.008270,0.024397,0.398215,-0.189007,0.003004,0.006949,0.002073,0.300000,-0.000511,0.003479,-0.000107,0.002520,-0.300000,0.000606,0.003368,0.000107,0.000009
-0.226212,0.172619,0.802912,0.005888,-0.004163,0.007404,-0.999947,-0.308761,0.056363,-0.028699,0.442916,-0.154650,-0.038175,-0.224302,0.008035,0.024302,0.398284,-0.189125,0.003188,0.006847,0.002055,0.300000,-0.000511,0.003473,-0.000107,0.002496,-0.300000,0.000606,0.003367,0.000107,0.000009
-0.226157,0.172723,0.802907,0.005876,-0.004162,0.007432,-0.999947,-0.308700,0.056330,-0.028263,0.442983,-0.154756,-0.038048,-0.224268,0.007800,0.024204,0.398354,-0.189233,0.003372,0.006747,0.002038,0.300000,-0.000511,0.003468,-0.000107,0.002473,-0.300000,0.000606,0.003365,0.000107,0.000008
-0.226109,0.172827,0.802902,0.005864,-0.004156,0.007459,-0.999946,-0.308637,0.056298,-0.027831,0.443048,-0.154853,-0.037921,-0.224231,0.007567,0.024106,0.398423,-0.189332,0.003555,0.006648,0.002021,0.300000,-0.000510,0.003462,-0.000107,0.002450,-0.300000,0.000606,0.003363,0.000107,0.000008
-0.226067,0.172930,0.802897,0.005853,-0.004145,0.007486,-0.999946,-0.308573,0.056265,-0.027402,0.443113,-0.154941,-0.037794,-0.224192,0.007335,0.024006,0.398491,-0.189423,0.003738,0.006550,0.002005,0.300000,-0.000510,0.003457,-0.000107,0.002428,-0.300000,0.000606,0.003362,0.000107,0.000008
-0.226030,0.173034,0.802893,0.005842,-0.004131,0.007511,-0.999946,-0.308508,0.056233,-0.026977,0.443175,-0.155022,-0.037667,-0.224152,0.007104,0.023905,0.398558,-0.189507,0.003920,0.006454,0.001989,0.300000,-0.000510,0.003452,-0.000107,0.002407,-0.300000,0.000607,0.003361,0.000107,0.000008
-0.225997,0.173137,0.802888,0.005832,-0.004115,0.007536,-0.999946,-0.308443,0.056201,-0.026556,0.443234,-0.155098,-0.037541,-0.224112,0.006874,0.023804,0.398624,-0.189585,0.004101,0.006359,0.001974,0.300000,-0.000510,0.003448,-0.000107,0.002386,-0.300000,0.000607,0.003360,0.000107,0.000008
-0.225967,0.173239,0.802883,0.005821,-0.004097,0.007560,-0.999946,-0.308378,0.056170,-0.026138,0.443291,-0.155168,-0.037416,-0.224071,0.006645,0.023701,0.398687,-0.189660,0.004282,0.006265,0.001959,0.300000,-0.000510,0.003444,-0.000107,0.002366,-0.300000,0.000607,0.003359,0.000107,0.000008
-0.225938,0.173340,0.802879,0.005811,-0.004079,0.007584,-0.999946,-0.308313,0.056138,-0.025724,0.443345,-0.155235,-0.037291,-0.224031,0.006418,0.023599,0.398749,-0.189731,0.004461,0.006172,0.001945,0.300000,-0.000509,0.003440,-0.000106,0.002346,-0.300000,0.000607,0.003358,0.000107,0.000008
-0.225910,0.173441,0.802875,0.005801,-0.004062,0.007606,-0.999946,-0.308249,0.056107,-0.025314,0.443396,-0.155299,-0.037168,-0.223991,0.006192,0.023496,0.398807,-0.189800,0.004639,0.006081,0.001931,0.300000,-0.000509,0.003437,-0.000106,0.002327,-0.300000,0.000607,0.003358,0.000107,0.000008
-0.225881,0.173540,0.802871,0.005790,-0.004047,0.007628,-0.999946,-0.308186,0.056075,-0.024908,0.443443,-0.155361,-0.037046,-0.223952,0.005967,0.023392,0.398863,-0.189868,0.004816,0.005991,0.001918,0.300000,-0.000509,0.003433,-0.000106,0.002308,-0.300000,0.000607,0.003358,0.000107,0.000008
-0.225851,0.173638,0.802868,0.005779,-0.004033,0.007649,-0.999946,-0.308124,0.056044,-0.024505,0.443486,-0.155422,-0.036925,-0.223914,0.005744,0.023289,0.398916,-0.189936,0.004991,0.005902,0.001905,0.300000,-0.000509,0.003430,-0.000106,0.002290,-0.300000,0.000607,0.003358,0.000107,0.000008
-0.225820,0.173735,0.802865,0.005768,-0.004022,0.007670,-0.999946,-0.308064,0.056013,-0.024106,0.443526,-0.155483,-0.036807,-0.223876,0.005522,0.023185,0.398965,-0.190005,0.005164,0.005814,0.001893,0.300000,-0.000509,0.003427,-0.000106,0.002273,-0.300000,0.000607,0.003358,0.000107,0.000008
-0.225786,0.173831,0.802862,0.005757,-0.004013,0.007690,-0.999946,-0.308005,0.055981,-0.023711,0.443563,-0.155545,-0.036690,-0.223839,0.005301,0.023081,0.399012,-0.190074,0.005337,0.005728,0.001880,0.300000,-0.000509,0.003425,-0.000106,0.002255,-0.300000,0.000608,0.003358,0.000107,0.000008
-0.225750,0.173925,0.802859,0.005746,-0.004008,0.007709,-0.999946,-0.307947,0.055950,-0.023320,0.443596,-0.155607,-0.036575,-0.223803,0.005082,0.022977,0.399055,-0.190145,0.005507,0.005642,0.001869,0.300000,-0.000509,0.003422,-0.000106,0.002239,-0.300000,0.000608,0.003358,0.000107,0.000008
-0.225711,0.174018,0.802857,0.005734,-0.004005,0.007728,-0.999946,-0.307890,0.055919,-0.022932,0.443626,-0.155671,-0.036461,-0.223768,0.004864,0.022873,0.399094,-0.190218,0.005676,0.005558,0.001857,0.300000,-0.000509,0.003420,-0.000106,0.002222,-0.300000,0.000608,0.003358,0.000107,0.000008
-0.225669,0.174110,0.802854,0.005722,-0.004006,0.007745,-0.999946,-0.307835,0.055888,-0.022549,0.443653,-0.155736,-0.036350,-0.223733,0.004647,0.022768,0.399131,-0.190293,0.005843,0.005475,0.001845,0.300000,-0.000509,0.003418,-0.000106,0.002206,-0.300000,0.000608,0.003358,0.000107,0.000008
-0.225625,0.174200,0.802852,0.005710,-0.004009,0.007763,-0.999946,-0.307781,0.055858,-0.022169,0.443677,-0.155802,-0.036241,-0.223698,0.004432,0.022664,0.399164,-0.190369,0.006009,0.005393,0.001834,0.300000,-0.000509,0.003416,-0.000106,0.002190,-0.300000,0.000608,0.003359,0.000107,0.000008
-0.225578,0.174289,0.802851,0.005698,-0.004015,0.007779,-0.999946,-0.307728,0.055827,-0.021792,0.443698,-0.155869,-0.036133,-0.223664,0.004219,0.022559,0.399195,-0.190448,0.006172,0.005312,0.001823,0.300000,-0.000509,0.003413,-0.000106,0.002174,-0.300000,0.000608,0.003359,0.000107,0.000007
-0.225529,0.174377,0.802849,0.005685,-0.004022,0.007795,-0.999945,-0.307676,0.055797,-0.021420,0.443717,-0.155938,-0.036028,-0.223630,0.004007,0.022454,0.399222,-0.190528,0.006335,0.005232,0.001812,0.300000,-0.000509,0.003411,-0.000106,0.002158,-0.300000,0.000608,0.003359,0.000107,0.000007
-0.225478,0.174464,0.802847,0.005672,-0.004032,0.007810,-0.999945,-0.307624,0.055767,-0.021051,0.443733,-0.156007,-0.035924,-0.223595,0.003796,0.022348,0.399248,-0.190609,0.006495,0.005153,0.001801,0.300000,-0.000509,0.003409,-0.000106,0.002142,-0.300000,0.000608,0.003359,0.000107,0.000007
-0.225426,0.174549,0.802846,0.005660,-0.004043,0.007824,-0.999945,-0.307572,0.055738,-0.020685,0.443748,-0.156076,-0.035822,-0.223559,0.003587,0.022242,0.399271,-0.190691,0.006654,0.005076,0.001790,0.300000,-0.000509,0.003407,-0.000106,0.002127,-0.300000,0.000608,0.003360,0.000107,0.000007
-0.225373,0.174633,0.802845,0.005647,-0.004055,0.007838,-0.999945,-0.307521,0.055709,-0.020323,0.443761,-0.156146,-0.035721,-0.223524,0.003379,0.022136,0.399292,-0.190774,0.006812,0.004999,0.001779,0.300000,-0.000509,0.003405,-0.000106,0.002111,-0.300000,0.000608,0.003360,0.000107,0.000007
-0.225319,0.174717,0.802844,0.005634,-0.004068,0.007851,-0.999945,-0.307470,0.055680,-0.019965,0.443772,-0.156216,-0.035622,-0.223487,0.003172,0.022029,0.399311,-0.190857,0.006968,0.004924,0.001768,0.300000,-0.000509,0.003403,-0.000106,0.002096,-0.300000,0.000608,0.003360,0.000107,0.000007
-0.225265,0.174799,0.802843,0.005621,-0.004081,0.007863,-0.999945,-0.307419,0.055651,-0.019610,0.443783,-0.156285,-0.035524,-0.223449,0.002967,0.021922,0.399328,-0.190939,0.007123,0.004849,0.001757,0.300000,-0.000509,0.003401,-0.000106,0.002081,-0.300000,0.000608,0.003360,0.000107,0.000007
-0.225211,0.174881,0.802842,0.005609,-0.004094,0.007875,-0.999945,-0.307368,0.055623,-0.019258,0.443792,-0.156353,-0.035427,-0.223410,0.002764,0.021815,0.399344,-0.191021,0.007277,0.004776,0.001746,0.300000,-0.000509,0.003399,-0.000106,0.002066,-0.300000,0.000608,0.003360,0.000107,0.000007
-0.225158,0.174962,0.802841,0.005596,-0.004107,0.007886,-0.999945,-0.307316,0.055596,-0.018909,0.443800,-0.156420,-0.035332,-0.223371,0.002561,0.021707,0.399359,-0.191102,0.007429,0.004703,0.001736,0.300000,-0.000509,0.003397,-0.000106,0.002051,-0.300000,0.000608,0.003360,0.000107,0.000007
-0.225105,0.175042,0.802840,0.005584,-0.004119,0.007897,-0.999945,-0.307264,0.055568,-0.018563,0.443807,-0.156485,-0.035237,-0.223330,0.002360,0.021598,0.399372,-0.191182,0.007580,0.004632,0.001725,0.300000,-0.000509,0.003395,-0.000106,0.002036,-0.300000,0.000608,0.003359,0.000107,0.000007
-0.225053,0.175121,0.802839,0.005571,-0.004130,0.007907,-0.999945,-0.307212,0.055542,-0.018221,0.443814,-0.156549,-0.035144,-0.223288,0.002160,0.021489,0.399385,-0.191260,0.007730,0.004561,0.001714,0.300000,-0.000509,0.003393,-0.000106,0.002022,-0.300000,0.000608,0.003359,0.000107,0.000007
-0.225003,0.175200,0.802838,0.005559,-0.004140,0.007916,-0.999945,-0.307159,0.055515,-0.017881,0.443819,-0.156611,-0.035051,-0.223244,0.001962,0.021379,0.399396,-0.191336,0.007879,0.004492,0.001704,0.300000,-0.000509,0.003392,-0.000106,0.002007,-0.300000,0.000608,0.003359,0.000107,0.000007
-0.224954,0.175278,0.802838,0.005548,-0.004149,0.007925,-0.999945,-0.307105,0.055489,-0.017545,0.443825,-0.156670,-0.034960,-0.223200,0.001765,0.021270,0.399407,-0.191411,0.008027,0.004423,0.001694,0.300000,-0.000509,0.003390,-0.000106,0.001993,-0.300000,0.000608,0.003359,0.000107,0.000007
-0.224907,0.175356,0.802837,0.005536,-0.004157,0.007934,-0.999945,-0.307052,0.055464,-0.017212,0.443829,-0.156728,-0.034869,-0.223154,0.001569,0.021159,0.399417,-0.191483,0.008174,0.004356,0.001683,0.300000,-0.000509,0.003388,-0.000106,0.001979,-0.300000,0.000608,0.003359,0.000107,0.000007
-0.224861,0.175433,0.802836,0.005524,-0.004163,0.007941,-0.999945,-0.306998,0.055439,-0.016881,0.443833,-0.156783,-0.034779,-0.223107,0.001374,0.021049,0.399426,-0.191554,0.008320,0.004289,0.001673,0.300000,-0.000509,0.003386,-0.000106,0.001965,-0.300000,0.000608,0.003358,0.000107,0.000007
-0.224816,0.175510,0.802836,0.005513,-0.004169,0.007949,-0.999945,-0.306943,0.055414,-0.016553,0.443837,-0.156836,-0.034689,-0.223060,0.001181,0.020938,0.399434,-0.191622,0.008465,0.004223,0.001663,0.300000,-0.000509,0.003384,-0.000106,0.001951,-0.300000,0.000607,0.003358,0.000107,0.000007
-0.224773,0.175586,0.802835,0.005502,-0.004173,0.007955,-0.999945,-0.306889,0.055390,-0.016228,0.443839,-0.156887,-0.034600,-0.223011,0.000988,0.020827,0.399441,-0.191688,0.008610,0.004159,0.001653,0.300000,-0.000509,0.003383,-0.000106,0.001938,-0.300000,0.000607,0.003358,0.000107,0.000007
-0.224732,0.175661,0.802834,0.005491,-0.004177,0.007962,-0.999945,-0.306834,0.055366,-0.015906,0.443841,-0.156936,-0.034513,-0.222962,0.000797,0.020716,0.399448,-0.191753,0.008753,0.004095,0.001644,0.300000,-0.000509,0.003381,-0.000106,0.001924,-0.300000,0.000607,0.003358,0.000107,0.000007
-0.224691,0.175736,0.802834,0.005480,-0.004180,0.007967,-0.999945,-0.306779,0.055342,-0.015587,0.443843,-0.156983,-0.034425,-0.222912,0.000607,0.020604,0.399454,-0.191815,0.008895,0.004031,0.001634,0.300000,-0.000510,0.003380,-0.000106,0.001911,-0.300000,0.000607,0.003358,0.000107,0.000007
-0.224652,0.175810,0.802833,0.005470,-0.004182,0.007973,-0.999945,-0.306723,0.055319,-0.015270,0.443843,-0.157028,-0.034339,-0.222861,0.000419,0.020493,0.399459,-0.191876,0.009037,0.003969,0.001625,0.300000,-0.000510,0.003378,-0.000106,0.001898,-0.300000,0.000607,0.003358,0.000107,0.000007
-0.224614,0.175884,0.802833,0.005459,-0.004183,0.007978,-0.999945,-0.306668,0.055296,-0.014956,0.443843,-0.157071,-0.034253,-0.222810,0.000231,0.020381,0.399463,-0.191936,0.009177,0.003908,0.001616,0.300000,-0.000510,0.003377,-0.000106,0.001885,-0.300000,0.000607,0.003358,0.000107,0.000007
-0.224576,0.175957,0.802832,0.005449,-0.004184,0.007982,-0.999945,-0.306613,0.055273,-0.014645,0.443842,-0.157113,-0.034168,-0.222758,0.000045,0.020270,0.399466,-0.191994,0.009317,0.003847,0.001607,0.300000,-0.000510,0.003376,-0.000106,0.001873,-0.300000,0.000607,0.003358,0.000107,0.000007
-0.224540,0.176029,0.802832,0.005439,-0.004185,0.007986,-0.999945,-0.306558,0.055251,-0.014336,0.443840,-0.157153,-0.034084,-0.222706,-0.000140,0.020158,0.399469,-0.192050,0.009455,0.003788,0.001598,0.300000,-0.000510,0.003374,-0.000106,0.001861,-0.300000,0.000607,0.003358,0.000107,0.000007
-0.224503,0.176101,0.802832,0.005428,-0.004185,0.007990,-0.999945,-0.306504,0.055229,-0.014030,0.443837,-0.157192,-0.034001,-0.222654,-0.000324,0.020047,0.399470,-0.192106,0.009593,0.003729,0.001589,0.300000,-0.000510,0.003373,-0.000106,0.001849,-0.300000,0.000607,0.003358,0.000107,0.000007
-0.224467,0.176173,0.802832,0.005418,-0.004186,0.007993,-0.999945,-0.306449,0.055207,-0.013727,0.443834,-0.157231,-0.033918,-0.222601,-0.000507,0.019935,0.399470,-0.192161,0.009730,0.003670,0.001581,0.300000,-0.000510,0.003372,-0.000106,0.001837,-0.300000,0.000607,0.003358,0.000107,0.000007
-0.224432,0.176243,0.802832,0.005408,-0.004186,0.007996,-0.999945,-0.306395,0.055186,-0.013426,0.443829,-0.157268,-0.033837,-0.222548,-0.000689,0.019824,0.399469,-0.192215,0.009866,0.003613,0.001572,0.300000,-0.000510,0.003371,-0.000106,0.001825,-0.300000,0.000606,0.003358,0.000107,0.000007
-0.224396,0.176313,0.802831,0.005398,-0.004187,0.007998,-0.999945,-0.306341,0.055164,-0.013128,0.443824,-0.157305,-0.033756,-0.222495,-0.000869,0.019713,0.399468,-0.192269,0.010001,0.003557,0.001564,0.300000,-0.000510,0.003370,-0.000106,0.001814,-0.300000,0.000606,0.003358,0.000107,0.000007
-0.224360,0.176382,0.802831,0.005388,-0.004188,0.008001,-0.999945,-0.306288,0.055143,-0.012832,0.443818,-0.157341,-0.033677,-0.222442,-0.001048,0.019602,0.399465,-0.192322,0.010135,0.003501,0.001556,0.300000,-0.000510,0.003369,-0.000106,0.001802,-0.300000,0.000606,0.003358,0.000107,0.000007
-0.224325,0.176451,0.802831,0.005378,-0.004190,0.008002,-0.999945,-0.306235,0.055123,-0.012539,0.443811,-0.157376,-0.033598,-0.222388,-0.001226,0.019491,0.399461,-0.192375,0.010268,0.003446,0.001548,0.300000,-0.000511,0.003368,-0.000106,0.001791,-0.300000,0.000606,0.003358,0.000107,0.000007
-0.224289,0.176519,0.802832,0.005369,-0.004192,0.008004,-0.999945,-0.306182,0.055103,-0.012248,0.443803,-0.157411,-0.033520,-0.222335,-0.001403,0.019380,0.399455,-0.192427,0.010400,0.003391,0.001540,0.300000,-0.000511,0.003367,-0.000106,0.001780,-0.300000,0.000606,0.003358,0.000107,0.000006
-0.224253,0.176586,0.802832,0.005359,-0.004194,0.008005,-0.999945,-0.306130,0.055082,-0.011960,0.443795,-0.157446,-0.033443,-0.222281,-0.001579,0.019269,0.399449,-0.192480,0.010531,0.003338,0.001532,0.300000,-0.000511,0.003366,-0.000106,0.001770,-0.300000,0.000606,0.003358,0.000107,0.000006
-0.224217,0.176653,0.802832,0.005349,-0.004196,0.008005,-0.999945,-0.306078,0.055063,-0.011675,0.443785,-0.157480,-0.033367,-0.222227,-0.001754,0.019159,0.399442,-0.192532,0.010661,0.003285,0.001525,0.300000,-0.000511,0.003366,-0.000106,0.001759,-0.300000,0.000606,0.003359,0.000107,0.000006
-0.224191,0.176717,0.802836,0.005339,-0.004203,0.008004,-0.999945,-0.306038,0.055041,-0.011399,0.443737,-0.157432,-0.033281,-0.222192,-0.001925,0.019052,0.399416,-0.192530,0.010794,0.003232,0.001514,0.300000,-0.000511,0.003363,-0.000106,0.001746,-0.300000,0.000606,0.003357,0.000107,0.000006
-0.224238,0.176773,0.802844,0.005326,-0.004180,0.008000,-0.999945,-0.306045,0.055020,-0.011148,0.443653,-0.157107,-0.033177,-0.222222,-0.002085,0.018961,0.399410,-0.192348,0.010932,0.003181,0.001491,0.300000,-0.000511,0.003354,-0.000106,0.001720,-0.300000,0.000605,0.003349,0.000107,0.000006
-0.224424,0.176820,0.802849,0.005315,-0.004055,0.007996,-0.999946,-0.306066,0.055014,-0.010909,0.443614,-0.156600,-0.033062,-0.222288,-0.002229,0.018883,0.399500,-0.192047,0.011042,0.003131,0.001457,0.300000,-0.000510,0.003339,-0.000106,0.001683,-0.300000,0.000605,0.003335,0.000107,0.000006
-0.224846,0.176842,0.802863,0.005288,-0.003814,0.007973,-0.999947,-0.306099,0.054995,-0.010697,0.443354,-0.155544,-0.032942,-0.222526,-0.002368,0.018819,0.399728,-0.191482,0.011114,0.003075,0.001403,0.300000,-0.000509,0.003312,-0.000105,0.001630,-0.300000,0.000604,0.003311,0.000106,0.000006
-0.225654,0.176772,0.802881,0.005036,-0.003521,0.007874,-0.999950,-0.306124,0.054579,-0.010448,0.442176,-0.153440,-0.032865,-0.223867,-0.002863,0.018893,0.401113,-0.190947,0.011099,0.002989,0.001318,0.300000,-0.000508,0.003266,-0.000105,0.001557,-0.300000,0.000603,0.003271,0.000106,0.000007
-0.226945,0.176469,0.802930,0.004265,-0.003256,0.007482,-0.999958,-0.305801,0.053184,-0.010288,0.438771,-0.149562,-0.032890,-0.226881,-0.004221,0.018980,0.404241,-0.190806,0.010907,0.002832,0.001204,0.300000,-0.000505,0.003201,-0.000104,0.001491,-0.300000,0.000602,0.003235,0.000105,0.000007
-0.228714,0.175598,0.803046,0.002953,-0.002732,0.006691,-0.999970,-0.304132,0.051223,-0.010283,0.432384,-0.143434,-0.033402,-0.230520,-0.006086,0.018744,0.408586,-0.190998,0.010137,0.002641,0.001091,0.300000,-0.000498,0.003145,-0.000103,0.001436,-0.300000,0.000606,0.003215,0.000105,0.000008
-0.230934,0.173798,0.803090,0.001377,-0.001777,0.005737,-0.999981,-0.301965,0.050036,-0.010432,0.425379,-0.136424,-0.035319,-0.234610,-0.007276,0.018264,0.414624,-0.191737,0.007897,0.002490,0.001003,0.300000,-0.000486,0.003108,-0.000103,0.001369,-0.300000,0.000617,0.003188,0.000104,0.000010
-0.233538,0.170959,0.803064,0.000295,0.000399,-0.004544,0.999990,-0.299612,0.050044,-0.011119,0.418304,-0.128774,-0.038800,-0.238313,-0.007416,0.016893,0.421049,-0.192331,0.004156,0.002231,0.000925,0.300000,-0.000475,0.003077,-0.000102,0.001333,-0.300000,0.000627,0.003182,0.000104,0.000011
-0.236386,0.167154,0.803125,-0.001548,0.001235,0.002684,-0.999994,-0.297240,0.051843,-0.013584,0.410650,-0.120278,-0.043578,-0.239454,-0.005750,0.013099,0.423956,-0.191333,-0.000979,0.001719,0.000855,0.300000,-0.000464,0.003041,-0.000102,0.001353,-0.300000,0.000639,0.003210,0.000105,0.000008
-0.239379,0.162597,0.803516,-0.001875,0.002462,0.000747,-0.999995,-0.295018,0.056415,-0.017204,0.400641,-0.110538,-0.049512,-0.237555,-0.000999,0.007849,0.419473,-0.186301,-0.007548,0.001607,0.000845,0.300000,-0.000455,0.003031,-0.000102,0.001373,-0.300000,0.000649,0.003228,0.000105,0.000006
-0.242258,0.157602,0.804606,0.001247,-0.003113,0.000899,0.999994,-0.290016,0.063632,-0.020458,0.383461,-0.097791,-0.056346,-0.230074,0.006647,0.001323,0.402573,-0.175137,-0.014954,0.001655,0.000926,0.300000,-0.000451,0.003078,-0.000102,0.001399,-0.300000,0.000655,0.003246,0.000106,0.000006
-0.244924,0.152643,0.806379,0.000205,-0.002823,0.002037,0.999994,-0.281563,0.071825,-0.022078,0.357232,-0.081256,-0.063245,-0.218452,0.015481,-0.005404,0.374240,-0.158354,-0.022296,0.001762,0.001041,0.300000,-0.000457,0.003140,-0.000103,0.001424,-0.300000,0.000652,0.003252,0.000106,0.000007
-0.247278,0.148234,0.808439,0.000774,0.001981,-0.002848,-0.999994,-0.270549,0.079155,-0.022266,0.325703,-0.063029,-0.069069,-0.204383,0.023617,-0.011897,0.339466,-0.138618,-0.028835,0.001856,0.001159,0.300000,-0.000472,0.003216,-0.000104,0.001482,-0.300000,0.000641,0.003288,0.000106,0.000007
-0.249281,0.145061,0.810427,0.001410,0.001635,-0.003165,-0.999993,-0.262259,0.083601,-0.022456,0.304578,-0.055504,-0.071242,-0.188283,0.029407,-0.017519,0.303341,-0.118503,-0.033611,0.002131,0.001272,0.300000,-0.000497,0.003310,-0.000106,0.001519,-0.300000,0.000624,0.003334,0.000107,0.000007
-0.251233,0.143871,0.812009,0.001433,0.002459,-0.003537,-0.999990,-0.266995,0.081103,-0.022466,0.328446,-0.070760,-0.067115,-0.173420,0.030857,-0.022366,0.274187,-0.101925,-0.035273,0.002249,0.001295,0.300000,-0.000524,0.003351,-0.000107,0.001536,-0.300000,0.000602,0.003375,0.000108,0.000003
-0.253441,0.144403,0.813039,0.001530,0.003384,-0.003874,-0.999986,-0.279543,0.074163,-0.022433,0.389570,-0.109155,-0.058618,-0.164047,0.030041,-0.025749,0.254667,-0.089563,-0.035010,0.002360,0.001273,0.300000,-0.000548,0.003327,-0.000107,0.001506,-0.300000,0.000576,0.003356,0.000107,-0.000001
-0.255995,0.146416,0.813686,0.001893,0.003772,-0.004235,-0.999982,-0.291241,0.066219,-0.022195,0.459413,-0.151872,-0.051417,-0.160204,0.027701,-0.027784,0.242038,-0.079740,-0.032560,0.002447,0.001238,0.300000,-0.000567,0.003287,-0.000106,0.001471,-0.300000,0.000549,0.003324,0.000106,-0.000005
-0.258895,0.149928,0.814043,0.002395,0.003868,-0.004635,-0.999979,-0.297244,0.059922,-0.021611,0.523570,-0.188420,-0.044125,-0.160794,0.023507,-0.028529,0.235319,-0.071976,-0.027792,0.002513,0.001203,0.300000,-0.000583,0.003259,-0.000105,0.001443,-0.300000,0.000528,0.003307,0.000106,-0.000008
-0.262302,0.154849,0.814147,0.003004,0.003484,-0.005351,-0.999975,-0.297617,0.057504,-0.020804,0.574117,-0.216523,-0.035031,-0.166046,0.017435,-0.028444,0.233820,-0.065767,-0.021083,0.002497,0.001100,0.300000,-0.000596,0.003177,-0.000104,0.001402,-0.300000,0.000508,0.003272,0.000104,-0.000013
-0.266421,0.161321,0.814132,0.003405,0.002414,-0.006384,-0.999971,-0.292497,0.057595,-0.020607,0.603327,-0.237842,-0.025513,-0.175928,0.008682,-0.027102,0.235959,-0.059970,-0.012191,0.002514,0.000981,0.300000,-0.000613,0.003091,-0.000103,0.001324,-0.300000,0.000485,0.003216,0.000103,-0.000016
-0.271284,0.169509,0.813753,0.003425,0.001378,-0.007251,-0.999967,-0.279473,0.058276,-0.020751,0.605738,-0.253445,-0.018788,-0.191392,-0.003214,-0.023038,0.245999,-0.056624,-0.000885,0.002656,0.000890,0.300000,-0.000630,0.003042,-0.000102,0.001205,-0.300000,0.000463,0.003150,0.000102,-0.000018
-0.276824,0.179254,0.812620,0.003642,0.000918,-0.007508,-0.999965,-0.254052,0.058493,-0.021021,0.571703,-0.260245,-0.016476,-0.212497,-0.016574,-0.015572,0.266056,-0.056780,0.012490,0.003280,0.000825,0.300000,-0.000641,0.003013,-0.000101,0.001066,-0.300000,0.000447,0.003079,0.000101,-0.000020
-0.282996,0.190175,0.810121,0.005416,0.000841,-0.006809,-0.999962,-0.207821,0.058195,-0.021902,0.478128,-0.260648,-0.015708,-0.240692,-0.027584,-0.004303,0.297919,-0.061549,0.027233,0.004704,0.000774,0.300000,-0.000637,0.002974,-0.000100,0.000924,-0.300000,0.000443,0.002996,0.000099,-0.000024
-0.289881,0.201271,0.805932,-0.011026,-0.000059,0.006809,0.999916,-0.158135,0.061104,-0.023083,0.347007,-0.202817,-0.018306,-0.274878,-0.030363,0.006360,0.336781,-0.069300,0.040727,0.004380,0.000819,0.300000,-0.000614,0.002915,-0.000098,0.000840,-0.300000,0.000454,0.002944,0.000098,-0.000030
-0.295664,0.213072,0.807103,0.007159,0.002579,-0.007210,-0.999945,-0.150233,0.037133,-0.018748,0.325871,-0.172025,-0.016278,-0.282332,-0.051635,0.019672,0.341777,-0.067723,0.043241,0.001617,0.003794,0.300000,-0.000657,0.003281,-0.000106,0.001001,-0.300000,0.000438,0.003139,0.000104,0.000000
-0.301449,0.222156,0.809170,0.003681,0.004836,-0.007549,-0.999953,-0.147349,0.016864,-0.014658,0.315744,-0.160692,-0.006073,-0.286586,-0.062331,0.025712,0.351468,-0.073768,0.043226,0.000057,0.004139,0.300000,-0.000648,0.003324,-0.000107,0.001038,-0.300000,0.000460,0.003160,0.000104,0.000001
-0.307698,0.228487,0.810591,0.001398,0.005967,-0.007728,-0.999951,-0.144733,0.003002,-0.011103,0.299294,-0.144835,0.002600,-0.299689,-0.059973,0.025317,0.401072,-0.104379,0.042938,-0.000678,0.004045,0.300000,-0.000617,0.003262,-0.000105,0.001022,-0.300000,0.000494,0.003129,0.000104,0.000003
-0.314344,0.232601,0.811697,0.000188,-0.006289,0.007932,0.999949,-0.143867,-0.006247,-0.008496,0.281012,-0.127152,0.008664,-0.313133,-0.051301,0.024517,0.470212,-0.148208,0.042623,-0.001064,0.003947,0.300000,-0.000574,0.003207,-0.000103,0.001001,-0.300000,0.000536,0.003104,0.000103,0.000005
-0.321388,0.234896,0.812427,0.001271,-0.006220,0.007928,0.999948,-0.147578,-0.011808,-0.007054,0.268157,-0.111005,0.012113,-0.320875,-0.043090,0.022375,0.540675,-0.190677,0.042219,-0.001174,0.003870,0.300000,-0.000528,0.003178,-0.000102,0.000956,-0.300000,0.000579,0.003073,0.000103,0.000008
-0.328967,0.235530,0.812721,0.002029,-0.005653,0.007473,0.999954,-0.157860,-0.014311,-0.006843,0.263816,-0.097924,0.013407,-0.320323,-0.038994,0.019772,0.599309,-0.225626,0.041817,-0.001159,0.003806,0.300000,-0.000489,0.003152,-0.000101,0.000852,-0.300000,0.000603,0.002998,0.000102,0.000013
-0.337123,0.234559,0.812749,0.002590,-0.004535,0.006527,0.999965,-0.173144,-0.014172,-0.007619,0.264798,-0.086453,0.012996,-0.310181,-0.038240,0.018223,0.636922,-0.255408,0.041423,-0.001157,0.003730,0.300000,-0.000466,0.003124,-0.000100,0.000748,-0.300000,0.000619,0.002926,0.000101,0.000017
-0.345910,0.231910,0.812471,0.002777,-0.003084,0.005618,0.999976,-0.193865,-0.011110,-0.010772,0.272245,-0.076866,0.010053,-0.289837,-0.038170,0.017804,0.649721,-0.281030,0.041055,-0.001258,0.003599,0.300000,-0.000445,0.003063,-0.000099,0.000667,-0.300000,0.000634,0.002878,0.000100,0.000019
-0.355316,0.227542,0.811658,0.002723,-0.001900,0.004944,0.999982,-0.219704,-0.005449,-0.016669,0.287884,-0.070127,0.004411,-0.259438,-0.037577,0.017571,0.637700,-0.298996,0.040717,-0.001470,0.003457,0.300000,-0.000428,0.003010,-0.000098,0.000605,-0.300000,0.000649,0.002855,0.000100,0.000020
-0.365274,0.221637,0.810025,0.002900,-0.001176,0.004687,0.999984,-0.250611,0.001331,-0.025456,0.312452,-0.066691,-0.003423,-0.215695,-0.035684,0.017548,0.589148,-0.304101,0.040338,-0.001911,0.003308,0.300000,-0.000415,0.002951,-0.000097,0.000551,-0.300000,0.000658,0.002836,0.000099,0.000022
-0.375831,0.214619,0.807086,0.004664,-0.000427,0.004687,0.999978,-0.287404,0.005561,-0.036322,0.345684,-0.066330,-0.012610,-0.156070,-0.033662,0.020721,0.487674,-0.303133,0.039998,-0.002338,0.003161,0.300000,-0.000414,0.002880,-0.000096,0.000471,-0.300000,0.000652,0.002774,0.000098,0.000028
-0.387111,0.207389,0.802678,-0.010849,-0.001131,-0.004184,-0.999932,-0.325481,0.000462,-0.044535,0.377447,-0.064683,-0.021486,-0.094593,-0.038702,0.026428,0.351799,-0.263028,0.032657,-0.002348,0.003073,0.300000,-0.000424,0.002847,-0.000095,0.000423,-0.300000,0.000635,0.002683,0.000095,0.000040
-0.396538,0.198602,0.803628,0.008338,-0.001227,0.005467,0.999950,-0.329921,0.016346,-0.053211,0.365482,-0.047982,-0.032784,-0.080597,-0.020215,0.021325,0.313493,-0.235980,0.002118,-0.002471,0.003568,0.300000,-0.000405,0.003090,-0.000103,0.006828,-0.300000,0.000680,0.003240,0.000102,0.000002
-0.405044,0.191277,0.807053,0.004712,-0.002813,0.006396,0.999965,-0.324393,0.034192,-0.055352,0.338059,-0.041140,-0.041396,-0.077400,-0.002321,0.016364,0.290789,-0.210685,-0.007940,-0.002367,0.003888,0.300000,-0.000417,0.003208,-0.000104,0.010302,-0.300000,0.000688,0.003480,0.000107,0.000004
-0.413391,0.186292,0.809787,0.002982,-0.003210,0.007075,0.999965,-0.334357,0.044810,-0.047759,0.350287,-0.055055,-0.042033,-0.074527,0.007970,0.012438,0.263716,-0.184300,-0.014430,-0.002240,0.003939,0.300000,-0.000449,0.003246,-0.000105,0.010488,-0.300000,0.000672,0.003577,0.000108,0.000003
-0.421394,0.183249,0.811487,0.001609,-0.003345,0.007695,0.999964,-0.350322,0.047174,-0.044167,0.407661,-0.097389,-0.041523,-0.074524,0.014724,0.009508,0.241962,-0.161904,-0.018617,-0.001989,0.003994,0.300000,-0.000490,0.003291,-0.000106,0.010453,-0.300000,0.000640,0.003617,0.000108,-0.000001
-0.429015,0.181696,0.812414,0.000024,0.003411,-0.008206,-0.999961,-0.361068,0.047249,-0.041131,0.479482,-0.149395,-0.041003,-0.078318,0.019981,0.007716,0.228112,-0.144250,-0.020987,-0.001705,0.004063,0.300000,-0.000535,0.003351,-0.000107,0.010400,-0.300000,0.000600,0.003653,0.000109,-0.000004
-0.436365,0.181650,0.812854,0.001688,0.003167,-0.008635,-0.999956,-0.362716,0.047270,-0.036006,0.549767,-0.192691,-0.038222,-0.086977,0.023250,0.007418,0.222741,-0.130997,-0.021466,-0.001485,0.004088,0.300000,-0.000568,0.003376,-0.000107,0.010325,-0.300000,0.000557,0.003662,0.000108,-0.000007
-0.443676,0.183076,0.813074,0.003305,0.002172,-0.009380,-0.999948,-0.354862,0.047857,-0.031233,0.604661,-0.224691,-0.029115,-0.099853,0.024327,0.007851,0.222301,-0.119957,-0.019966,-0.001411,0.004062,0.300000,-0.000586,0.003365,-0.000107,0.010244,-0.300000,0.000530,0.003666,0.000108,-0.000011
-0.451058,0.185944,0.813045,0.004951,0.000722,-0.010073,-0.999937,-0.335816,0.049676,-0.028435,0.633784,-0.247764,-0.017112,-0.116529,0.023526,0.009845,0.226754,-0.110980,-0.016122,-0.001249,0.004028,0.300000,-0.000600,0.003355,-0.000106,0.010109,-0.300000,0.000513,0.003639,0.000107,-0.000013
-0.458601,0.190428,0.812543,-0.006281,0.000616,0.010587,0.999924,-0.304842,0.050515,-0.027377,0.630987,-0.263001,-0.007877,-0.138672,0.019967,0.014227,0.241179,-0.106578,-0.009844,-0.000995,0.003985,0.300000,-0.000616,0.003356,-0.000107,0.009953,-0.300000,0.000495,0.003611,0.000107,-0.000015
-0.466310,0.196422,0.811366,-0.007648,0.001399,0.010712,0.999912,-0.260312,0.049853,-0.025927,0.588878,-0.269550,-0.004095,-0.165398,0.014722,0.021151,0.265524,-0.106600,-0.001390,-0.000404,0.003941,0.300000,-0.000628,0.003360,-0.000107,0.009778,-0.300000,0.000481,0.003577,0.000106,-0.000017
-0.474260,0.203698,0.809163,-0.010032,0.001828,0.010362,0.999894,-0.198518,0.047097,-0.025669,0.491519,-0.270053,-0.003347,-0.196882,0.010426,0.030480,0.298993,-0.110619,0.008855,0.000505,0.003884,0.300000,-0.000629,0.003339,-0.000106,0.009583,-0.300000,0.000476,0.003522,0.000106,-0.000021
-0.482675,0.211301,0.805491,-0.015771,0.002795,0.010568,0.999816,-0.134132,0.049006,-0.026226,0.355315,-0.234867,-0.009044,-0.232896,0.013213,0.039144,0.337932,-0.116864,0.018941,0.000467,0.003642,0.300000,-0.000618,0.003275,-0.000104,0.009391,-0.300000,0.000479,0.003469,0.000104,-0.000028
-0.489999,0.220246,0.806663,-0.011604,0.000472,0.010358,0.999879,-0.121663,0.027703,-0.021299,0.324376,-0.208679,-0.007094,-0.242816,-0.007075,0.047649,0.343255,-0.109131,0.023839,-0.000383,0.005783,0.300000,-0.000668,0.003646,-0.000112,0.009401,-0.300000,0.000454,0.003630,0.000110,0.000004
-0.497233,0.227143,0.808563,0.007072,0.001938,-0.010434,-0.999919,-0.120709,0.007738,-0.018026,0.313759,-0.191614,0.005874,-0.248270,-0.024146,0.049941,0.346199,-0.103670,0.024466,-0.000958,0.005965,0.300000,-0.000664,0.003661,-0.000112,0.009259,-0.300000,0.000466,0.003623,0.000110,0.000005
-0.504948,0.231389,0.809785,0.003974,0.003385,-0.010248,-0.999934,-0.121594,-0.005106,-0.015300,0.300618,-0.173517,0.013812,-0.265129,-0.028721,0.047638,0.386998,-0.122450,0.024238,-0.001134,0.005843,0.300000,-0.000634,0.003590,-0.000110,0.008999,-0.300000,0.000492,0.003542,0.000108,0.000008
-0.513073,0.233490,0.810779,0.001703,0.004054,-0.010245,-0.999938,-0.124366,-0.013067,-0.013679,0.286083,-0.154872,0.017893,-0.285375,-0.027292,0.044513,0.450429,-0.159554,0.024045,-0.001342,0.005700,0.300000,-0.000590,0.003511,-0.000108,0.008837,-0.300000,0.000531,0.003482,0.000107,0.000009
-0.521625,0.233809,0.811506,0.000188,0.004121,-0.010124,-0.999940,-0.132187,-0.016847,-0.013266,0.276917,-0.138157,0.018972,-0.302162,-0.025886,0.041124,0.518157,-0.199335,0.023810,-0.001429,0.005593,0.300000,-0.000540,0.003465,-0.000107,0.008661,-0.300000,0.000578,0.003421,0.000106,0.000012
-0.530491,0.232557,0.811920,0.000744,-0.004097,0.009579,0.999946,-0.144307,-0.017103,-0.013453,0.274430,-0.124224,0.018090,-0.308881,-0.027353,0.038270,0.576064,-0.233091,0.023570,-0.001437,0.005527,0.300000,-0.000494,0.003454,-0.000106,0.008475,-0.300000,0.000616,0.003365,0.000106,0.000015
-0.539832,0.229768,0.812122,0.001400,-0.003345,0.008720,0.999955,-0.161148,-0.014680,-0.014859,0.276178,-0.111451,0.014773,-0.305262,-0.031319,0.036149,0.615631,-0.260284,0.023370,-0.001471,0.005418,0.300000,-0.000468,0.003401,-0.000104,0.008223,-0.300000,0.000632,0.003280,0.000104,0.000018
-0.549697,0.225258,0.812015,0.001481,-0.002017,0.007998,0.999965,-0.184119,-0.008942,-0.019093,0.284812,-0.100800,0.008883,-0.289650,-0.034419,0.035406,0.630204,-0.282088,0.023220,-0.001602,0.005270,0.300000,-0.000445,0.003329,-0.000103,0.008047,-0.300000,0.000648,0.003221,0.000103,0.000019
-0.560036,0.219044,0.811265,0.001341,-0.000794,0.007578,0.999970,-0.212777,-0.000819,-0.026442,0.302299,-0.093443,0.000581,-0.261023,-0.035514,0.035047,0.617164,-0.295611,0.023113,-0.001877,0.005118,0.300000,-0.000428,0.003269,-0.000102,0.007895,-0.300000,0.000660,0.003187,0.000103,0.000021
-0.570806,0.211472,0.809408,-0.001859,-0.000178,-0.007580,-0.999970,-0.247679,0.007068,-0.036913,0.330344,-0.090255,-0.009506,-0.215455,-0.035516,0.034915,0.560824,-0.298043,0.023023,-0.002354,0.004959,0.300000,-0.000420,0.003203,-0.000101,0.007744,-0.300000,0.000663,0.003149,0.000102,0.000024
-0.582132,0.203099,0.805892,-0.004813,-0.001536,-0.007550,-0.999959,-0.289192,0.010108,-0.048780,0.367445,-0.090488,-0.020504,-0.152605,-0.036697,0.039332,0.446419,-0.291962,0.023120,-0.002598,0.004809,0.300000,-0.000422,0.003129,-0.000099,0.007344,-0.300000,0.000654,0.003055,0.000100,0.000033
-0.593619,0.194309,0.802298,-0.009758,-0.002499,-0.007216,-0.999923,-0.323104,0.009513,-0.057910,0.392530,-0.085571,-0.031383,-0.104412,-0.039575,0.040311,0.336535,-0.238979,0.024656,-0.002609,0.004816,0.300000,-0.000418,0.003207,-0.000102,0.007402,-0.300000,0.000659,0.003439,0.000101,0.000026
-0.602951,0.184390,0.804871,0.004737,-0.000266,0.008783,0.999950,-0.318874,0.032474,-0.066896,0.365129,-0.061443,-0.044833,-0.098596,-0.015293,0.033498,0.314631,-0.217623,0.010138,-0.002809,0.005036,0.300000,-0.000408,0.003404,-0.000107,0.011661,-0.300000,0.000700,0.004037,0.000109,0.000000
-0.611939,0.176738,0.808232,0.001990,-0.001138,0.009587,0.999951,-0.314332,0.049295,-0.067062,0.335608,-0.051956,-0.053009,-0.095970,0.001032,0.028627,0.288813,-0.192567,-0.002640,-0.002696,0.005111,0.300000,-0.000427,0.003456,-0.000108,0.012162,-0.300000,0.000691,0.004125,0.000110,0.000005
-0.620694,0.171351,0.810753,0.000704,-0.001545,0.010391,0.999945,-0.325246,0.058772,-0.057928,0.352285,-0.065398,-0.052635,-0.092721,0.010738,0.024303,0.260256,-0.166133,-0.011082,-0.002494,0.005121,0.300000,-0.000464,0.003482,-0.000108,0.012102,-0.300000,0.000666,0.004143,0.000110,0.000002
-0.629206,0.167868,0.812285,0.000453,0.001937,-0.011234,-0.999935,-0.340962,0.059939,-0.053154,0.411495,-0.107869,-0.050858,-0.092832,0.017416,0.020841,0.238611,-0.143504,-0.016252,-0.002271,0.005129,0.300000,-0.000509,0.003506,-0.000109,0.012014,-0.300000,0.000630,0.004154,0.000110,-0.000002
-0.637429,0.165859,0.813089,0.001990,0.002490,-0.011903,-0.999924,-0.350818,0.059511,-0.047344,0.483499,-0.158312,-0.050003,-0.096589,0.022931,0.018629,0.225193,-0.125369,-0.019121,-0.001866,0.005158,0.300000,-0.000554,0.003547,-0.000109,0.011913,-0.300000,0.000587,0.004160,0.000110,-0.000005
-0.645571,0.165446,0.813468,0.003495,0.002577,-0.012463,-0.999913,-0.352033,0.058711,-0.039185,0.552794,-0.199960,-0.045130,-0.105681,0.026245,0.018130,0.219887,-0.111100,-0.019855,-0.001542,0.005137,0.300000,-0.000581,0.003543,-0.000109,0.011775,-0.300000,0.000545,0.004121,0.000109,-0.000008
-0.653844,0.166566,0.813631,0.004930,0.001870,-0.013338,-0.999897,-0.344140,0.058527,-0.031815,0.606306,-0.231120,-0.033796,-0.119269,0.027252,0.018456,0.219381,-0.098757,-0.018615,-0.001459,0.005065,0.300000,-0.000597,0.003507,-0.000109,0.011641,-0.300000,0.000521,0.004088,0.000108,-0.000012
-0.662328,0.169231,0.813576,0.006187,0.000754,-0.014237,-0.999879,-0.324993,0.058534,-0.027231,0.634192,-0.254013,-0.020286,-0.136751,0.025785,0.020298,0.223790,-0.088388,-0.014837,-0.001308,0.004988,0.300000,-0.000611,0.003476,-0.000108,0.011466,-0.300000,0.000503,0.004035,0.000107,-0.000014
-0.671108,0.173514,0.813050,-0.007135,0.000250,0.014947,0.999863,-0.294044,0.058113,-0.023653,0.631247,-0.269558,-0.009831,-0.159646,0.021632,0.024590,0.237671,-0.082175,-0.008598,-0.001035,0.004908,0.300000,-0.000626,0.003457,-0.000108,0.011266,-0.300000,0.000485,0.003978,0.000107,-0.000015
-0.680184,0.179380,0.811862,-0.007948,0.000776,0.015368,0.999850,-0.249938,0.055149,-0.021254,0.590965,-0.276877,-0.004166,-0.187570,0.015359,0.031475,0.261641,-0.080403,-0.000026,-0.000558,0.004829,0.300000,-0.000639,0.003442,-0.000108,0.011051,-0.300000,0.000470,0.003920,0.000106,-0.000017
-0.689609,0.186583,0.809721,-0.009691,0.001028,0.015286,0.999836,-0.189342,0.049282,-0.020778,0.498329,-0.277682,-0.002489,-0.219899,0.009839,0.040845,0.293353,-0.081658,0.010421,0.000327,0.004744,0.300000,-0.000639,0.003406,-0.000107,0.010675,-0.300000,0.000464,0.003849,0.000105,-0.000021
-0.699672,0.194004,0.805872,-0.015508,0.002264,0.015619,0.999755,-0.122228,0.049086,-0.021516,0.355595,-0.250741,0.000738,-0.258167,0.013188,0.049540,0.330810,-0.085025,0.020486,0.000548,0.004154,0.300000,-0.000623,0.003302,-0.000104,0.010053,-0.300000,0.000470,0.003755,0.000103,-0.000033
-0.708512,0.202758,0.806496,-0.012435,0.000275,0.015631,0.999800,-0.107360,0.030145,-0.017903,0.313810,-0.213316,-0.003686,-0.272029,-0.004170,0.058088,0.338601,-0.077869,0.023508,-0.000305,0.006970,0.300000,-0.000671,0.003781,-0.000111,0.010038,-0.300000,0.000446,0.003938,0.000109,0.000002
-0.716687,0.209731,0.808770,0.007666,0.002538,-0.015834,-0.999842,-0.106014,0.009544,-0.014943,0.301541,-0.193338,0.006753,-0.277508,-0.021673,0.059013,0.343308,-0.076000,0.023853,-0.000912,0.007685,0.300000,-0.000674,0.003903,-0.000114,0.009984,-0.300000,0.000458,0.003976,0.000110,0.000005
-0.725065,0.213989,0.810328,0.004613,0.004298,-0.015652,-0.999858,-0.106148,-0.003266,-0.012066,0.286535,-0.173183,0.013883,-0.293229,-0.026535,0.052302,0.389796,-0.103718,0.023636,-0.001046,0.007612,0.300000,-0.000645,0.003862,-0.000112,0.009819,-0.300000,0.000486,0.003904,0.000109,0.000007
-0.733664,0.216176,0.811496,0.002332,0.004971,-0.015612,-0.999863,-0.108752,-0.011482,-0.010304,0.270497,-0.153076,0.017873,-0.310531,-0.025448,0.046057,0.457922,-0.148493,0.023475,-0.001232,0.007479,0.300000,-0.000601,0.003787,-0.000110,0.009677,-0.300000,0.000526,0.003842,0.000108,0.000009
-0.742566,0.216649,0.812246,0.000739,0.004730,-0.015405,-0.999870,-0.117782,-0.015797,-0.009941,0.261449,-0.135873,0.019169,-0.323092,-0.024127,0.040758,0.527794,-0.192398,0.023268,-0.001305,0.007374,0.300000,-0.000550,0.003741,-0.000109,0.009507,-0.300000,0.000573,0.003772,0.000107,0.000012
-0.751663,0.215583,0.812615,0.000330,-0.004229,0.014671,0.999883,-0.131867,-0.016766,-0.010187,0.260141,-0.122084,0.018670,-0.325314,-0.025440,0.036666,0.586503,-0.227789,0.023038,-0.001291,0.007308,0.300000,-0.000505,0.003733,-0.000108,0.009314,-0.300000,0.000609,0.003703,0.000106,0.000016
-0.761102,0.213021,0.812717,0.001181,-0.003065,0.013744,0.999900,-0.150901,-0.015299,-0.011968,0.264056,-0.110033,0.015967,-0.316620,-0.029233,0.033846,0.625142,-0.256221,0.022831,-0.001358,0.007184,0.300000,-0.000479,0.003681,-0.000107,0.009132,-0.300000,0.000625,0.003631,0.000105,0.000018
-0.770926,0.208777,0.812449,0.001508,-0.001543,0.012993,0.999913,-0.175816,-0.010653,-0.016526,0.275667,-0.100745,0.010691,-0.295784,-0.032062,0.033031,0.638372,-0.279532,0.022665,-0.001501,0.007025,0.300000,-0.000458,0.003611,-0.000105,0.008967,-0.300000,0.000641,0.003578,0.000104,0.000019
-0.781124,0.202841,0.811556,0.001612,-0.000258,0.012518,0.999920,-0.205878,-0.003581,-0.023957,0.295973,-0.094842,0.002973,-0.262529,-0.032850,0.032705,0.623716,-0.294643,0.022533,-0.001764,0.006859,0.300000,-0.000441,0.003552,-0.000104,0.008811,-0.300000,0.000654,0.003543,0.000104,0.000021
-0.791700,0.195546,0.809610,-0.002334,-0.000713,-0.012471,-0.999919,-0.241614,0.003385,-0.034352,0.326194,-0.092837,-0.006548,-0.213276,-0.032729,0.032598,0.565345,-0.297861,0.022425,-0.002262,0.006677,0.300000,-0.000432,0.003479,-0.000103,0.008645,-0.300000,0.000657,0.003497,0.000103,0.000024
-0.802831,0.187409,0.806085,-0.005360,-0.002045,-0.012440,-0.999906,-0.283527,0.005832,-0.046151,0.364754,-0.093917,-0.017041,-0.148107,-0.033743,0.037216,0.449569,-0.292018,0.022499,-0.002557,0.006494,0.300000,-0.000433,0.003392,-0.000102,0.008176,-0.300000,0.000649,0.003396,0.000101,0.000032
-0.814349,0.178999,0.802058,-0.011292,-0.003432,-0.011731,-0.999862,-0.320190,0.002599,-0.054402,0.393724,-0.090704,-0.027056,-0.095304,-0.038967,0.038414,0.331875,-0.246713,0.019485,-0.002277,0.006423,0.300000,-0.000431,0.003424,-0.000103,0.007394,-0.300000,0.000648,0.003647,0.000102,0.000031
-0.823648,0.169104,0.804411,-0.006263,-0.000535,-0.013260,-0.999892,-0.318076,0.025348,-0.063924,0.370437,-0.067613,-0.040182,-0.089814,-0.014651,0.032204,0.311099,-0.227465,0.004827,-0.002403,0.006564,0.300000,-0.000416,0.003625,-0.000109,0.011582,-0.300000,0.000695,0.004317,0.000110,-0.000001
-0.832543,0.161358,0.807719,0.002905,-0.000637,0.014111,0.999896,-0.313469,0.043324,-0.065218,0.341261,-0.055598,-0.048876,-0.088442,0.003059,0.027633,0.288425,-0.201399,-0.007049,-0.002289,0.006615,0.300000,-0.000432,0.003669,-0.000109,0.012163,-0.300000,0.000689,0.004404,0.000111,0.000002
-0.841231,0.155942,0.810224,0.001253,-0.001189,0.014962,0.999887,-0.323847,0.053346,-0.057891,0.355699,-0.066820,-0.049292,-0.085830,0.013497,0.023394,0.261458,-0.174704,-0.015046,-0.002108,0.006602,0.300000,-0.000467,0.003683,-0.000110,0.012105,-0.300000,0.000665,0.004410,0.000111,0.000001
-0.849694,0.152473,0.811774,0.000070,0.001618,-0.015814,-0.999874,-0.339563,0.054784,-0.054250,0.412749,-0.108455,-0.048623,-0.086233,0.020418,0.020027,0.240435,-0.152146,-0.020016,-0.001890,0.006591,0.300000,-0.000511,0.003700,-0.000110,0.012013,-0.300000,0.000629,0.004407,0.000111,-0.000003
-0.857866,0.150485,0.812604,0.001640,0.002182,-0.016456,-0.999861,-0.349904,0.054743,-0.049000,0.483303,-0.158663,-0.047924,-0.090292,0.025883,0.017970,0.227630,-0.134357,-0.022753,-0.001504,0.006604,0.300000,-0.000557,0.003739,-0.000111,0.011913,-0.300000,0.000586,0.004404,0.000111,-0.000006
-0.865908,0.150049,0.813022,0.003150,0.002357,-0.016969,-0.999848,-0.351571,0.054689,-0.041256,0.551590,-0.200088,-0.043714,-0.099237,0.029142,0.017523,0.222621,-0.120408,-0.023423,-0.001198,0.006572,0.300000,-0.000586,0.003735,-0.000111,0.011783,-0.300000,0.000543,0.004364,0.000110,-0.000008
-0.874056,0.151141,0.813262,0.004516,0.001701,-0.017807,-0.999830,-0.344369,0.054746,-0.034625,0.604575,-0.230853,-0.033155,-0.112566,0.029924,0.017865,0.222184,-0.108311,-0.022094,-0.001124,0.006483,0.300000,-0.000602,0.003694,-0.000110,0.011655,-0.300000,0.000519,0.004326,0.000109,-0.000012
-0.882388,0.153746,0.813299,0.005723,0.000595,-0.018645,-0.999810,-0.326206,0.054898,-0.030431,0.632357,-0.253258,-0.020298,-0.129692,0.028317,0.019726,0.226420,-0.098099,-0.018265,-0.000977,0.006393,0.300000,-0.000616,0.003660,-0.000109,0.011485,-0.300000,0.000501,0.004268,0.000108,-0.000014
-0.890981,0.157925,0.812868,-0.006671,0.000406,0.019265,0.999792,-0.296370,0.054750,-0.026727,0.629582,-0.268234,-0.010477,-0.152078,0.024197,0.023991,0.239980,-0.092043,-0.012057,-0.000703,0.006301,0.300000,-0.000629,0.003639,-0.000109,0.011291,-0.300000,0.000484,0.004207,0.000108,-0.000015
-0.899833,0.163618,0.811761,-0.007578,0.000921,0.019583,0.999779,-0.253485,0.052564,-0.023706,0.589893,-0.274961,-0.005462,-0.179344,0.018249,0.030741,0.263567,-0.090468,-0.003630,-0.000241,0.006210,0.300000,-0.000641,0.003623,-0.000109,0.011084,-0.300000,0.000470,0.004145,0.000107,-0.000017
-0.909005,0.170631,0.809725,-0.009387,0.001138,0.019438,0.999766,-0.194383,0.047448,-0.022941,0.499173,-0.275638,-0.004163,-0.210876,0.012979,0.039834,0.294893,-0.092008,0.006656,0.000555,0.006111,0.300000,-0.000642,0.003586,-0.000108,0.010771,-0.300000,0.000464,0.004070,0.000106,-0.000021
-0.918749,0.177921,0.806022,-0.015060,0.002160,0.019663,0.999691,-0.127863,0.047368,-0.023575,0.358675,-0.248067,-0.001368,-0.248130,0.016040,0.048453,0.332339,-0.095916,0.016765,0.000756,0.005512,0.300000,-0.000627,0.003488,-0.000105,0.010307,-0.300000,0.000470,0.003975,0.000104,-0.000032
-0.927437,0.186521,0.806616,-0.012139,0.000253,0.019660,0.999733,-0.112377,0.028775,-0.019779,0.315692,-0.208142,-0.002636,-0.262178,-0.001052,0.056729,0.340765,-0.088653,0.020444,-0.000035,0.007511,0.300000,-0.000676,0.003943,-0.000113,0.010296,-0.300000,0.000445,0.004137,0.000110,0.000002
-0.935526,0.193425,0.808806,0.007308,0.002415,-0.019766,-0.999775,-0.110998,0.008132,-0.016516,0.303611,-0.189999,0.007563,-0.267567,-0.018815,0.057895,0.344280,-0.084595,0.020845,-0.000592,0.007906,0.300000,-0.000676,0.004025,-0.000115,0.010209,-0.300000,0.000456,0.004155,0.000111,0.000005
-0.943851,0.197608,0.810275,0.004204,0.004082,-0.019518,-0.999792,-0.111462,-0.004728,-0.013561,0.289300,-0.170934,0.014497,-0.283183,-0.023957,0.051819,0.387932,-0.108918,0.020653,-0.000742,0.007802,0.300000,-0.000648,0.003966,-0.000113,0.010006,-0.300000,0.000483,0.004072,0.000109,0.000007
-0.952428,0.199682,0.811396,0.001954,0.004744,-0.019459,-0.999798,-0.114260,-0.012790,-0.011829,0.273767,-0.151330,0.018359,-0.301081,-0.023079,0.046009,0.454375,-0.151242,0.020524,-0.000961,0.007653,0.300000,-0.000604,0.003881,-0.000111,0.009854,-0.300000,0.000522,0.004002,0.000108,0.000009
-0.961338,0.200015,0.812152,0.000441,0.004538,-0.019246,-0.999804,-0.123156,-0.016829,-0.011467,0.264618,-0.134115,0.019551,-0.314770,-0.021961,0.041299,0.523464,-0.194067,0.020356,-0.001042,0.007534,0.300000,-0.000552,0.003825,-0.000109,0.009673,-0.300000,0.000569,0.003923,0.000107,0.000011
-0.970475,0.198815,0.812536,0.000542,-0.004133,0.018537,0.999820,-0.136936,-0.017528,-0.011726,0.262986,-0.120108,0.018956,-0.318304,-0.023708,0.037663,0.581941,-0.229162,0.020168,-0.001041,0.007455,0.300000,-0.000506,0.003809,-0.000108,0.009467,-0.300000,0.000606,0.003849,0.000107,0.000015
-0.979982,0.196124,0.812654,0.001311,-0.003072,0.017628,0.999839,-0.155584,-0.015819,-0.013466,0.266340,-0.107702,0.016132,-0.311099,-0.028145,0.035057,0.620880,-0.257382,0.020010,-0.001109,0.007322,0.300000,-0.000480,0.003749,-0.000107,0.009257,-0.300000,0.000622,0.003766,0.000105,0.000018
-0.989894,0.191736,0.812416,0.001528,-0.001630,0.016899,0.999855,-0.180135,-0.010876,-0.018010,0.277209,-0.097911,0.010739,-0.291660,-0.031593,0.034251,0.634558,-0.280325,0.019896,-0.001259,0.007154,0.300000,-0.000458,0.003673,-0.000105,0.009084,-0.300000,0.000638,0.003704,0.000105,0.000019
-1.000197,0.185647,0.811547,0.001514,-0.000393,0.016457,0.999863,-0.210001,-0.003507,-0.025510,0.296835,-0.091474,0.002908,-0.259548,-0.032826,0.033916,0.620410,-0.294938,0.019818,-0.001544,0.006982,0.300000,-0.000441,0.003607,-0.000104,0.008922,-0.300000,0.000651,0.003661,0.000104,0.000020
-1.010877,0.178191,0.809610,-0.002121,-0.000548,-0.016432,-0.999863,-0.245688,0.003739,-0.035998,0.326552,-0.089022,-0.006731,-0.211083,-0.032792,0.033796,0.562606,-0.297920,0.019761,-0.002045,0.006798,0.300000,-0.000432,0.003532,-0.000103,0.008750,-0.300000,0.000655,0.003610,0.000103,0.000023
-1.022106,0.169911,0.806073,-0.005102,-0.001886,-0.016394,-0.999851,-0.287594,0.006284,-0.047816,0.364608,-0.089639,-0.017308,-0.146428,-0.033856,0.038295,0.447370,-0.292409,0.019883,-0.002331,0.006615,0.300000,-0.000433,0.003443,-0.000101,0.008259,-0.300000,0.000646,0.003504,0.000101,0.000032
-1.033657,0.161320,0.802142,-0.010769,-0.003202,-0.015789,-0.999812,-0.323669,0.003637,-0.056291,0.392397,-0.085718,-0.027444,-0.094804,-0.038549,0.039399,0.331571,-0.246356,0.019113,-0.002205,0.006556,0.300000,-0.000431,0.003486,-0.000103,0.007582,-0.300000,0.000647,0.003782,0.000102,0.000029
-1.042946,0.151362,0.804531,-0.005773,-0.000283,-0.017320,-0.999833,-0.321023,0.026376,-0.065597,0.368013,-0.062382,-0.040622,-0.089228,-0.014382,0.033148,0.310251,-0.225886,0.005606,-0.002381,0.006715,0.300000,-0.000417,0.003685,-0.000109,0.011754,-0.300000,0.000692,0.004414,0.000110,-0.000001
-1.051858,0.143581,0.807835,0.002622,-0.000841,0.018168,0.999831,-0.316592,0.043971,-0.066470,0.338985,-0.051502,-0.049212,-0.087666,0.002797,0.028567,0.286819,-0.199904,-0.006133,-0.002276,0.006763,0.300000,-0.000434,0.003726,-0.000110,0.012307,-0.300000,0.000686,0.004496,0.000111,0.000003
-1.060561,0.138086,0.810325,0.001063,-0.001374,0.019026,0.999818,-0.327290,0.054026,-0.058405,0.354323,-0.063460,-0.049568,-0.085098,0.013032,0.024339,0.259704,-0.173287,-0.014132,-0.002091,0.006751,0.300000,-0.000469,0.003742,-0.000110,0.012250,-0.300000,0.000662,0.004503,0.000111,0.000001
-1.069026,0.134529,0.811858,0.000221,0.001815,-0.019893,-0.999800,-0.342878,0.055535,-0.054392,0.412051,-0.105684,-0.048872,-0.085597,0.019884,0.020959,0.238821,-0.150809,-0.019104,-0.001873,0.006742,0.300000,-0.000513,0.003759,-0.000110,0.012162,-0.300000,0.000626,0.004501,0.000111,-0.000003
-1.077195,0.132457,0.812676,0.001780,0.002379,-0.020551,-0.999784,-0.352793,0.055500,-0.048849,0.483064,-0.156372,-0.048165,-0.089760,0.025347,0.018892,0.226158,-0.133064,-0.021846,-0.001478,0.006756,0.300000,-0.000559,0.003797,-0.000111,0.012063,-0.300000,0.000584,0.004497,0.000111,-0.000006
-1.085244,0.131946,0.813083,0.003300,0.002505,-0.021089,-0.999769,-0.354032,0.055408,-0.040849,0.551800,-0.198210,-0.043819,-0.098906,0.028636,0.018441,0.221273,-0.119140,-0.022515,-0.001172,0.006722,0.300000,-0.000586,0.003791,-0.000111,0.011932,-0.300000,0.000541,0.004455,0.000110,-0.000008
-1.093400,0.132970,0.813311,0.004688,0.001812,-0.021943,-0.999747,-0.346189,0.055434,-0.034092,0.605006,-0.229392,-0.033080,-0.112361,0.029458,0.018785,0.220904,-0.107066,-0.021175,-0.001096,0.006634,0.300000,-0.000603,0.003750,-0.000110,0.011804,-0.300000,0.000517,0.004415,0.000109,-0.000012
-1.101739,0.135601,0.813125,0.005553,0.000831,-0.022190,-0.999738,-0.324426,0.055064,-0.027904,0.628227,-0.253105,-0.023604,-0.133141,0.027253,0.022694,0.232107,-0.100052,-0.017129,-0.000099,0.006571,0.300000,-0.000620,0.003739,-0.000110,0.011594,-0.300000,0.000496,0.004345,0.000108,-0.000012
-1.110012,0.139783,0.811476,0.005761,0.000925,-0.022199,-0.999737,-0.278091,0.051127,-0.020336,0.603393,-0.262176,-0.022129,-0.167096,0.022071,0.030518,0.272226,-0.107523,-0.010975,0.000641,0.006563,0.300000,-0.000635,0.003789,-0.000111,0.011461,-0.300000,0.000481,0.004334,0.000109,-0.000012
-1.117759,0.144638,0.808000,0.008150,0.001678,-0.023009,-0.999701,-0.197149,0.043105,-0.015574,0.498796,-0.262514,-0.018637,-0.205603,0.020845,0.037570,0.325530,-0.123138,-0.003782,0.000437,0.006479,0.300000,-0.000631,0.003767,-0.000110,0.011457,-0.300000,0.000487,0.004384,0.000109,-0.000025
-1.125881,0.148344,0.802674,-0.016670,0.000398,0.026754,0.999503,-0.126278,0.048350,-0.012573,0.365625,-0.256025,-0.002382,-0.249962,0.033238,0.037327,0.378944,-0.138231,0.000204,-0.002507,0.004562,0.300000,-0.000613,0.003812,-0.000107,0.011374,-0.300000,0.000493,0.004351,0.000108,-0.000035
-1.131888,0.154342,0.803257,0.011351,0.002634,-0.025826,-0.999599,-0.120298,0.028167,-0.006193,0.356458,-0.245003,0.002039,-0.262823,0.012514,0.038036,0.396443,-0.136649,0.003187,-0.001831,0.010059,0.300000,-0.000659,0.004545,-0.000115,0.011361,-0.300000,0.000480,0.004510,0.000115,0.000012
-1.137381,0.158939,0.803852,0.005316,0.005117,-0.025247,-0.999654,-0.124546,0.008611,-0.002816,0.361242,-0.233531,0.006709,-0.266975,-0.007969,0.040435,0.398127,-0.130745,0.020885,-0.001738,0.011774,0.300000,-0.000658,0.004700,-0.000118,0.011311,-0.300000,0.000492,0.004505,0.000115,0.000013
-1.142766,0.161934,0.803867,0.001343,0.006502,-0.025482,-0.999653,-0.130623,-0.004600,-0.002152,0.364088,-0.224934,0.010865,-0.277622,-0.020728,0.044964,0.407668,-0.128151,0.026045,-0.001899,0.011714,0.300000,-0.000633,0.004658,-0.000118,0.011271,-0.300000,0.000515,0.004512,0.000114,0.000008
-1.147881,0.163834,0.803713,0.001319,-0.006792,0.025825,0.999643,-0.138078,-0.013498,-0.002215,0.365361,-0.217822,0.014073,-0.290108,-0.028855,0.049314,0.416752,-0.125136,0.027745,-0.001947,0.011630,0.300000,-0.000600,0.004621,-0.000116,0.011205,-0.300000,0.000544,0.004498,0.000114,0.000007
-1.152478,0.165006,0.803544,0.002792,-0.006928,0.026097,0.999632,-0.146107,-0.018722,-0.002602,0.368309,-0.212897,0.016479,-0.299561,-0.033614,0.051974,0.421344,-0.120745,0.029513,-0.001962,0.011606,0.300000,-0.000574,0.004654,-0.000117,0.011191,-0.300000,0.000575,0.004544,0.000116,0.000005
-1.156398,0.165705,0.803481,0.003532,-0.007079,0.026356,0.999621,-0.153069,-0.021622,-0.003089,0.371059,-0.209016,0.018079,-0.305854,-0.036307,0.053186,0.422396,-0.115769,0.030846,-0.001953,0.011605,0.300000,-0.000564,0.004697,-0.000118,0.011194,-0.300000,0.000590,0.004595,0.000117,0.000004
-1.159694,0.166048,0.803489,0.003874,-0.006577,0.026607,0.999617,-0.160637,-0.023201,-0.004020,0.373755,-0.205659,0.019003,-0.311800,-0.037636,0.053942,0.421970,-0.110862,0.031579,-0.001952,0.011591,0.300000,-0.000561,0.004718,-0.000118,0.011191,-0.300000,0.000595,0.004626,0.000117,0.000004
-1.162412,0.166145,0.803529,0.003887,-0.005291,0.026943,0.999615,-0.169490,-0.023852,-0.005719,0.376940,-0.202928,0.019561,-0.318075,-0.037929,0.054363,0.420652,-0.106192,0.031987,-0.001956,0.011568,0.300000,-0.000559,0.004730,-0.000118,0.011189,-0.300000,0.000597,0.004655,0.000118,0.000003
-1.164531,0.166135,0.803541,0.003707,-0.003531,0.027404,0.999611,-0.178928,-0.024049,-0.008012,0.380727,-0.201040,0.019924,-0.324541,-0.037712,0.054500,0.419523,-0.102357,0.032194,-0.001964,0.011539,0.300000,-0.000561,0.004747,-0.000118,0.011189,-0.300000,0.000598,0.004692,0.000118,0.000002
-1.166078,0.166104,0.803497,0.003409,-0.001524,0.027985,0.999601,-0.188428,-0.024055,-0.010767,0.385055,-0.199985,0.020168,-0.331020,-0.037243,0.054452,0.419091,-0.099577,0.032248,-0.001964,0.011494,0.300000,-0.000563,0.004757,-0.000119,0.011171,-0.300000,0.000598,0.004721,0.000119,0.000002
-1.167161,0.166104,0.803432,-0.003035,-0.000541,-0.028630,-0.999585,-0.197413,-0.023987,-0.013677,0.389402,-0.199449,0.020362,-0.337040,-0.036679,0.054251,0.418931,-0.097545,0.032251,-0.001946,0.011430,0.300000,-0.000566,0.004760,-0.000119,0.011124,-0.300000,0.000596,0.004736,0.000119,0.000001
-1.167863,0.166152,0.803363,-0.002616,-0.002413,-0.029245,-0.999566,-0.205200,-0.023821,-0.016318,0.393401,-0.199321,0.020523,-0.342077,-0.036084,0.053917,0.418845,-0.096113,0.032264,-0.001905,0.011351,0.300000,-0.000569,0.004760,-0.000119,0.011046,-0.300000,0.000595,0.004736,0.000119,0.000001
-1.168258,0.166251,0.803293,-0.002207,-0.003874,-0.029760,-0.999547,-0.211230,-0.023597,-0.018363,0.396812,-0.199558,0.020685,-0.345757,-0.035572,0.053486,0.418805,-0.095230,0.032319,-0.001850,0.011257,0.300000,-0.000572,0.004754,-0.000120,0.010940,-0.300000,0.000593,0.004722,0.000120,0.000001
-1.168442,0.166396,0.803230,-0.001847,-0.004883,-0.030153,-0.999532,-0.215483,-0.023366,-0.019730,0.399534,-0.200027,0.020868,-0.348125,-0.035210,0.053002,0.418760,-0.094732,0.032432,-0.001790,0.011145,0.300000,-0.000574,0.004738,-0.000120,0.010813,-0.300000,0.000591,0.004694,0.000119,0.000001
-1.168484,0.166582,0.803176,-0.001548,-0.005477,-0.030423,-0.999521,-0.218125,-0.023153,-0.020449,0.401545,-0.200617,0.021078,-0.349349,-0.035015,0.052498,0.418678,-0.094517,0.032606,-0.001732,0.011019,0.300000,-0.000576,0.004711,-0.000120,0.010673,-0.300000,0.000589,0.004656,0.000119,0.000002
-1.168432,0.166792,0.803131,-0.001291,-0.005761,-0.030646,-0.999513,-0.219611,-0.022969,-0.020823,0.403045,-0.201264,0.021306,-0.349716,-0.034954,0.051909,0.418564,-0.094533,0.032828,-0.001695,0.010878,0.300000,-0.000577,0.004669,-0.000119,0.010530,-0.300000,0.000586,0.004613,0.000119,0.000002
-1.168339,0.167004,0.803089,-0.001055,-0.005937,-0.030835,-0.999506,-0.220655,-0.022792,-0.021051,0.404325,-0.201931,0.021538,-0.349805,-0.034929,0.051333,0.418477,-0.094662,0.033068,-0.001661,0.010729,0.300000,-0.000577,0.004619,-0.000118,0.010380,-0.300000,0.000583,0.004562,0.000118,0.000002
-1.168224,0.167207,0.803048,-0.000842,-0.006083,-0.030992,-0.999501,-0.221503,-0.022631,-0.021186,0.405465,-0.202575,0.021761,-0.349832,-0.034920,0.050808,0.418437,-0.094844,0.033308,-0.001630,0.010578,0.300000,-0.000576,0.004566,-0.000118,0.010231,-0.300000,0.000581,0.004509,0.000117,0.000002
-1.168091,0.167391,0.803009,-0.000654,-0.006201,-0.031125,-0.999496,-0.222195,-0.022477,-0.021254,0.406500,-0.203187,0.021967,-0.349816,-0.034923,0.050314,0.418458,-0.095060,0.033534,-0.001603,0.010427,0.300000,-0.000575,0.004514,-0.000117,0.010082,-0.300000,0.000578,0.004457,0.000117,0.000002
-1.167956,0.167552,0.802970,-0.000489,-0.006285,-0.031242,-0.999492,-0.222756,-0.022328,-0.021272,0.407451,-0.203758,0.022151,-0.349765,-0.034936,0.049843,0.418538,-0.095298,0.033737,-0.001578,0.010275,0.300000,-0.000574,0.004461,-0.000116,0.009933,-0.300000,0.000576,0.004406,0.000116,0.000002
-1.167832,0.167687,0.802931,-0.000348,-0.006329,-0.031344,-0.999489,-0.223200,-0.022183,-0.021247,0.408327,-0.204280,0.022309,-0.349683,-0.034956,0.049392,0.418673,-0.095544,0.033911,-0.001554,0.010122,0.300000,-0.000573,0.004408,-0.000116,0.009784,-0.300000,0.000574,0.004355,0.000115,0.000002
-1.167735,0.167794,0.802891,-0.000232,-0.006326,-0.031433,-0.999486,-0.223531,-0.022043,-0.021181,0.409130,-0.204744,0.022437,-0.349569,-0.034983,0.048960,0.418858,-0.095783,0.034051,-0.001531,0.009969,0.300000,-0.000572,0.004355,-0.000115,0.009634,-0.300000,0.000572,0.004304,0.000115,0.000002
-1.167671,0.167871,0.802853,-0.000139,-0.006264,-0.031513,-0.999484,-0.223737,-0.021902,-0.021075,0.409859,-0.205150,0.022533,-0.349398,-0.035017,0.048537,0.419077,-0.096009,0.034155,-0.001509,0.009816,0.300000,-0.000571,0.004304,-0.000114,0.009487,-0.300000,0.000570,0.004255,0.000114,0.000002
-1.167644,0.167920,0.802813,-0.000064,-0.006147,-0.031591,-0.999482,-0.223858,-0.021754,-0.020950,0.410558,-0.205506,0.022596,-0.349169,-0.035053,0.048105,0.419316,-0.096216,0.034226,-0.001490,0.009665,0.300000,-0.000570,0.004253,-0.000114,0.009341,-0.300000,0.000568,0.004208,0.000113,0.000002
-1.167659,0.167944,0.802774,-0.000003,-0.005994,-0.031673,-0.999480,-0.223951,-0.021603,-0.020820,0.411236,-0.205807,0.022630,-0.348928,-0.035090,0.047668,0.419572,-0.096390,0.034266,-0.001471,0.009515,0.300000,-0.000569,0.004204,-0.000113,0.009198,-0.300000,0.000567,0.004162,0.000113,0.000002
-1.167711,0.167947,0.802735,0.000044,-0.005816,-0.031757,-0.999479,-0.224026,-0.021452,-0.020686,0.411880,-0.206051,0.022640,-0.348693,-0.035129,0.047232,0.419839,-0.096528,0.034277,-0.001453,0.009370,0.300000,-0.000568,0.004157,-0.000112,0.009059,-0.300000,0.000565,0.004118,0.000112,0.000002
-1.167791,0.167932,0.802697,0.000076,-0.005623,-0.031842,-0.999477,-0.224088,-0.021307,-0.020545,0.412482,-0.206241,0.022627,-0.348478,-0.035170,0.046806,0.420125,-0.096638,0.034262,-0.001434,0.009230,0.300000,-0.000567,0.004113,-0.000112,0.008925,-0.300000,0.000563,0.004078,0.000112,0.000002
-1.167893,0.167899,0.802661,0.000094,-0.005427,-0.031925,-0.999476,-0.224142,-0.021169,-0.020399,0.413028,-0.206376,0.022594,-0.348297,-0.035216,0.046394,0.420426,-0.096724,0.034223,-0.001416,0.009094,0.300000,-0.000566,0.004073,-0.000111,0.008794,-0.300000,0.000562,0.004039,0.000111,0.000002
-1.168007,0.167849,0.802628,0.000098,-0.005237,-0.032008,-0.999474,-0.224193,-0.021040,-0.020250,0.413505,-0.206457,0.022541,-0.348150,-0.035265,0.045996,0.420725,-0.096789,0.034162,-0.001397,0.008962,0.300000,-0.000566,0.004034,-0.000111,0.008668,-0.300000,0.000561,0.004004,0.000111,0.000002
-1.168126,0.167785,0.802600,0.000093,-0.005058,-0.032093,-0.999472,-0.224239,-0.020914,-0.020104,0.413911,-0.206490,0.022470,-0.348022,-0.035313,0.045603,0.421000,-0.096835,0.034083,-0.001380,0.008834,0.300000,-0.000565,0.003999,-0.000110,0.008546,-0.300000,0.000559,0.003971,0.000110,0.000002
-1.168242,0.167709,0.802577,0.000081,-0.004893,-0.032183,-0.999470,-0.224278,-0.020789,-0.019965,0.414250,-0.206484,0.022383,-0.347909,-0.035360,0.045209,0.421257,-0.096872,0.033987,-0.001363,0.008710,0.300000,-0.000565,0.003965,-0.000110,0.008428,-0.300000,0.000558,0.003941,0.000110,0.000002
-1.168351,0.167624,0.802556,0.000063,-0.004743,-0.032277,-0.999468,-0.224314,-0.020666,-0.019834,0.414532,-0.206452,0.022282,-0.347811,-0.035406,0.044816,0.421500,-0.096910,0.033877,-0.001346,0.008590,0.300000,-0.000564,0.003934,-0.000110,0.008314,-0.300000,0.000557,0.003913,0.000110,0.000002
-1.168450,0.167532,0.802538,0.000043,-0.004609,-0.032374,-0.999465,-0.224354,-0.020542,-0.019711,0.414783,-0.206410,0.022170,-0.347724,-0.035449,0.044421,0.421734,-0.096954,0.033758,-0.001329,0.008472,0.300000,-0.000564,0.003905,-0.000109,0.008202,-0.300000,0.000556,0.003887,0.000109,0.000002
-1.168537,0.167437,0.802522,0.000024,-0.004490,-0.032475,-0.999462,-0.224399,-0.020416,-0.019598,0.415010,-0.206369,0.022051,-0.347648,-0.035488,0.044024,0.421959,-0.097010,0.033634,-0.001312,0.008358,0.300000,-0.000564,0.003877,-0.000109,0.008093,-0.300000,0.000555,0.003862,0.000109,0.000001
-1.168609,0.167343,0.802507,0.000005,-0.004388,-0.032578,-0.999460,-0.224451,-0.020288,-0.019492,0.415216,-0.206332,0.021929,-0.347582,-0.035524,0.043627,0.422173,-0.097078,0.033507,-0.001294,0.008246,0.300000,-0.000564,0.003851,-0.000109,0.007987,-0.300000,0.000555,0.003839,0.000109,0.000001
-1.168667,0.167251,0.802494,-0.000010,-0.004303,-0.032683,-0.999457,-0.224509,-0.020161,-0.019394,0.415402,-0.206303,0.021806,-0.347524,-0.035557,0.043231,0.422375,-0.097159,0.033381,-0.001277,0.008136,0.300000,-0.000564,0.003827,-0.000109,0.007882,-0.300000,0.000554,0.003817,0.000109,0.000001
-1.168707,0.167163,0.802483,-0.000023,-0.004237,-0.032789,-0.999453,-0.224574,-0.020033,-0.019301,0.415568,-0.206284,0.021686,-0.347474,-0.035589,0.042836,0.422564,-0.097255,0.033257,-0.001259,0.008029,0.300000,-0.000564,0.003803,-0.000108,0.007780,-0.300000,0.000553,0.003796,0.000108,0.000001
-1.168731,0.167080,0.802473,-0.000032,-0.004189,-0.032896,-0.999450,-0.224645,-0.019907,-0.019213,0.415717,-0.206277,0.021569,-0.347431,-0.035619,0.042444,0.422739,-0.097366,0.033139,-0.001242,0.007924,0.300000,-0.000563,0.003781,-0.000108,0.007680,-0.300000,0.000552,0.003776,0.000108,0.000001
-1.168736,0.167002,0.802465,-0.000038,-0.004159,-0.033004,-0.999447,-0.224721,-0.019783,-0.019131,0.415849,-0.206283,0.021456,-0.347395,-0.035648,0.042054,0.422901,-0.097491,0.033027,-0.001224,0.007821,0.300000,-0.000563,0.003760,-0.000108,0.007581,-0.300000,0.000551,0.003757,0.000108,0.000001
-1.168725,0.166930,0.802458,-0.000041,-0.004147,-0.033112,-0.999443,-0.224803,-0.019659,-0.019052,0.415967,-0.206302,0.021349,-0.347364,-0.035675,0.041667,0.423050,-0.097632,0.032921,-0.001207,0.007719,0.300000,-0.000563,0.003740,-0.000108,0.007484,-0.300000,0.000551,0.003739,0.000108,0.000001
-1.168696,0.166864,0.802453,-0.000040,-0.004150,-0.033220,-0.999440,-0.224888,-0.019537,-0.018976,0.416072,-0.206334,0.021247,-0.347338,-0.035702,0.041283,0.423188,-0.097788,0.032823,-0.001190,0.007619,0.300000,-0.000563,0.003720,-0.000108,0.007389,-0.300000,0.000550,0.003721,0.000108,0.000001
-1.168653,0.166803,0.802448,-0.000036,-0.004167,-0.033327,-0.999436,-0.224976,-0.019417,-0.018904,0.416166,-0.206379,0.021150,-0.347314,-0.035728,0.040901,0.423316,-0.097957,0.032731,-0.001173,0.007520,0.300000,-0.000563,0.003702,-0.000107,0.007294,-0.300000,0.000550,0.003704,0.000108,0.000001
-1.168597,0.166747,0.802444,-0.000029,-0.004196,-0.033435,-0.999432,-0.225066,-0.019298,-0.018833,0.416251,-0.206436,0.021058,-0.347293,-0.035753,0.040523,0.423434,-0.098138,0.032646,-0.001156,0.007422,0.300000,-0.000563,0.003683,-0.000107,0.007201,-0.300000,0.000549,0.003687,0.000107,0.000001
-1.168529,0.166696,0.802441,-0.000019,-0.004235,-0.033542,-0.999428,-0.225156,-0.019180,-0.018763,0.416328,-0.206503,0.020971,-0.347272,-0.035779,0.040147,0.423546,-0.098330,0.032568,-0.001139,0.007326,0.300000,-0.000563,0.003666,-0.000107,0.007108,-0.300000,0.000549,0.003671,0.000107,0.000001
-1.168452,0.166648,0.802439,-0.000008,-0.004281,-0.033648,-0.999425,-0.225246,-0.019063,-0.018694,0.416401,-0.206579,0.020888,-0.347251,-0.035804,0.039775,0.423651,-0.098530,0.032494,-0.001123,0.007230,0.300000,-0.000563,0.003648,-0.000107,0.007017,-0.300000,0.000548,0.003655,0.000107,0.000001
-1.168368,0.166605,0.802437,0.000005,-0.004332,-0.033754,-0.999421,-0.225334,-0.018947,-0.018624,0.416470,-0.206662,0.020810,-0.347227,-0.035829,0.039405,0.423751,-0.098736,0.032426,-0.001106,0.007135,0.300000,-0.000563,0.003631,-0.000107,0.006926,-0.300000,0.000548,0.003640,0.000107,0.000001
-1.168280,0.166564,0.802434,0.000020,-0.004384,-0.033858,-0.999417,-0.225419,-0.018832,-0.018553,0.416538,-0.206750,0.020734,-0.347202,-0.035854,0.039039,0.423848,-0.098945,0.032362,-0.001091,0.007041,0.300000,-0.000563,0.003614,-0.000107,0.006836,-0.300000,0.000547,0.003624,0.000107,0.000001
-1.168191,0.166525,0.802432,0.000034,-0.004437,-0.033961,-0.999413,-0.225502,-0.018718,-0.018480,0.416605,-0.206841,0.020662,-0.347172,-0.035879,0.038676,0.423943,-0.099156,0.032301,-0.001075,0.006948,0.300000,-0.000563,0.003598,-0.000107,0.006746,-0.300000,0.000547,0.003609,0.000107,0.000000
-1.168102,0.166487,0.802430,0.000050,-0.004487,-0.034063,-0.999410,-0.225581,-0.018604,-0.018406,0.416673,-0.206933,0.020591,-0.347139,-0.035905,0.038315,0.424036,-0.099365,0.032243,-0.001059,0.006855,0.300000,-0.000563,0.003582,-0.000106,0.006657,-0.300000,0.000546,0.003594,0.000107,0.000000
-1.168016,0.166450,0.802428,0.000065,-0.004534,-0.034164,-0.999406,-0.225655,-0.018491,-0.018328,0.416744,-0.207023,0.020522,-0.347101,-0.035931,0.037958,0.424128,-0.099571,0.032186,-0.001044,0.006764,0.300000,-0.000563,0.003566,-0.000106,0.006569,-0.300000,0.000546,0.003580,0.000107,0.000000
-1.167934,0.166414,0.802425,0.000079,-0.004576,-0.034263,-0.999402,-0.225725,-0.018379,-0.018248,0.416817,-0.207111,0.020454,-0.347057,-0.035958,0.037604,0.424220,-0.099772,0.032131,-0.001029,0.006673,0.300000,-0.000563,0.003551,-0.000106,0.006482,-0.300000,0.000546,0.003566,0.000106,0.000000
-1.167858,0.166377,0.802422,0.000093,-0.004610,-0.034361,-0.999399,-0.225790,-0.018267,-0.018165,0.416893,-0.207194,0.020387,-0.347009,-0.035985,0.037253,0.424312,-0.099966,0.032075,-0.001014,0.006584,0.300000,-0.000563,0.003536,-0.000106,0.006396,-0.300000,0.000545,0.003552,0.000106,0.000000
-1.167789,0.166339,0.802419,0.000106,-0.004638,-0.034458,-0.999395,-0.225850,-0.018155,-0.018078,0.416973,-0.207272,0.020320,-0.346954,-0.036012,0.036906,0.424404,-0.100152,0.032019,-0.001000,0.006495,0.300000,-0.000563,0.003521,-0.000106,0.006311,-0.300000,0.000545,0.003538,0.000106,0.000000
-1.167727,0.166300,0.802415,-0.000118,0.004657,0.034553,0.999392,-0.225905,-0.018044,-0.017988,0.417056,-0.207343,0.020253,-0.346895,-0.036039,0.036561,0.424496,-0.100329,0.031962,-0.000985,0.006408,0.300000,-0.000563,0.003507,-0.000106,0.006227,-0.300000,0.000545,0.003525,0.000106,0.000000
-1.167673,0.166260,0.802411,-0.000128,0.004669,0.034647,0.999389,-0.225956,-0.017933,-0.017896,0.417143,-0.207406,0.020185,-0.346831,-0.036067,0.036220,0.424589,-0.100495,0.031904,-0.000971,0.006322,0.300000,-0.000563,0.003493,-0.000106,0.006144,-0.300000,0.000545,0.003512,0.000106,0.000000
-1.167628,0.166219,0.802407,-0.000137,0.004673,0.034740,0.999386,-0.226003,-0.017822,-0.017800,0.417232,-0.207462,0.020116,-0.346762,-0.036095,0.035882,0.424682,-0.100652,0.031845,-0.000957,0.006237,0.300000,-0.000562,0.003480,-0.000106,0.006063,-0.300000,0.000544,0.003500,0.000106,0.000000
-1.167591,0.166176,0.802402,-0.000144,0.004669,0.034832,0.999382,-0.226047,-0.017712,-0.017702,0.417324,-0.207509,0.020047,-0.346689,-0.036123,0.035548,0.424774,-0.100798,0.031784,-0.000944,0.006153,0.300000,-0.000562,0.003467,-0.000105,0.005982,-0.300000,0.000544,0.003488,0.000106,0.000000
-1.167562,0.166131,0.802397,-0.000151,0.004658,0.034922,0.999379,-0.226087,-0.017602,-0.017602,0.417418,-0.207548,0.019976,-0.346612,-0.036151,0.035216,0.424866,-0.100934,0.031722,-0.000930,0.006071,0.300000,-0.000562,0.003455,-0.000105,0.005903,-0.300000,0.000544,0.003477,0.000106,0.000000
-1.167540,0.166085,0.802392,-0.000156,0.004642,0.035012,0.999376,-0.226125,-0.017492,-0.017500,0.417514,-0.207580,0.019905,-0.346532,-0.036179,0.034888,0.424957,-0.101061,0.031658,-0.000917,0.005990,0.300000,-0.000562,0.003443,-0.000105,0.005826,-0.300000,0.000544,0.003466,0.000106,0.000000
-1.167524,0.166038,0.802387,-0.000160,0.004620,0.035100,0.999373,-0.226160,-0.017383,-0.017396,0.417609,-0.207604,0.019833,-0.346449,-0.036206,0.034563,0.425046,-0.101179,0.031592,-0.000904,0.005911,0.300000,-0.000562,0.003432,-0.000105,0.005749,-0.300000,0.000544,0.003456,0.000106,0.000000
-1.167514,0.165990,0.802382,-0.000163,0.004594,0.035188,0.999370,-0.226194,-0.017274,-0.017291,0.417704,-0.207622,0.019760,-0.346365,-0.036234,0.034241,0.425134,-0.101289,0.031526,-0.000891,0.005833,0.300000,-0.000562,0.003422,-0.000105,0.005675,-0.300000,0.000544,0.003446,0.000105,0.000000
-1.167508,0.165941,0.802377,-0.000165,0.004565,0.035275,0.999367,-0.226227,-0.017165,-0.017185,0.417799,-0.207634,0.019687,-0.346279,-0.036261,0.033922,0.425219,-0.101392,0.031458,-0.000878,0.005756,0.096897,-0.000562,0.003412,-0.000105,0.005601,-0.090787,0.000544,0.003437,0.000105,0.000000
