-0.002176,0.008821,0.802505,-0.004306,0.006183,0.001674,0.999970,-0.235844,-0.000296,-0.016107,0.431004,-0.214854,0.012298,-0.227080,-0.005334,0.029752,0.406444,-0.198930,0.014221,-0.000410,0.003095,0.300000,-0.000409,0.002132,-0.000083,0.001251,-0.300000,0.000488,0.002188,0.000085,0.000004
-0.002287,0.008819,0.802514,-0.004295,0.006152,0.001704,0.999970,-0.235930,-0.000238,-0.015864,0.430936,-0.214653,0.012276,-0.227150,-0.005444,0.029498,0.406418,-0.198781,0.014249,-0.000410,0.003054,0.300000,-0.000413,0.002164,-0.000084,0.001239,-0.300000,0.000492,0.002221,0.000086,0.000004
-0.002406,0.008818,0.802523,-0.004285,0.006114,0.001734,0.999971,-0.236013,-0.000177,-0.015619,0.430875,-0.214446,0.012255,-0.227216,-0.005551,0.029248,0.406394,-0.198621,0.014278,-0.000410,0.003014,0.300000,-0.000417,0.002194,-0.000085,0.001228,-0.300000,0.000497,0.002253,0.000087,0.000004
-0.002531,0.008816,0.802532,-0.004276,0.006070,0.001761,0.999971,-0.236096,-0.000114,-0.015373,0.430819,-0.214235,0.012234,-0.227279,-0.005655,0.029000,0.406371,-0.198454,0.014306,-0.000411,0.002976,0.300000,-0.000421,0.002225,-0.000086,0.001218,-0.300000,0.000501,0.002284,0.000087,0.000004
-0.002661,0.008814,0.802542,-0.004268,0.006021,0.001788,0.999971,-0.236179,-0.000048,-0.015127,0.430768,-0.214022,0.012213,-0.227341,-0.005757,0.028756,0.406349,-0.198280,0.014334,-0.000411,0.002939,0.300000,-0.000425,0.002254,-0.000086,0.001208,-0.300000,0.000505,0.002314,0.000088,0.000004
-0.002794,0.008812,0.802550,-0.004260,0.005971,0.001813,0.999971,-0.236262,0.000020,-0.014880,0.430721,-0.213807,0.012191,-0.227403,-0.005855,0.028515,0.406327,-0.198102,0.014360,-0.000411,0.002902,0.300000,-0.000429,0.002283,-0.000087,0.001198,-0.300000,0.000509,0.002344,0.000089,0.000004
-0.002927,0.008809,0.802559,-0.004253,0.005919,0.001837,0.999972,-0.236346,0.000090,-0.014633,0.430677,-0.213592,0.012167,-0.227465,-0.005951,0.028277,0.406305,-0.197922,0.014386,-0.000412,0.002867,0.300000,-0.000433,0.002311,-0.000088,0.001190,-0.300000,0.000513,0.002373,0.000090,0.000004
-0.003060,0.008805,0.802568,-0.004246,0.005869,0.001860,0.999972,-0.236433,0.000162,-0.014387,0.430634,-0.213379,0.012143,-0.227528,-0.006043,0.028042,0.406283,-0.197743,0.014410,-0.000412,0.002833,0.300000,-0.000436,0.002339,-0.000089,0.001182,-0.300000,0.000517,0.002402,0.000090,0.000004
-0.003192,0.008800,0.802577,-0.004239,0.005821,0.001882,0.999972,-0.236521,0.000236,-0.014141,0.430593,-0.213169,0.012118,-0.227592,-0.006133,0.027810,0.406260,-0.197565,0.014434,-0.000412,0.002800,0.300000,-0.000439,0.002366,-0.000089,0.001174,-0.300000,0.000521,0.002429,0.000091,0.000004
-0.003319,0.008795,0.802585,-0.004233,0.005776,0.001903,0.999973,-0.236612,0.000312,-0.013897,0.430552,-0.212963,0.012091,-0.227659,-0.006220,0.027581,0.406236,-0.197390,0.014455,-0.000413,0.002767,0.300000,-0.000443,0.002392,-0.000090,0.001167,-0.300000,0.000524,0.002457,0.000092,0.000004
-0.003443,0.008788,0.802594,-0.004227,0.005735,0.001924,0.999973,-0.236706,0.000389,-0.013655,0.430512,-0.212762,0.012063,-0.227727,-0.006304,0.027354,0.406211,-0.197219,0.014476,-0.000413,0.002736,0.300000,-0.000446,0.002418,-0.000090,0.001161,-0.300000,0.000527,0.002483,0.000092,0.000004
-0.003561,0.008781,0.802603,-0.004221,0.005699,0.001945,0.999973,-0.236802,0.000468,-0.013414,0.430471,-0.212568,0.012033,-0.227797,-0.006386,0.027131,0.406184,-0.197054,0.014495,-0.000414,0.002705,0.300000,-0.000449,0.002443,-0.000091,0.001155,-0.300000,0.000530,0.002509,0.000093,0.000004
-0.003674,0.008773,0.802611,-0.004215,0.005669,0.001964,0.999973,-0.236900,0.000548,-0.013175,0.430430,-0.212380,0.012002,-0.227870,-0.006465,0.026910,0.406155,-0.196895,0.014513,-0.000415,0.002675,0.300000,-0.000452,0.002467,-0.000092,0.001149,-0.300000,0.000533,0.002534,0.000093,0.000004
-0.003780,0.008764,0.802620,-0.004210,0.005643,0.001984,0.999973,-0.237002,0.000629,-0.012938,0.430389,-0.212199,0.011970,-0.227944,-0.006542,0.026691,0.406124,-0.196742,0.014530,-0.000415,0.002646,0.300000,-0.000454,0.002491,-0.000092,0.001144,-0.300000,0.000536,0.002559,0.000094,0.000004
-0.003880,0.008755,0.802628,-0.004205,0.005623,0.002003,0.999973,-0.237105,0.000711,-0.012702,0.430347,-0.212025,0.011936,-0.228021,-0.006616,0.026475,0.406092,-0.196596,0.014546,-0.000416,0.002617,0.300000,-0.000457,0.002514,-0.000093,0.001138,-0.300000,0.000539,0.002583,0.000095,0.000004
-0.003973,0.008745,0.802636,-0.004200,0.005608,0.002021,0.999973,-0.237211,0.000794,-0.012469,0.430304,-0.211859,0.011901,-0.228098,-0.006689,0.026261,0.406058,-0.196457,0.014560,-0.000416,0.002588,0.300000,-0.000460,0.002537,-0.000093,0.001133,-0.300000,0.000541,0.002606,0.000095,0.000004
-0.004061,0.008734,0.802644,-0.004195,0.005599,0.002039,0.999973,-0.237318,0.000878,-0.012238,0.430261,-0.211699,0.011866,-0.228177,-0.006759,0.026050,0.406022,-0.196325,0.014574,-0.000417,0.002560,0.300000,-0.000462,0.002559,-0.000094,0.001128,-0.300000,0.000544,0.002628,0.000095,0.000004
-0.004143,0.008722,0.802653,-0.004191,0.005593,0.002057,0.999973,-0.237427,0.000963,-0.012008,0.430218,-0.211547,0.011829,-0.228256,-0.006827,0.025840,0.405984,-0.196199,0.014586,-0.000417,0.002533,0.300000,-0.000464,0.002580,-0.000094,0.001123,-0.300000,0.000546,0.002650,0.000096,0.000004
-0.004219,0.008710,0.802661,-0.004186,0.005592,0.002075,0.999974,-0.237537,0.001049,-0.011781,0.430175,-0.211400,0.011791,-0.228336,-0.006894,0.025633,0.405945,-0.196079,0.014598,-0.000418,0.002506,0.300000,-0.000467,0.002600,-0.000095,0.001118,-0.300000,0.000548,0.002670,0.000096,0.000004
-0.004291,0.008698,0.802669,-0.004182,0.005594,0.002093,0.999973,-0.237647,0.001136,-0.011555,0.430132,-0.211259,0.011752,-0.228415,-0.006958,0.025427,0.405906,-0.195965,0.014608,-0.000418,0.002479,0.300000,-0.000469,0.002620,-0.000095,0.001113,-0.300000,0.000551,0.002691,0.000097,0.000004
-0.004359,0.008684,0.802676,-0.004178,0.005598,0.002110,0.999973,-0.237757,0.001223,-0.011331,0.430089,-0.211123,0.011712,-0.228494,-0.007020,0.025223,0.405865,-0.195855,0.014618,-0.000419,0.002452,0.300000,-0.000471,0.002639,-0.000095,0.001108,-0.300000,0.000553,0.002710,0.000097,0.000004
-0.004424,0.008670,0.802684,-0.004175,0.005604,0.002127,0.999973,-0.237868,0.001312,-0.011108,0.430047,-0.210991,0.011671,-0.228573,-0.007081,0.025021,0.405824,-0.195749,0.014626,-0.000419,0.002426,0.300000,-0.000473,0.002658,-0.000096,0.001103,-0.300000,0.000555,0.002729,0.000098,0.000004
-0.004487,0.008656,0.802692,-0.004171,0.005612,0.002143,0.999973,-0.237977,0.001401,-0.010887,0.430006,-0.210862,0.011629,-0.228650,-0.007140,0.024821,0.405783,-0.195646,0.014634,-0.000420,0.002399,0.300000,-0.000475,0.002675,-0.000096,0.001097,-0.300000,0.000556,0.002747,0.000098,0.000004
-0.004548,0.008641,0.802699,-0.004168,0.005620,0.002159,0.999973,-0.238086,0.001492,-0.010667,0.429966,-0.210737,0.011587,-0.228726,-0.007197,0.024622,0.405742,-0.195546,0.014640,-0.000420,0.002373,0.300000,-0.000477,0.002692,-0.000097,0.001092,-0.300000,0.000558,0.002764,0.000098,0.000004
-0.004608,0.008625,0.802706,-0.004164,0.005627,0.002176,0.999973,-0.238194,0.001582,-0.010448,0.429927,-0.210613,0.011544,-0.228800,-0.007254,0.024424,0.405701,-0.195447,0.014646,-0.000420,0.002348,0.300000,-0.000478,0.002709,-0.000097,0.001086,-0.300000,0.000560,0.002781,0.000099,0.000004
-0.004667,0.008609,0.802714,-0.004161,0.005635,0.002193,0.999973,-0.238301,0.001673,-0.010231,0.429890,-0.210490,0.011500,-0.228873,-0.007310,0.024227,0.405661,-0.195350,0.014651,-0.000421,0.002322,0.300000,-0.000480,0.002725,-0.000097,0.001081,-0.300000,0.000561,0.002797,0.000099,0.000004
-0.004727,0.008593,0.802720,-0.004157,0.005641,0.002209,0.999973,-0.238406,0.001764,-0.010015,0.429853,-0.210368,0.011456,-0.228944,-0.007365,0.024031,0.405623,-0.195254,0.014656,-0.000421,0.002297,0.300000,-0.000482,0.002740,-0.000098,0.001075,-0.300000,0.000563,0.002813,0.000099,0.000004
-0.004788,0.008578,0.802727,-0.004154,0.005645,0.002226,0.999973,-0.238509,0.001854,-0.009801,0.429818,-0.210246,0.011412,-0.229013,-0.007420,0.023836,0.405585,-0.195158,0.014660,-0.000422,0.002272,0.300000,-0.000483,0.002755,-0.000098,0.001070,-0.300000,0.000564,0.002828,0.000100,0.000004
-0.004849,0.008562,0.802734,-0.004151,0.005648,0.002243,0.999973,-0.238611,0.001944,-0.009587,0.429784,-0.210124,0.011369,-0.229080,-0.007475,0.023642,0.405549,-0.195062,0.014665,-0.000422,0.002247,0.300000,-0.000485,0.002769,-0.000098,0.001064,-0.300000,0.000566,0.002842,0.000100,0.000004
-0.004912,0.008546,0.802741,-0.004147,0.005649,0.002260,0.999973,-0.238711,0.002034,-0.009374,0.429752,-0.210001,0.011325,-0.229146,-0.007530,0.023448,0.405515,-0.194965,0.014669,-0.000422,0.002223,0.300000,-0.000486,0.002783,-0.000098,0.001059,-0.300000,0.000567,0.002856,0.000100,0.000004
-0.004976,0.008531,0.802747,-0.004144,0.005648,0.002277,0.999973,-0.238810,0.002124,-0.009163,0.429721,-0.209877,0.011282,-0.229210,-0.007585,0.023256,0.405481,-0.194867,0.014674,-0.000423,0.002199,0.300000,-0.000487,0.002797,-0.000099,0.001053,-0.300000,0.000568,0.002870,0.000100,0.000004
-0.005041,0.008515,0.802754,-0.004141,0.005645,0.002294,0.999973,-0.238907,0.002213,-0.008952,0.429692,-0.209753,0.011239,-0.229272,-0.007639,0.023065,0.405449,-0.194768,0.014678,-0.000423,0.002175,0.300000,-0.000489,0.002810,-0.000099,0.001047,-0.300000,0.000570,0.002883,0.000101,0.000004
-0.005109,0.008499,0.802760,-0.004138,0.005639,0.002311,0.999973,-0.239002,0.002303,-0.008742,0.429664,-0.209627,0.011196,-0.229333,-0.007693,0.022875,0.405419,-0.194668,0.014682,-0.000423,0.002152,0.300000,-0.000490,0.002822,-0.000099,0.001042,-0.300000,0.000571,0.002895,0.000101,0.000004
-0.005178,0.008484,0.802766,-0.004135,0.005632,0.002328,0.999973,-0.239096,0.002392,-0.008533,0.429637,-0.209501,0.011153,-0.229392,-0.007747,0.022686,0.405390,-0.194567,0.014686,-0.000424,0.002129,0.300000,-0.000491,0.002835,-0.000099,0.001037,-0.300000,0.000572,0.002908,0.000101,0.000004
-0.005248,0.008469,0.802772,-0.004132,0.005623,0.002345,0.999973,-0.239189,0.002480,-0.008325,0.429612,-0.209373,0.011111,-0.229450,-0.007800,0.022499,0.405362,-0.194466,0.014690,-0.000424,0.002107,0.300000,-0.000492,0.002847,-0.000100,0.001032,-0.300000,0.000573,0.002919,0.000101,0.000004
-0.005319,0.008454,0.802778,-0.004128,0.005612,0.002362,0.999973,-0.239281,0.002567,-0.008117,0.429589,-0.209244,0.011069,-0.229507,-0.007856,0.022312,0.405336,-0.194364,0.014695,-0.000424,0.002084,0.300000,-0.000494,0.002858,-0.000100,0.001027,-0.300000,0.000574,0.002931,0.000101,0.000004
-0.005393,0.008448,0.802783,-0.004118,0.005596,0.002368,0.999973,-0.239370,0.002635,-0.007885,0.429588,-0.209106,0.011030,-0.229569,-0.007933,0.022151,0.405329,-0.194283,0.014709,-0.000420,0.002064,0.300000,-0.000495,0.002870,-0.000100,0.001020,-0.300000,0.000575,0.002942,0.000102,0.000004
-0.005466,0.008445,0.802784,-0.004112,0.005572,0.002341,0.999973,-0.239435,0.002727,-0.007582,0.429596,-0.208995,0.010992,-0.229656,-0.007989,0.022054,0.405372,-0.194224,0.014728,-0.000412,0.002046,0.300000,-0.000496,0.002883,-0.000100,0.001013,-0.300000,0.000575,0.002951,0.000102,0.000005
-0.005536,0.008437,0.802785,-0.004104,0.005550,0.002277,0.999974,-0.239473,0.002842,-0.007195,0.429592,-0.208913,0.010955,-0.229771,-0.008029,0.022020,0.405447,-0.194164,0.014748,-0.000405,0.002029,0.300000,-0.000497,0.002897,-0.000100,0.001006,-0.300000,0.000576,0.002960,0.000102,0.000005
-0.005598,0.008425,0.802784,-0.004091,0.005528,0.002183,0.999974,-0.239487,0.002976,-0.006735,0.429582,-0.208851,0.010907,-0.229903,-0.008060,0.022033,0.405545,-0.194106,0.014764,-0.000398,0.002013,0.300000,-0.000498,0.002910,-0.000101,0.001001,-0.300000,0.000577,0.002969,0.000102,0.000005
-0.005665,0.008388,0.802781,-0.004043,0.005521,0.002022,0.999975,-0.239444,0.003118,-0.006089,0.429440,-0.208709,0.010815,-0.230262,-0.008101,0.022183,0.405922,-0.194124,0.014749,-0.000385,0.001998,0.300000,-0.000498,0.002923,-0.000101,0.000988,-0.300000,0.000578,0.002973,0.000102,0.000005
-0.005755,0.008241,0.802780,-0.003780,0.005519,0.001633,0.999976,-0.238820,0.003133,-0.004643,0.428340,-0.208187,0.010603,-0.231356,-0.008354,0.022845,0.407334,-0.194443,0.014645,-0.000340,0.001998,0.300000,-0.000498,0.002948,-0.000101,0.000957,-0.300000,0.000580,0.002965,0.000102,0.000008
-0.005850,0.007822,0.802853,-0.002915,0.005390,0.000854,0.999981,-0.236043,0.002548,-0.001593,0.424160,-0.206313,0.010096,-0.233143,-0.009339,0.024483,0.410135,-0.195306,0.014356,-0.000302,0.002008,0.300000,-0.000498,0.002985,-0.000102,0.000920,-0.300000,0.000583,0.002953,0.000102,0.000012
-0.005978,0.006768,0.802954,0.001381,-0.005098,-0.000008,-0.999986,-0.231583,0.001551,0.002188,0.417562,-0.203176,0.008671,-0.235726,-0.010857,0.026474,0.414915,-0.197285,0.013413,-0.000356,0.001989,0.300000,-0.000493,0.003002,-0.000102,0.000902,-0.300000,0.000590,0.002954,0.000102,0.000015
-0.006179,0.004738,0.802933,0.000501,0.004674,-0.000825,0.999989,-0.227375,0.001285,0.005946,0.411681,-0.200235,0.005770,-0.239368,-0.011803,0.028354,0.422104,-0.200493,0.011048,-0.000446,0.001956,0.300000,-0.000482,0.003006,-0.000102,0.000890,-0.300000,0.000601,0.002957,0.000103,0.000017
-0.006434,0.001625,0.802854,0.002409,0.004163,-0.001401,0.999988,-0.223816,0.002428,0.008959,0.406849,-0.197517,0.001348,-0.242627,-0.011531,0.029081,0.429201,-0.203768,0.007207,-0.000578,0.001910,0.300000,-0.000470,0.002998,-0.000102,0.000905,-0.300000,0.000614,0.002981,0.000103,0.000017
-0.006747,-0.002631,0.802924,0.003439,0.003828,-0.001931,0.999985,-0.221649,0.007030,0.010901,0.403233,-0.195049,-0.004782,-0.243114,-0.007757,0.028457,0.430833,-0.204438,0.001379,-0.000629,0.001880,0.300000,-0.000455,0.002990,-0.000102,0.000903,-0.300000,0.000630,0.002990,0.000103,0.000016
-0.007037,-0.007810,0.803322,0.003262,0.003696,-0.002339,0.999985,-0.219863,0.015353,0.011551,0.399029,-0.192123,-0.012306,-0.239141,-0.000173,0.025786,0.424070,-0.201173,-0.006206,-0.000673,0.001869,0.300000,-0.000444,0.002998,-0.000102,0.000932,-0.300000,0.000645,0.003025,0.000104,0.000013
-0.007226,-0.013548,0.804280,0.002109,0.003655,-0.002851,0.999987,-0.215532,0.026441,0.012152,0.389856,-0.186967,-0.020798,-0.229273,0.010302,0.021574,0.406514,-0.192527,-0.014831,-0.000634,0.001883,0.300000,-0.000441,0.003025,-0.000102,0.000940,-0.300000,0.000652,0.003046,0.000104,0.000012
-0.007422,-0.019348,0.805691,0.000722,0.003700,-0.004057,0.999985,-0.207625,0.038225,0.014504,0.374331,-0.178943,-0.029445,-0.215568,0.021793,0.018359,0.380953,-0.179538,-0.023615,-0.000386,0.001927,0.300000,-0.000446,0.003076,-0.000103,0.000883,-0.300000,0.000650,0.003024,0.000104,0.000014
-0.007668,-0.024740,0.807259,0.000668,-0.003120,0.005981,-0.999977,-0.197027,0.049459,0.017583,0.357022,-0.169534,-0.037042,-0.198173,0.033060,0.016738,0.350472,-0.163909,-0.031915,-0.000083,0.001957,0.300000,-0.000458,0.003133,-0.000104,0.000816,-0.300000,0.000642,0.003009,0.000105,0.000015
-0.008058,-0.028964,0.808807,0.001908,-0.001550,0.008141,-0.999964,-0.192382,0.056898,0.007605,0.353535,-0.164177,-0.038972,-0.177487,0.042226,0.015754,0.317364,-0.147219,-0.038490,0.000149,0.001941,0.300000,-0.000480,0.003161,-0.000105,0.000774,-0.300000,0.000623,0.003017,0.000105,0.000013
-0.008552,-0.030992,0.810321,-0.002103,-0.000723,-0.010537,0.999942,-0.198798,0.055023,-0.012808,0.376046,-0.172779,-0.038382,-0.157688,0.045806,0.016021,0.287985,-0.132576,-0.041442,0.000380,0.001935,0.300000,-0.000507,0.003183,-0.000105,0.000741,-0.300000,0.000597,0.003014,0.000105,0.000012
-0.009173,-0.031156,0.811638,-0.001726,-0.002844,-0.013458,0.999904,-0.213388,0.050936,-0.020704,0.417158,-0.180867,-0.036312,-0.142356,0.045685,0.018567,0.265228,-0.120563,-0.041978,0.000936,0.001951,0.300000,-0.000535,0.003196,-0.000105,0.000703,-0.300000,0.000568,0.002989,0.000104,0.000010
-0.009903,-0.029939,0.812608,-0.001552,-0.004248,-0.016793,0.999849,-0.231804,0.048847,-0.021879,0.465860,-0.190767,-0.032237,-0.132426,0.044280,0.023124,0.248748,-0.110892,-0.040846,0.001376,0.001982,0.300000,-0.000556,0.003203,-0.000105,0.000671,-0.300000,0.000542,0.002955,0.000103,0.000009
-0.010737,-0.027319,0.813236,-0.001556,-0.004614,-0.020492,0.999778,-0.250633,0.048674,-0.023600,0.512123,-0.203092,-0.028071,-0.129134,0.041557,0.030046,0.239472,-0.103939,-0.037481,0.001580,0.002017,0.300000,-0.000571,0.003209,-0.000105,0.000649,-0.300000,0.000522,0.002925,0.000102,0.000007
-0.011563,-0.023283,0.813614,-0.001626,-0.004339,-0.024368,0.999692,-0.266843,0.049053,-0.029229,0.547951,-0.213002,-0.024670,-0.130743,0.037218,0.038729,0.236149,-0.099432,-0.032070,0.001709,0.002045,0.300000,-0.000587,0.003222,-0.000105,0.000667,-0.300000,0.000505,0.002932,0.000102,0.000004
-0.012358,-0.017814,0.813730,-0.001799,-0.003525,-0.028512,0.999586,-0.277901,0.049539,-0.036205,0.565828,-0.220361,-0.022694,-0.136891,0.031442,0.049303,0.238439,-0.097320,-0.024688,0.001876,0.002081,0.300000,-0.000601,0.003240,-0.000105,0.000676,-0.300000,0.000489,0.002935,0.000101,0.000002
-0.013110,-0.010881,0.813389,-0.002305,-0.002382,-0.033153,0.999445,-0.281710,0.049582,-0.042373,0.562804,-0.224074,-0.021925,-0.148177,0.024913,0.062296,0.248095,-0.098339,-0.015285,0.002200,0.002121,0.300000,-0.000614,0.003265,-0.000105,0.000668,-0.300000,0.000475,0.002933,0.000101,0.000000
-0.013751,-0.002585,0.812341,-0.003451,-0.001156,-0.038148,0.999265,-0.274289,0.048704,-0.047800,0.531073,-0.224620,-0.021284,-0.164744,0.018551,0.077362,0.266675,-0.103646,-0.003954,0.002520,0.002165,0.300000,-0.000625,0.003296,-0.000105,0.000680,-0.300000,0.000464,0.002948,0.000101,-0.000004
-0.013965,0.006928,0.810179,-0.005827,-0.000546,-0.043579,0.999033,-0.244252,0.045684,-0.055597,0.450677,-0.224365,-0.020829,-0.185549,0.013978,0.094120,0.296147,-0.114716,0.009067,0.003023,0.002255,0.300000,-0.000630,0.003366,-0.000106,0.000741,-0.300000,0.000461,0.003010,0.000102,-0.000009
-0.013573,0.017025,0.807081,-0.009954,-0.000483,-0.048201,0.998788,-0.201769,0.042167,-0.058815,0.346506,-0.158916,-0.023086,-0.206187,0.012408,0.108524,0.329698,-0.129015,0.022717,0.002264,0.002363,0.300000,-0.000629,0.003437,-0.000108,0.001021,-0.300000,0.000465,0.003126,0.000104,-0.000012
-0.012468,0.027808,0.808473,-0.005198,-0.001228,-0.051843,0.998641,-0.186331,0.018769,-0.044455,0.322690,-0.133380,-0.010886,-0.209880,-0.012001,0.114220,0.332796,-0.129341,0.035736,-0.000757,0.002683,0.300000,-0.000668,0.003602,-0.000112,0.001175,-0.300000,0.000440,0.003205,0.000106,0.000013
-0.011774,0.036253,0.810120,-0.000368,-0.000769,-0.057092,0.998369,-0.174991,-0.000635,-0.026822,0.304960,-0.131044,0.001207,-0.219031,-0.029573,0.095203,0.342346,-0.128533,0.038233,-0.001210,0.002694,0.300000,-0.000655,0.003586,-0.000111,0.001136,-0.300000,0.000458,0.003163,0.000105,0.000018
-0.011559,0.041804,0.811075,-0.002647,0.000391,0.062125,-0.998065,-0.163089,-0.012282,-0.011404,0.284390,-0.124332,0.008748,-0.239493,-0.032678,0.073011,0.390321,-0.136007,0.037981,-0.001742,0.002650,0.300000,-0.000627,0.003571,-0.000110,0.001166,-0.300000,0.000494,0.003198,0.000106,0.000017
-0.011846,0.045068,0.811734,0.004345,-0.000022,-0.066990,0.997744,-0.153102,-0.018018,0.002173,0.265842,-0.116940,0.012567,-0.262920,-0.030843,0.052985,0.452831,-0.158686,0.037580,-0.002031,0.002583,0.300000,-0.000584,0.003534,-0.000109,0.001166,-0.300000,0.000537,0.003209,0.000107,0.000017
-0.012757,0.046485,0.812030,0.005047,0.000575,-0.071905,0.997399,-0.149805,-0.019022,0.013608,0.257258,-0.112901,0.013688,-0.284519,-0.029885,0.036661,0.510916,-0.186537,0.037123,-0.002132,0.002514,0.300000,-0.000535,0.003495,-0.000108,0.001123,-0.300000,0.000582,0.003188,0.000107,0.000018
-0.014053,0.046353,0.811954,0.005441,0.000609,-0.076853,0.997027,-0.150141,-0.017198,0.023911,0.257133,-0.112601,0.013107,-0.298059,-0.033261,0.023613,0.553795,-0.212031,0.036729,-0.002221,0.002478,0.300000,-0.000497,0.003494,-0.000108,0.001110,-0.300000,0.000611,0.003198,0.000107,0.000019
-0.015877,0.044633,0.811655,0.005618,0.000807,-0.081579,0.996651,-0.154863,-0.012543,0.032383,0.263398,-0.114767,0.009964,-0.303034,-0.039619,0.012478,0.577651,-0.229803,0.036424,-0.002348,0.002395,0.300000,-0.000475,0.003440,-0.000107,0.001082,-0.300000,0.000627,0.003178,0.000107,0.000021
-0.018418,0.041269,0.811026,0.005563,0.001777,-0.086352,0.996248,-0.166667,-0.004642,0.038631,0.278238,-0.120049,0.004202,-0.301555,-0.046294,0.004058,0.581835,-0.238846,0.036202,-0.002413,0.002315,0.300000,-0.000453,0.003378,-0.000105,0.001009,-0.300000,0.000641,0.003118,0.000105,0.000023
-0.021510,0.036202,0.809863,0.005449,0.002783,-0.091078,0.995825,-0.183812,0.006159,0.042642,0.301957,-0.128863,-0.004036,-0.290012,-0.051682,-0.002164,0.560224,-0.240360,0.036041,-0.002520,0.002259,0.300000,-0.000437,0.003353,-0.000105,0.000984,-0.300000,0.000655,0.003107,0.000105,0.000026
-0.024951,0.029621,0.807851,0.005943,0.003225,-0.095648,0.995392,-0.204414,0.018047,0.044761,0.333890,-0.141361,-0.014335,-0.264163,-0.055267,-0.006440,0.503435,-0.240080,0.035927,-0.002677,0.002221,0.300000,-0.000428,0.003349,-0.000105,0.000983,-0.300000,0.000663,0.003115,0.000105,0.000030
-0.028602,0.021908,0.804662,0.008491,0.002935,-0.100304,0.994916,-0.226213,0.027395,0.046559,0.370827,-0.156496,-0.026022,-0.226289,-0.058366,-0.007458,0.412766,-0.222278,0.035387,-0.002746,0.002219,0.300000,-0.000431,0.003373,-0.000105,0.000976,-0.300000,0.000661,0.003113,0.000105,0.000037
-0.031847,0.012255,0.804442,0.005729,0.000886,-0.103908,0.994570,-0.227610,0.049402,0.048046,0.379906,-0.159189,-0.041046,-0.208012,-0.038762,-0.010008,0.378151,-0.175386,0.021407,-0.002942,0.002233,0.300000,-0.000404,0.003457,-0.000109,0.002584,-0.300000,0.000704,0.003358,0.000111,0.000012
-0.034716,0.003083,0.806832,0.001073,-0.000125,-0.106788,0.994281,-0.213189,0.073161,0.051159,0.356886,-0.146913,-0.054899,-0.192240,-0.013919,-0.013026,0.353923,-0.165450,0.005536,-0.003020,0.002198,0.300000,-0.000403,0.003415,-0.000108,0.003262,-0.300000,0.000708,0.003441,0.000112,0.000008
-0.037449,-0.003944,0.809114,-0.001458,-0.000237,-0.109839,0.993948,-0.205685,0.086815,0.045891,0.342831,-0.139007,-0.058714,-0.174937,0.003824,-0.013806,0.320152,-0.149023,-0.006584,-0.002801,0.002150,0.300000,-0.000423,0.003381,-0.000107,0.003224,-0.300000,0.000692,0.003410,0.000111,0.000008
-0.039625,-0.008224,0.810902,-0.002352,-0.001381,-0.113334,0.993553,-0.213079,0.084646,0.021144,0.371064,-0.149639,-0.053077,-0.156990,0.013585,-0.012329,0.287568,-0.132095,-0.013903,-0.001951,0.002148,0.300000,-0.000462,0.003399,-0.000108,0.003177,-0.300000,0.000660,0.003406,0.000110,0.000007
-0.041437,-0.010437,0.812200,-0.002609,-0.002485,-0.116781,0.993151,-0.229429,0.077270,0.006405,0.422454,-0.166521,-0.045959,-0.143802,0.018722,-0.009282,0.262651,-0.117952,-0.017977,-0.001485,0.002147,0.300000,-0.000510,0.003393,-0.000108,0.003131,-0.300000,0.000614,0.003383,0.000109,0.000004
-0.042944,-0.011139,0.813057,-0.002991,-0.003069,-0.120377,0.992719,-0.248079,0.070594,0.000587,0.478907,-0.183522,-0.038930,-0.135924,0.022027,-0.004476,0.245065,-0.106736,-0.019870,-0.001103,0.002162,0.300000,-0.000558,0.003388,-0.000108,0.003094,-0.300000,0.000562,0.003359,0.000108,0.000001
-0.044130,-0.010351,0.813537,-0.003431,-0.002930,-0.124139,0.992255,-0.265291,0.065874,-0.002727,0.528811,-0.201022,-0.031465,-0.133864,0.023555,0.002328,0.234908,-0.098608,-0.019945,-0.000879,0.002189,0.300000,-0.000583,0.003393,-0.000107,0.003066,-0.300000,0.000525,0.003341,0.000107,-0.000001
-0.044915,-0.008126,0.813738,-0.004017,-0.002431,-0.127994,0.991764,-0.278677,0.063346,-0.008035,0.565105,-0.214897,-0.025057,-0.135608,0.023469,0.010565,0.230271,-0.092875,-0.017940,-0.000722,0.002214,0.300000,-0.000598,0.003404,-0.000107,0.003056,-0.300000,0.000508,0.003344,0.000107,-0.000004
-0.045341,-0.004409,0.813673,-0.004658,-0.001517,-0.132101,0.991224,-0.287181,0.062055,-0.015151,0.582574,-0.224897,-0.021082,-0.141597,0.021659,0.020669,0.231325,-0.089547,-0.013532,-0.000501,0.002239,0.300000,-0.000612,0.003415,-0.000107,0.003028,-0.300000,0.000492,0.003335,0.000107,-0.000006
-0.045351,0.000934,0.813264,-0.005261,-0.000450,-0.136611,0.990611,-0.289216,0.060266,-0.022566,0.579489,-0.230504,-0.019719,-0.152261,0.017830,0.033068,0.239687,-0.089375,-0.006683,-0.000117,0.002263,0.300000,-0.000626,0.003432,-0.000108,0.002986,-0.300000,0.000477,0.003321,0.000106,-0.000008
-0.044926,0.007855,0.812355,-0.006009,0.000625,-0.141477,0.989923,-0.281278,0.056485,-0.029869,0.548746,-0.231425,-0.019077,-0.167674,0.012532,0.047652,0.256161,-0.092941,0.002534,0.000376,0.002294,0.300000,-0.000639,0.003456,-0.000108,0.002954,-0.300000,0.000463,0.003318,0.000106,-0.000010
-0.043821,0.016097,0.810539,0.007668,-0.001101,0.146836,-0.989131,-0.253123,0.050261,-0.037875,0.473457,-0.231230,-0.018655,-0.186828,0.007688,0.064145,0.282604,-0.101753,0.013783,0.001175,0.002372,0.300000,-0.000647,0.003519,-0.000109,0.002965,-0.300000,0.000459,0.003358,0.000107,-0.000014
-0.042038,0.024850,0.807535,-0.011621,0.001274,-0.151764,0.988348,-0.207739,0.045244,-0.043525,0.362402,-0.180410,-0.020682,-0.207429,0.007071,0.079315,0.315954,-0.114971,0.025682,0.001071,0.002460,0.300000,-0.000649,0.003576,-0.000110,0.003069,-0.300000,0.000463,0.003446,0.000108,-0.000019
-0.039333,0.034136,0.808424,-0.007795,-0.000259,-0.155300,0.987837,-0.188778,0.024545,-0.030431,0.330348,-0.139458,-0.009643,-0.212459,-0.013451,0.088268,0.323110,-0.116609,0.036325,-0.001882,0.002708,0.300000,-0.000689,0.003753,-0.000115,0.003182,-0.300000,0.000436,0.003534,0.000110,0.000005
-0.037294,0.041374,0.810276,-0.002896,-0.000862,-0.160127,0.987092,-0.174796,0.005969,-0.012957,0.309535,-0.135104,0.001606,-0.221359,-0.030827,0.076515,0.335240,-0.115552,0.039008,-0.002622,0.002731,0.300000,-0.000680,0.003744,-0.000114,0.003139,-0.300000,0.000443,0.003498,0.000110,0.000011
-0.036347,0.045853,0.811451,-0.000181,0.000938,0.164996,-0.986294,-0.161379,-0.004583,0.002573,0.286446,-0.127143,0.007907,-0.242113,-0.034493,0.057737,0.384832,-0.124800,0.038717,-0.003025,0.002695,0.300000,-0.000651,0.003721,-0.000113,0.003142,-0.300000,0.000475,0.003515,0.000110,0.000011
-0.036293,0.048272,0.812213,-0.002166,0.000733,0.169685,-0.985496,-0.150394,-0.009808,0.016178,0.265731,-0.118627,0.010569,-0.265626,-0.033704,0.040051,0.448881,-0.150405,0.038267,-0.003252,0.002646,0.300000,-0.000605,0.003688,-0.000112,0.003126,-0.300000,0.000521,0.003518,0.000110,0.000011
-0.037168,0.049085,0.812516,0.003339,-0.000061,-0.174452,0.984660,-0.146712,-0.010655,0.027563,0.255562,-0.113707,0.010851,-0.287300,-0.033587,0.025757,0.508553,-0.180772,0.037767,-0.003332,0.002590,0.300000,-0.000548,0.003650,-0.000111,0.003059,-0.300000,0.000574,0.003484,0.000110,0.000013
-0.038677,0.048523,0.812370,0.004174,0.000131,-0.179292,0.983787,-0.147433,-0.008724,0.037680,0.255201,-0.113155,0.009229,-0.300844,-0.037585,0.014406,0.552849,-0.207881,0.037329,-0.003403,0.002566,0.300000,-0.000504,0.003652,-0.000110,0.003023,-0.300000,0.000614,0.003487,0.000110,0.000015
-0.040997,0.046483,0.811960,0.004744,0.000475,-0.183908,0.982932,-0.152878,-0.003725,0.045809,0.262139,-0.115527,0.004985,-0.305429,-0.044385,0.004662,0.577319,-0.227003,0.036988,-0.003520,0.002489,0.300000,-0.000479,0.003599,-0.000109,0.002973,-0.300000,0.000633,0.003461,0.000110,0.000016
-0.044340,0.042931,0.811187,0.005109,0.001569,-0.188593,0.982041,-0.165542,0.004763,0.051651,0.278202,-0.121309,-0.001811,-0.303314,-0.051426,-0.002638,0.581198,-0.237180,0.036725,-0.003568,0.002415,0.300000,-0.000457,0.003538,-0.000108,0.002875,-0.300000,0.000647,0.003393,0.000108,0.000019
-0.048563,0.037779,0.809821,0.005386,0.002628,-0.193250,0.981131,-0.183640,0.016352,0.055182,0.303710,-0.130909,-0.011135,-0.290555,-0.057077,-0.007778,0.557431,-0.238981,0.036513,-0.003658,0.002363,0.300000,-0.000441,0.003512,-0.000107,0.002822,-0.300000,0.000661,0.003373,0.000108,0.000022
-0.053420,0.031226,0.807491,0.006328,0.002997,-0.197756,0.980226,-0.205383,0.028810,0.056731,0.338026,-0.144507,-0.022479,-0.262563,-0.061044,-0.010704,0.495238,-0.238322,0.036373,-0.003794,0.002324,0.300000,-0.000433,0.003504,-0.000107,0.002793,-0.300000,0.000667,0.003370,0.000108,0.000026
-0.058653,0.023649,0.803950,0.009350,0.002276,-0.202337,0.979269,-0.227485,0.038354,0.058096,0.376512,-0.160476,-0.035131,-0.224310,-0.064215,-0.011393,0.401923,-0.204443,0.035582,-0.003850,0.002329,0.300000,-0.000435,0.003535,-0.000108,0.002775,-0.300000,0.000668,0.003374,0.000108,0.000033
-0.063855,0.014030,0.804424,0.004927,0.000642,-0.205627,0.978618,-0.224966,0.064266,0.058928,0.379250,-0.160067,-0.051287,-0.209471,-0.040000,-0.013968,0.378962,-0.176662,0.022174,-0.004038,0.002316,0.300000,-0.000405,0.003591,-0.000111,0.004218,-0.300000,0.000714,0.003636,0.000114,0.000005
-0.068589,0.005436,0.806778,0.000485,0.000439,-0.208413,0.978041,-0.210830,0.087363,0.061419,0.355191,-0.146713,-0.064524,-0.194768,-0.015273,-0.016646,0.355090,-0.166003,0.007044,-0.004061,0.002253,0.300000,-0.000404,0.003522,-0.000109,0.004441,-0.300000,0.000712,0.003650,0.000114,0.000003
-0.072708,-0.000935,0.808999,0.001766,-0.000389,0.211498,-0.977377,-0.205646,0.099635,0.051239,0.345175,-0.139007,-0.066743,-0.177582,0.001943,-0.017079,0.321918,-0.149155,-0.004739,-0.003695,0.002207,0.300000,-0.000426,0.003498,-0.000109,0.004350,-0.300000,0.000694,0.003606,0.000113,0.000004
-0.075734,-0.004719,0.810746,-0.002604,-0.000940,-0.215008,0.976608,-0.214734,0.096115,0.023433,0.375938,-0.151547,-0.058957,-0.159802,0.011336,-0.015431,0.290536,-0.132643,-0.011985,-0.002641,0.002192,0.300000,-0.000470,0.003504,-0.000110,0.004283,-0.300000,0.000658,0.003592,0.000112,0.000002
-0.077987,-0.006610,0.812036,-0.002964,-0.002264,-0.218521,0.975825,-0.231353,0.087734,0.008311,0.426979,-0.168301,-0.049655,-0.146369,0.016556,-0.012263,0.266148,-0.118817,-0.016196,-0.001783,0.002189,0.300000,-0.000521,0.003494,-0.000109,0.004224,-0.300000,0.000607,0.003565,0.000111,-0.000001
-0.079639,-0.007083,0.812897,-0.003413,-0.002964,-0.222149,0.975002,-0.249990,0.079659,0.002548,0.482732,-0.185312,-0.040604,-0.138215,0.020010,-0.007411,0.248668,-0.107708,-0.018234,-0.001034,0.002201,0.300000,-0.000571,0.003482,-0.000109,0.004170,-0.300000,0.000552,0.003532,0.000110,-0.000004
-0.080661,-0.006119,0.813412,-0.003822,-0.002813,-0.225860,0.974148,-0.267040,0.073074,-0.000399,0.531668,-0.202667,-0.032095,-0.135807,0.021601,-0.000710,0.237949,-0.099317,-0.018372,-0.000641,0.002229,0.300000,-0.000594,0.003481,-0.000109,0.004123,-0.300000,0.000517,0.003503,0.000109,-0.000006
-0.080999,-0.003798,0.813651,-0.004322,-0.002192,-0.229617,0.973269,-0.280353,0.068435,-0.005376,0.567169,-0.216181,-0.025518,-0.137374,0.021535,0.007412,0.232628,-0.093214,-0.016417,-0.000468,0.002254,0.300000,-0.000608,0.003488,-0.000109,0.004093,-0.300000,0.000501,0.003496,0.000108,-0.000009
-0.080665,-0.000085,0.813607,-0.004855,-0.001181,-0.233632,0.972312,-0.288649,0.065096,-0.012203,0.584085,-0.226026,-0.021506,-0.143173,0.019750,0.017446,0.233133,-0.089595,-0.012045,-0.000250,0.002283,0.300000,-0.000621,0.003501,-0.000109,0.004051,-0.300000,0.000486,0.003482,0.000108,-0.000011
-0.079577,0.005125,0.813219,-0.005382,-0.000040,-0.238030,0.971243,-0.290513,0.061629,-0.019508,0.580901,-0.231536,-0.020005,-0.153366,0.016013,0.029689,0.240597,-0.089014,-0.005238,0.000110,0.002309,0.300000,-0.000635,0.003516,-0.000109,0.003996,-0.300000,0.000471,0.003464,0.000107,-0.000012
-0.077743,0.011790,0.812342,-0.006072,0.001159,-0.242798,0.970057,-0.282570,0.056670,-0.026957,0.550373,-0.232426,-0.019331,-0.168224,0.010845,0.044129,0.255871,-0.091961,0.003930,0.000600,0.002340,0.300000,-0.000647,0.003538,-0.000109,0.003946,-0.300000,0.000458,0.003454,0.000107,-0.000014
-0.074977,0.019607,0.810561,-0.007733,0.001870,-0.248069,0.968710,-0.254324,0.049773,-0.035394,0.475009,-0.232229,-0.018897,-0.186916,0.006129,0.060540,0.281197,-0.100176,0.015113,0.001416,0.002420,0.300000,-0.000655,0.003599,-0.000110,0.003941,-0.300000,0.000454,0.003487,0.000108,-0.000018
-0.071468,0.027751,0.807550,-0.011768,0.002542,-0.252906,0.967416,-0.208466,0.044769,-0.041371,0.362532,-0.179630,-0.020542,-0.207454,0.005838,0.075664,0.314143,-0.113132,0.026872,0.001287,0.002504,0.300000,-0.000658,0.003653,-0.000111,0.004017,-0.300000,0.000457,0.003568,0.000109,-0.000023
-0.066972,0.036239,0.808452,-0.008296,0.000726,-0.256361,0.966545,-0.189102,0.024459,-0.028364,0.328944,-0.135413,-0.008419,-0.213088,-0.014066,0.084106,0.322063,-0.114766,0.036173,-0.001750,0.002740,0.300000,-0.000697,0.003828,-0.000115,0.004095,-0.300000,0.000431,0.003647,0.000111,0.000002
-0.063546,0.042893,0.810451,-0.003409,-0.000368,-0.261213,0.965275,-0.174765,0.005818,-0.010511,0.307577,-0.132434,0.003010,-0.222148,-0.030814,0.072019,0.334601,-0.113854,0.038006,-0.002399,0.002761,0.300000,-0.000689,0.003818,-0.000114,0.004036,-0.300000,0.000437,0.003606,0.000110,0.000008
-0.061759,0.047062,0.811707,-0.000388,-0.000739,-0.265948,0.963987,-0.161187,-0.004632,0.004980,0.284096,-0.124931,0.009283,-0.242731,-0.033772,0.053962,0.384704,-0.123779,0.037711,-0.002875,0.002719,0.300000,-0.000659,0.003789,-0.000114,0.004030,-0.300000,0.000469,0.003621,0.000111,0.000008
-0.061250,0.049449,0.812483,-0.001604,0.000716,0.270511,-0.962715,-0.150333,-0.009888,0.018504,0.263397,-0.116592,0.011981,-0.266007,-0.032728,0.037040,0.448928,-0.149662,0.037284,-0.003125,0.002667,0.300000,-0.000610,0.003751,-0.000112,0.003999,-0.300000,0.000516,0.003619,0.000111,0.000008
-0.061963,0.050489,0.812765,0.002848,-0.000174,-0.275171,0.961391,-0.146925,-0.010832,0.029831,0.253601,-0.111836,0.012317,-0.287385,-0.032563,0.023520,0.508619,-0.179998,0.036806,-0.003204,0.002612,0.300000,-0.000553,0.003712,-0.000111,0.003917,-0.300000,0.000570,0.003580,0.000110,0.000010
-0.063565,0.050342,0.812595,0.003737,-0.000100,-0.279895,0.960023,-0.147840,-0.009110,0.039913,0.253514,-0.111337,0.010836,-0.300657,-0.036658,0.012872,0.552916,-0.207158,0.036394,-0.003280,0.002584,0.300000,-0.000508,0.003711,-0.000111,0.003867,-0.300000,0.000610,0.003578,0.000111,0.000012
-0.066266,0.048930,0.812161,0.004378,0.000163,-0.284394,0.958697,-0.153601,-0.004317,0.047978,0.260875,-0.113816,0.006750,-0.305026,-0.043535,0.003645,0.577350,-0.226511,0.036081,-0.003398,0.002506,0.300000,-0.000483,0.003654,-0.000110,0.003802,-0.300000,0.000629,0.003547,0.000110,0.000013
-0.070275,0.046261,0.811371,0.004894,0.001187,-0.288964,0.957327,-0.166521,0.003953,0.053781,0.277267,-0.119659,0.000124,-0.302731,-0.050625,-0.003368,0.581213,-0.236979,0.035847,-0.003448,0.002431,0.300000,-0.000461,0.003592,-0.000108,0.003691,-0.300000,0.000643,0.003475,0.000109,0.000016
-0.075467,0.042210,0.810006,0.005302,0.002172,-0.293498,0.955943,-0.184726,0.015350,0.057300,0.302907,-0.129226,-0.009026,-0.289858,-0.056248,-0.008393,0.557735,-0.238947,0.035665,-0.003539,0.002378,0.300000,-0.000445,0.003564,-0.000108,0.003625,-0.300000,0.000657,0.003452,0.000109,0.000019
-0.081571,0.036916,0.807708,0.006260,0.002415,-0.297881,0.954579,-0.206457,0.027714,0.058863,0.337107,-0.142657,-0.020209,-0.262026,-0.060100,-0.011370,0.496528,-0.238444,0.035544,-0.003679,0.002338,0.300000,-0.000437,0.003554,-0.000107,0.003584,-0.300000,0.000664,0.003446,0.000108,0.000024
-0.088261,0.030711,0.804184,0.009220,0.001394,-0.302332,0.953157,-0.228764,0.037087,0.060226,0.375648,-0.158505,-0.032685,-0.223385,-0.063456,-0.012015,0.402804,-0.207902,0.034965,-0.003738,0.002340,0.300000,-0.000439,0.003579,-0.000108,0.003547,-0.300000,0.000664,0.003440,0.000108,0.000032
-0.095349,0.022492,0.804444,0.005054,0.000110,-0.305634,0.952136,-0.227416,0.062104,0.061126,0.380410,-0.158965,-0.048679,-0.207545,-0.040336,-0.014445,0.376643,-0.174589,0.022044,-0.003895,0.002337,0.300000,-0.000409,0.003643,-0.000111,0.004847,-0.300000,0.000710,0.003703,0.000114,0.000004
-0.101772,0.015051,0.806827,0.000518,0.000277,-0.308319,0.951283,-0.213110,0.085364,0.063557,0.356407,-0.145652,-0.062124,-0.192623,-0.015505,-0.017269,0.352992,-0.165117,0.007130,-0.003939,0.002274,0.300000,-0.000407,0.003573,-0.000110,0.005071,-0.300000,0.000710,0.003726,0.000114,0.000001
-0.107122,0.009669,0.809069,-0.001754,0.000464,-0.311282,0.950316,-0.207594,0.097511,0.053519,0.345519,-0.137747,-0.064688,-0.175493,0.001746,-0.017760,0.320002,-0.148859,-0.004561,-0.003522,0.002228,0.300000,-0.000428,0.003545,-0.000110,0.004974,-0.300000,0.000692,0.003679,0.000113,0.000002
-0.110869,0.006586,0.810794,-0.002782,-0.000743,-0.314734,0.949176,-0.216569,0.093842,0.025388,0.375755,-0.149646,-0.057510,-0.157893,0.011302,-0.015999,0.288894,-0.132628,-0.011811,-0.002312,0.002216,0.300000,-0.000471,0.003552,-0.000110,0.004895,-0.300000,0.000657,0.003661,0.000112,0.000000
-0.113468,0.005195,0.812055,-0.003305,-0.001975,-0.318147,0.948034,-0.233210,0.085433,0.009701,0.426648,-0.166739,-0.048916,-0.144713,0.016619,-0.012788,0.264812,-0.118953,-0.016051,-0.001423,0.002216,0.300000,-0.000522,0.003541,-0.000110,0.004827,-0.300000,0.000607,0.003630,0.000111,-0.000003
-0.115181,0.005057,0.812892,-0.003844,-0.002587,-0.321667,0.946842,-0.251817,0.077560,0.003476,0.482408,-0.184130,-0.040457,-0.136764,0.020147,-0.007909,0.247612,-0.107980,-0.018111,-0.000688,0.002231,0.300000,-0.000573,0.003530,-0.000109,0.004765,-0.300000,0.000552,0.003595,0.000110,-0.000005
-0.115972,0.006183,0.813390,-0.004235,-0.002385,-0.325276,0.945607,-0.268722,0.071365,0.000168,0.531474,-0.201684,-0.032134,-0.134505,0.021756,-0.001173,0.237204,-0.099769,-0.018265,-0.000319,0.002263,0.300000,-0.000597,0.003532,-0.000109,0.004710,-0.300000,0.000515,0.003564,0.000109,-0.000007
-0.115800,0.008487,0.813621,-0.004658,-0.001729,-0.328937,0.944339,-0.281710,0.067240,-0.005021,0.567074,-0.215339,-0.025487,-0.136116,0.021668,0.006980,0.232114,-0.093838,-0.016330,-0.000154,0.002291,0.300000,-0.000610,0.003540,-0.000109,0.004674,-0.300000,0.000499,0.003556,0.000109,-0.000010
-0.114678,0.012011,0.813578,-0.005057,-0.000662,-0.332844,0.942968,-0.289623,0.064426,-0.012028,0.584014,-0.225265,-0.021379,-0.141947,0.019842,0.017037,0.232746,-0.090347,-0.011974,0.000051,0.002320,0.300000,-0.000623,0.003551,-0.000109,0.004624,-0.300000,0.000484,0.003540,0.000108,-0.000012
-0.112511,0.016847,0.813190,-0.005426,0.000565,-0.337106,0.941451,-0.291183,0.061414,-0.019518,0.580820,-0.230844,-0.019853,-0.152266,0.016058,0.029307,0.240378,-0.089899,-0.005178,0.000370,0.002346,0.300000,-0.000636,0.003564,-0.000109,0.004561,-0.300000,0.000470,0.003519,0.000108,-0.000014
-0.109306,0.022949,0.812311,-0.005956,0.001849,-0.341726,0.939779,-0.282873,0.056789,-0.027138,0.550111,-0.231755,-0.019185,-0.167219,0.010842,0.043782,0.255867,-0.093029,0.003980,0.000825,0.002378,0.300000,-0.000649,0.003586,-0.000109,0.004505,-0.300000,0.000457,0.003508,0.000107,-0.000016
-0.104948,0.029981,0.810522,0.007514,-0.002738,0.346825,-0.937896,-0.254333,0.050123,-0.035678,0.474592,-0.231562,-0.018758,-0.185973,0.006089,0.060213,0.281436,-0.101454,0.015155,0.001599,0.002458,0.300000,-0.000656,0.003646,-0.000110,0.004491,-0.300000,0.000453,0.003540,0.000108,-0.000019
-0.099786,0.037188,0.807526,-0.011395,0.003797,-0.351498,0.936112,-0.208512,0.045129,-0.041626,0.362692,-0.180072,-0.020609,-0.206423,0.005628,0.075351,0.314416,-0.114521,0.026931,0.001434,0.002544,0.300000,-0.000661,0.003700,-0.000111,0.004559,-0.300000,0.000456,0.003619,0.000109,-0.000024
-0.093571,0.044523,0.808444,-0.007934,0.001511,-0.354888,0.934874,-0.189454,0.024413,-0.028420,0.330566,-0.138939,-0.008959,-0.211503,-0.014733,0.084111,0.321870,-0.115847,0.036564,-0.001581,0.002789,0.300000,-0.000699,0.003876,-0.000116,0.004631,-0.300000,0.000429,0.003697,0.000111,0.000001
-0.088810,0.050247,0.810330,-0.003252,-0.000072,-0.359611,0.933097,-0.175328,0.005965,-0.010638,0.309663,-0.134796,0.002448,-0.220085,-0.031750,0.072056,0.334783,-0.114788,0.038618,-0.002205,0.002806,0.300000,-0.000690,0.003861,-0.000115,0.004563,-0.300000,0.000436,0.003653,0.000111,0.000007
-0.086177,0.053903,0.811528,-0.000269,-0.000734,-0.364195,0.931322,-0.161942,-0.004469,0.004799,0.286501,-0.126864,0.008731,-0.240402,-0.035033,0.054513,0.384845,-0.124389,0.038319,-0.002698,0.002761,0.300000,-0.000660,0.003828,-0.000114,0.004544,-0.300000,0.000468,0.003663,0.000111,0.000007
-0.085187,0.056074,0.812293,-0.001730,0.000901,0.368618,-0.929579,-0.151108,-0.009668,0.018327,0.265851,-0.118378,0.011378,-0.263723,-0.034080,0.037912,0.448987,-0.150268,0.037881,-0.002959,0.002704,0.300000,-0.000611,0.003787,-0.000113,0.004502,-0.300000,0.000515,0.003657,0.000111,0.000007
-0.085692,0.057178,0.812588,0.003026,-0.000478,-0.373117,0.927779,-0.147585,-0.010523,0.029648,0.255858,-0.113509,0.011656,-0.285407,-0.033887,0.024469,0.508607,-0.180797,0.037391,-0.003046,0.002644,0.300000,-0.000553,0.003744,-0.000112,0.004411,-0.300000,0.000569,0.003616,0.000111,0.000009
-0.087333,0.057300,0.812436,0.003890,-0.000487,-0.377674,0.925930,-0.148367,-0.008622,0.039722,0.255571,-0.112934,0.010045,-0.299180,-0.037845,0.013742,0.552879,-0.208130,0.036967,-0.003124,0.002614,0.300000,-0.000508,0.003741,-0.000111,0.004352,-0.300000,0.000610,0.003611,0.000111,0.000011
-0.090320,0.056404,0.812027,0.004510,-0.000305,-0.382013,0.924146,-0.153832,-0.003626,0.047824,0.262531,-0.115230,0.005813,-0.304122,-0.044584,0.004330,0.577291,-0.227485,0.036641,-0.003246,0.002533,0.300000,-0.000483,0.003683,-0.000110,0.004279,-0.300000,0.000629,0.003579,0.000110,0.000012
-0.094855,0.054545,0.811259,0.005075,0.000630,-0.386407,0.922314,-0.166428,0.004862,0.053659,0.278534,-0.120893,-0.000964,-0.302362,-0.051560,-0.002893,0.581198,-0.237819,0.036394,-0.003299,0.002456,0.300000,-0.000462,0.003618,-0.000108,0.004158,-0.300000,0.000643,0.003505,0.000109,0.000015
-0.100845,0.051587,0.809905,0.005557,0.001566,-0.390772,0.920469,-0.184472,0.016444,0.057196,0.303898,-0.130308,-0.010260,-0.290079,-0.057138,-0.008112,0.557737,-0.239652,0.036195,-0.003393,0.002401,0.300000,-0.000445,0.003588,-0.000108,0.004083,-0.300000,0.000656,0.003477,0.000109,0.000018
-0.107983,0.047606,0.807597,0.006541,0.001705,-0.394989,0.918661,-0.206165,0.028924,0.058746,0.337994,-0.143663,-0.021575,-0.262574,-0.061001,-0.011165,0.496078,-0.239032,0.036062,-0.003539,0.002360,0.300000,-0.000437,0.003577,-0.000108,0.004035,-0.300000,0.000663,0.003469,0.000108,0.000023
-0.115876,0.042848,0.804065,0.009371,0.000366,-0.399273,0.916784,-0.228356,0.038434,0.060104,0.376396,-0.159441,-0.034189,-0.224359,-0.064183,-0.011901,0.402603,-0.205856,0.036650,-0.003600,0.002365,0.300000,-0.000439,0.003604,-0.000108,0.003993,-0.300000,0.000663,0.003465,0.000108,0.000031
-0.124563,0.036209,0.804440,0.004914,-0.000404,-0.402412,0.915445,-0.226400,0.063913,0.060967,0.379955,-0.159300,-0.050302,-0.209097,-0.040396,-0.014392,0.378112,-0.175213,0.023211,-0.003791,0.002357,0.300000,-0.000409,0.003662,-0.000111,0.005207,-0.300000,0.000710,0.003730,0.000114,0.000003
-0.132412,0.030263,0.806813,0.000503,0.000268,-0.405001,0.914316,-0.212183,0.087030,0.063413,0.355767,-0.145794,-0.063643,-0.194258,-0.015606,-0.017185,0.354167,-0.165061,0.007586,-0.003831,0.002293,0.300000,-0.000407,0.003591,-0.000110,0.005372,-0.300000,0.000709,0.003741,0.000114,0.000000
-0.138780,0.026098,0.809047,-0.001729,0.000645,-0.407878,0.913035,-0.206927,0.099222,0.053107,0.344886,-0.137839,-0.065867,-0.176976,0.001652,-0.017671,0.320956,-0.148459,-0.004409,-0.003431,0.002250,0.300000,-0.000429,0.003567,-0.000110,0.005267,-0.300000,0.000691,0.003695,0.000113,0.000001
-0.143099,0.023857,0.810782,-0.002870,-0.000523,-0.411191,0.911545,-0.216333,0.095649,0.025269,0.374953,-0.150292,-0.058242,-0.159160,0.011145,-0.015982,0.289669,-0.132062,-0.011745,-0.002298,0.002239,0.300000,-0.000472,0.003574,-0.000110,0.005185,-0.300000,0.000656,0.003677,0.000112,0.000000
-0.145940,0.023033,0.812063,-0.003519,-0.001765,-0.414498,0.910042,-0.233262,0.087239,0.009959,0.425938,-0.167397,-0.049333,-0.145722,0.016425,-0.012786,0.265341,-0.118255,-0.015989,-0.001408,0.002239,0.300000,-0.000524,0.003563,-0.000110,0.005113,-0.300000,0.000605,0.003646,0.000111,-0.000003
-0.147654,0.023253,0.812918,-0.004111,-0.002353,-0.417899,0.908481,-0.252035,0.079213,0.004055,0.481814,-0.184713,-0.040667,-0.137589,0.019927,-0.007922,0.247882,-0.107151,-0.018051,-0.000683,0.002255,0.300000,-0.000574,0.003551,-0.000110,0.005048,-0.300000,0.000549,0.003609,0.000110,-0.000006
-0.148204,0.024521,0.813428,-0.004469,-0.002101,-0.421374,0.906874,-0.268972,0.072742,0.001004,0.530940,-0.202074,-0.032270,-0.135246,0.021543,-0.001199,0.237229,-0.098809,-0.018210,-0.000336,0.002286,0.300000,-0.000598,0.003550,-0.000109,0.004991,-0.300000,0.000514,0.003578,0.000109,-0.000008
-0.147568,0.026742,0.813664,-0.004812,-0.001365,-0.424890,0.905231,-0.281895,0.068257,-0.004044,0.566589,-0.215454,-0.025582,-0.136864,0.021490,0.006951,0.231962,-0.092772,-0.016285,-0.000175,0.002313,0.300000,-0.000611,0.003557,-0.000109,0.004953,-0.300000,0.000497,0.003570,0.000108,-0.000011
-0.145751,0.029957,0.813620,-0.005098,-0.000216,-0.428630,0.903466,-0.289654,0.065065,-0.011017,0.583597,-0.225185,-0.021371,-0.142738,0.019727,0.017002,0.232492,-0.089217,-0.011945,0.000025,0.002343,0.300000,-0.000624,0.003567,-0.000109,0.004901,-0.300000,0.000483,0.003555,0.000108,-0.000013
-0.142642,0.034236,0.813232,-0.005344,0.001096,-0.432699,0.901522,-0.291059,0.061702,-0.018593,0.580494,-0.230732,-0.019705,-0.153064,0.016022,0.029241,0.239964,-0.088688,-0.005168,0.000330,0.002368,0.300000,-0.000637,0.003580,-0.000109,0.004834,-0.300000,0.000468,0.003534,0.000107,-0.000014
-0.138255,0.039540,0.812356,-0.005743,0.002472,-0.437118,0.899383,-0.282620,0.056784,-0.026400,0.549941,-0.231659,-0.019015,-0.167991,0.010878,0.043704,0.255259,-0.091712,0.003973,0.000791,0.002401,0.300000,-0.000649,0.003602,-0.000109,0.004774,-0.300000,0.000455,0.003523,0.000107,-0.000016
-0.132547,0.045519,0.810572,0.007203,-0.003548,0.441999,-0.896979,-0.253989,0.049911,-0.035195,0.474582,-0.231484,-0.018583,-0.186726,0.006182,0.060144,0.280678,-0.100052,0.015131,0.001582,0.002480,0.300000,-0.000657,0.003662,-0.000110,0.004756,-0.300000,0.000452,0.003553,0.000108,-0.000020
-0.126020,0.051500,0.807580,-0.010955,0.005028,-0.446462,0.894721,-0.208025,0.044837,-0.041282,0.362547,-0.180276,-0.020370,-0.207201,0.005770,0.075280,0.313617,-0.113090,0.026879,0.001414,0.002566,0.300000,-0.000662,0.003715,-0.000111,0.004819,-0.300000,0.000454,0.003631,0.000109,-0.000025
-0.118427,0.057384,0.808484,-0.007750,0.002408,-0.449672,0.893157,-0.188867,0.024108,-0.028140,0.330232,-0.139276,-0.008595,-0.212214,-0.014533,0.084207,0.321123,-0.114485,0.036127,-0.001670,0.002820,0.300000,-0.000700,0.003891,-0.000116,0.004890,-0.300000,0.000428,0.003711,0.000111,0.000001
-0.112575,0.061979,0.810367,-0.003285,0.000345,-0.454147,0.890921,-0.174593,0.005690,-0.010415,0.309162,-0.135117,0.002851,-0.220762,-0.031803,0.072405,0.334561,-0.113504,0.038030,-0.002353,0.002840,0.300000,-0.000691,0.003878,-0.000115,0.004820,-0.300000,0.000435,0.003668,0.000111,0.000006
-0.109228,0.064985,0.811572,-0.000430,-0.000596,-0.458536,0.888676,-0.161139,-0.004633,0.005041,0.285948,-0.127215,0.009128,-0.241012,-0.035377,0.054897,0.384955,-0.123462,0.037740,-0.002820,0.002795,0.300000,-0.000661,0.003845,-0.000114,0.004797,-0.300000,0.000467,0.003676,0.000111,0.000006
-0.107790,0.066883,0.812335,-0.001523,0.000940,0.462765,-0.886479,-0.150347,-0.009785,0.018560,0.265382,-0.118804,0.011783,-0.264265,-0.034618,0.038395,0.449185,-0.149702,0.037321,-0.003069,0.002738,0.300000,-0.000612,0.003804,-0.000113,0.004750,-0.300000,0.000514,0.003668,0.000111,0.000007
-0.108026,0.068051,0.812618,0.002863,-0.000640,-0.467063,0.884219,-0.146910,-0.010671,0.029870,0.255578,-0.114063,0.012080,-0.285927,-0.034505,0.025069,0.508775,-0.180508,0.036854,-0.003154,0.002677,0.300000,-0.000554,0.003760,-0.000112,0.004655,-0.300000,0.000567,0.003627,0.000111,0.000008
-0.109572,0.068494,0.812454,0.003742,-0.000747,-0.471406,0.881908,-0.147707,-0.008860,0.039942,0.255393,-0.113574,0.010512,-0.299723,-0.038394,0.014395,0.552953,-0.207976,0.036452,-0.003234,0.002645,0.300000,-0.000509,0.003756,-0.000111,0.004592,-0.300000,0.000609,0.003621,0.000111,0.000011
-0.112645,0.068221,0.812031,0.004401,-0.000646,-0.475528,0.879689,-0.153202,-0.003964,0.048026,0.262500,-0.115986,0.006321,-0.304761,-0.044943,0.004954,0.577343,-0.227373,0.036146,-0.003357,0.002563,0.300000,-0.000484,0.003697,-0.000110,0.004515,-0.300000,0.000627,0.003589,0.000110,0.000012
-0.117428,0.067320,0.811251,0.005073,0.000193,-0.479700,0.877418,-0.165757,0.004429,0.053872,0.278612,-0.121757,-0.000422,-0.303126,-0.051672,-0.002375,0.581384,-0.237699,0.035916,-0.003409,0.002486,0.300000,-0.000462,0.003632,-0.000109,0.004391,-0.300000,0.000642,0.003515,0.000109,0.000015
-0.123860,0.065643,0.809894,0.005655,0.001044,-0.483848,0.875133,-0.183695,0.015936,0.057460,0.303980,-0.131235,-0.009688,-0.291051,-0.056994,-0.007750,0.558285,-0.239525,0.035730,-0.003499,0.002431,0.300000,-0.000446,0.003602,-0.000108,0.004313,-0.300000,0.000655,0.003486,0.000108,0.000018
-0.131626,0.063198,0.807595,0.006638,0.001063,-0.487854,0.872900,-0.205237,0.028387,0.059080,0.337990,-0.144608,-0.020981,-0.263779,-0.060618,-0.010988,0.497135,-0.238920,0.035605,-0.003641,0.002390,0.300000,-0.000438,0.003590,-0.000108,0.004261,-0.300000,0.000662,0.003478,0.000108,0.000023
-0.140294,0.060145,0.804081,0.009289,-0.000564,-0.491915,0.870593,-0.227296,0.037918,0.060490,0.376315,-0.160405,-0.033574,-0.225658,-0.063589,-0.011802,0.403988,-0.206076,0.036239,-0.003703,0.002394,0.300000,-0.000440,0.003617,-0.000108,0.004216,-0.300000,0.000663,0.003474,0.000108,0.000030
-0.150130,0.055430,0.804425,0.004831,-0.000894,-0.494906,0.868933,-0.225472,0.063255,0.061398,0.380190,-0.160445,-0.049666,-0.210205,-0.039965,-0.014348,0.379151,-0.175165,0.023044,-0.003895,0.002384,0.300000,-0.000410,0.003673,-0.000111,0.005352,-0.300000,0.000709,0.003737,0.000114,0.000003
-0.159022,0.051213,0.806785,0.000522,0.000213,-0.497370,0.867539,-0.211362,0.086344,0.063822,0.356303,-0.147101,-0.063000,-0.195208,-0.015205,-0.017186,0.355016,-0.164972,0.007246,-0.003927,0.002319,0.300000,-0.000407,0.003601,-0.000110,0.005492,-0.300000,0.000708,0.003746,0.000114,0.000000
-0.166113,0.048432,0.809011,-0.001677,0.000799,-0.500122,0.865953,-0.206174,0.098750,0.053193,0.345560,-0.138860,-0.064846,-0.177805,0.002097,-0.017667,0.321727,-0.148371,-0.004850,-0.003511,0.002276,0.300000,-0.000429,0.003578,-0.000110,0.005383,-0.300000,0.000690,0.003698,0.000113,0.000001
-0.170806,0.047114,0.810744,-0.002942,-0.000264,-0.503252,0.864135,-0.215585,0.095598,0.025207,0.375337,-0.151223,-0.057002,-0.159911,0.011597,-0.016031,0.290430,-0.132002,-0.012224,-0.002424,0.002262,0.300000,-0.000472,0.003583,-0.000110,0.005299,-0.300000,0.000655,0.003679,0.000112,-0.000001
-0.173752,0.046890,0.812038,-0.003698,-0.001457,-0.506382,0.862300,-0.232500,0.087479,0.009875,0.425982,-0.168202,-0.048504,-0.146379,0.016816,-0.012859,0.265989,-0.118151,-0.016461,-0.001552,0.002261,0.300000,-0.000524,0.003571,-0.000110,0.005226,-0.300000,0.000604,0.003648,0.000111,-0.000003
-0.175383,0.047462,0.812911,-0.004321,-0.001995,-0.509606,0.860395,-0.251315,0.079633,0.003982,0.481653,-0.185414,-0.040349,-0.138159,0.020257,-0.008002,0.248360,-0.106964,-0.018515,-0.000817,0.002275,0.300000,-0.000574,0.003557,-0.000110,0.005158,-0.300000,0.000549,0.003611,0.000110,-0.000006
-0.175667,0.048820,0.813433,-0.004630,-0.001710,-0.512897,0.858436,-0.268325,0.073237,0.000928,0.530639,-0.202639,-0.032343,-0.135769,0.021844,-0.001279,0.237564,-0.098542,-0.018677,-0.000452,0.002305,0.300000,-0.000598,0.003555,-0.000109,0.005099,-0.300000,0.000513,0.003579,0.000109,-0.000008
-0.174601,0.050868,0.813676,-0.004882,-0.000935,-0.516225,0.856439,-0.281330,0.068727,-0.004120,0.566183,-0.215844,-0.025874,-0.137380,0.021797,0.006875,0.232207,-0.092446,-0.016767,-0.000286,0.002332,0.300000,-0.000611,0.003562,-0.000109,0.005059,-0.300000,0.000497,0.003570,0.000108,-0.000011
-0.172180,0.053644,0.813634,-0.005047,0.000247,-0.519766,0.854294,-0.289177,0.065438,-0.011068,0.583155,-0.225417,-0.021703,-0.143265,0.020073,0.016936,0.232693,-0.088849,-0.012451,-0.000082,0.002361,0.300000,-0.000624,0.003572,-0.000109,0.005005,-0.300000,0.000482,0.003555,0.000108,-0.000013
-0.168278,0.057194,0.813248,-0.005163,0.001582,-0.523617,0.851937,-0.290656,0.061927,-0.018596,0.580092,-0.230878,-0.019965,-0.153568,0.016422,0.029176,0.240098,-0.088272,-0.005702,0.000234,0.002387,0.300000,-0.000637,0.003585,-0.000109,0.004937,-0.300000,0.000468,0.003534,0.000107,-0.000014
-0.162917,0.061484,0.812378,-0.005422,0.003000,-0.527793,0.849350,-0.282378,0.056842,-0.026340,0.549791,-0.231794,-0.019256,-0.168457,0.011330,0.043628,0.255277,-0.091216,0.003408,0.000701,0.002418,0.300000,-0.000649,0.003606,-0.000109,0.004875,-0.300000,0.000455,0.003522,0.000107,-0.000016
-0.156125,0.066166,0.810611,0.006754,-0.004226,0.532401,-0.846455,-0.254041,0.049794,-0.035059,0.475003,-0.231623,-0.018813,-0.187121,0.006651,0.060047,0.280503,-0.099435,0.014538,0.001499,0.002497,0.300000,-0.000657,0.003666,-0.000110,0.004855,-0.300000,0.000451,0.003552,0.000108,-0.000020
-0.148531,0.070680,0.807617,-0.010358,0.006102,-0.536618,0.843740,-0.208052,0.044661,-0.041149,0.362919,-0.179808,-0.020399,-0.207581,0.006343,0.075178,0.313392,-0.112421,0.026250,0.001359,0.002580,0.300000,-0.000661,0.003718,-0.000111,0.004918,-0.300000,0.000454,0.003631,0.000109,-0.000025
-0.139927,0.074893,0.808470,-0.007579,0.003313,-0.539540,0.841919,-0.188454,0.024267,-0.028326,0.329070,-0.136270,-0.008299,-0.212848,-0.013543,0.084312,0.321280,-0.114601,0.034567,-0.001915,0.002810,0.300000,-0.000700,0.003891,-0.000116,0.004986,-0.300000,0.000428,0.003709,0.000111,0.000000
-0.133246,0.078219,0.810448,-0.003323,0.000781,-0.543605,0.839334,-0.173897,0.005691,-0.010788,0.307540,-0.133395,0.003089,-0.221692,-0.031181,0.073807,0.334938,-0.113568,0.035873,-0.002815,0.002830,0.300000,-0.000691,0.003878,-0.000115,0.004918,-0.300000,0.000434,0.003670,0.000111,0.000006
-0.129366,0.080483,0.811713,-0.000654,-0.000414,-0.547765,0.836632,-0.160273,-0.004423,0.004761,0.284127,-0.126062,0.009279,-0.242346,-0.035041,0.055853,0.385472,-0.123604,0.035598,-0.003194,0.002790,0.300000,-0.000661,0.003848,-0.000114,0.004891,-0.300000,0.000466,0.003677,0.000111,0.000006
-0.127564,0.082055,0.812496,-0.001199,0.000926,0.551757,-0.834004,-0.149486,-0.009453,0.018293,0.263599,-0.117880,0.011920,-0.265796,-0.034551,0.038998,0.449674,-0.149824,0.035222,-0.003409,0.002735,0.300000,-0.000612,0.003808,-0.000113,0.004843,-0.300000,0.000513,0.003668,0.000111,0.000006
-0.127531,0.083261,0.812769,0.002553,-0.000762,-0.555815,0.831302,-0.146165,-0.010355,0.029623,0.254028,-0.113296,0.012242,-0.287520,-0.034623,0.025545,0.509159,-0.180590,0.034806,-0.003485,0.002677,0.300000,-0.000554,0.003766,-0.000112,0.004745,-0.300000,0.000567,0.003625,0.000110,0.000008
-0.128914,0.084024,0.812584,0.003447,-0.000987,-0.559906,0.828549,-0.147038,-0.008693,0.039725,0.254037,-0.112909,0.010751,-0.301224,-0.038582,0.014751,0.553171,-0.207918,0.034455,-0.003565,0.002645,0.300000,-0.000510,0.003761,-0.000112,0.004682,-0.300000,0.000608,0.003620,0.000111,0.000011
-0.131932,0.084400,0.812128,0.004160,-0.000989,-0.563771,0.825920,-0.152721,-0.003997,0.047781,0.261517,-0.115518,0.006645,-0.306091,-0.045057,0.005200,0.577500,-0.227159,0.034197,-0.003687,0.002562,0.300000,-0.000485,0.003702,-0.000110,0.004606,-0.300000,0.000626,0.003589,0.000110,0.000012
-0.136748,0.084508,0.811314,0.004971,-0.000261,-0.567681,0.823234,-0.165443,0.004178,0.053610,0.277980,-0.121487,-0.000016,-0.304242,-0.051626,-0.002240,0.581616,-0.237347,0.034011,-0.003735,0.002486,0.300000,-0.000463,0.003638,-0.000109,0.004483,-0.300000,0.000641,0.003516,0.000109,0.000015
-0.143335,0.084181,0.809933,0.005675,0.000485,-0.571567,0.820536,-0.183448,0.015502,0.057207,0.303593,-0.131127,-0.009212,-0.291878,-0.056720,-0.007708,0.558699,-0.239142,0.033863,-0.003819,0.002433,0.300000,-0.000446,0.003609,-0.000108,0.004405,-0.300000,0.000655,0.003489,0.000108,0.000018
-0.151389,0.083371,0.807623,0.006675,0.000379,-0.575321,0.817901,-0.204995,0.027830,0.058857,0.337734,-0.144614,-0.020447,-0.264354,-0.060099,-0.011042,0.497871,-0.238589,0.033771,-0.003950,0.002393,0.300000,-0.000438,0.003597,-0.000108,0.004352,-0.300000,0.000661,0.003481,0.000108,0.000023
-0.160447,0.082157,0.804096,0.009184,-0.001521,-0.579113,0.815194,-0.227130,0.037205,0.060272,0.376198,-0.160511,-0.032969,-0.225788,-0.063012,-0.011682,0.404236,-0.207956,0.033353,-0.004011,0.002395,0.300000,-0.000440,0.003621,-0.000108,0.004305,-0.300000,0.000662,0.003475,0.000108,0.000030
-0.171002,0.079554,0.804426,0.004737,-0.001410,-0.581902,0.813244,-0.225375,0.062435,0.061171,0.380280,-0.160676,-0.049019,-0.210323,-0.039611,-0.014060,0.379182,-0.176657,0.021247,-0.004193,0.002385,0.300000,-0.000410,0.003679,-0.000111,0.005463,-0.300000,0.000709,0.003740,0.000114,0.000003
-0.180554,0.077233,0.806787,0.000541,0.000125,-0.584197,0.811612,-0.211208,0.085555,0.063608,0.356448,-0.147439,-0.062413,-0.195326,-0.014902,-0.016872,0.355041,-0.165379,0.006490,-0.004216,0.002321,0.300000,-0.000407,0.003607,-0.000110,0.005607,-0.300000,0.000708,0.003749,0.000114,0.000000
-0.188073,0.075952,0.809016,-0.001576,0.000982,-0.586749,0.809767,-0.205785,0.098308,0.053344,0.345769,-0.139512,-0.064192,-0.178032,0.002422,-0.017382,0.321748,-0.148335,-0.005233,-0.003823,0.002275,0.300000,-0.000429,0.003580,-0.000110,0.005495,-0.300000,0.000690,0.003697,0.000113,0.000001
-0.192942,0.075618,0.810763,-0.002876,0.000086,-0.589647,0.807656,-0.214742,0.095764,0.025228,0.375461,-0.152142,-0.056273,-0.160232,0.011839,-0.015763,0.290364,-0.131785,-0.012499,-0.002751,0.002260,0.300000,-0.000471,0.003585,-0.000110,0.005410,-0.300000,0.000655,0.003679,0.000112,-0.000001
-0.195876,0.076003,0.812066,-0.003695,-0.001017,-0.592554,0.805522,-0.231342,0.088074,0.009544,0.426085,-0.168943,-0.047957,-0.146792,0.016970,-0.012571,0.265940,-0.117931,-0.016729,-0.001837,0.002256,0.300000,-0.000523,0.003571,-0.000110,0.005334,-0.300000,0.000605,0.003648,0.000111,-0.000003
-0.197364,0.076904,0.812940,-0.004343,-0.001498,-0.595552,0.803304,-0.249972,0.080503,0.003368,0.481700,-0.185870,-0.040082,-0.138650,0.020361,-0.007688,0.248409,-0.106784,-0.018794,-0.001023,0.002267,0.300000,-0.000573,0.003556,-0.000110,0.005264,-0.300000,0.000549,0.003611,0.000110,-0.000006
-0.197379,0.078306,0.813458,-0.004627,-0.001197,-0.598610,0.801027,-0.266949,0.074190,0.000129,0.530582,-0.202978,-0.032367,-0.136309,0.021957,-0.000960,0.237733,-0.098405,-0.018970,-0.000578,0.002295,0.300000,-0.000597,0.003554,-0.000109,0.005201,-0.300000,0.000513,0.003578,0.000109,-0.000008
-0.195934,0.080114,0.813694,-0.004819,-0.000420,-0.601694,0.798712,-0.280070,0.069571,-0.004967,0.566007,-0.216173,-0.026119,-0.137939,0.021937,0.007172,0.232474,-0.092334,-0.017079,-0.000398,0.002322,0.300000,-0.000610,0.003560,-0.000109,0.005155,-0.300000,0.000497,0.003567,0.000108,-0.000011
-0.193016,0.082367,0.813646,-0.004892,0.000759,-0.604988,0.796219,-0.288193,0.066074,-0.011820,0.582959,-0.225761,-0.022076,-0.143821,0.020267,0.017230,0.232996,-0.088714,-0.012779,-0.000178,0.002351,0.300000,-0.000623,0.003570,-0.000109,0.005096,-0.300000,0.000483,0.003549,0.000108,-0.000013
-0.188488,0.085075,0.813256,-0.004909,0.002064,-0.608586,0.793470,-0.289958,0.062293,-0.019145,0.579938,-0.231223,-0.020370,-0.154080,0.016663,0.029486,0.240428,-0.088105,-0.006043,0.000173,0.002377,0.300000,-0.000637,0.003584,-0.000109,0.005025,-0.300000,0.000468,0.003528,0.000107,-0.000015
-0.182383,0.088218,0.812386,-0.005050,0.003475,-0.612474,0.790467,-0.282112,0.056945,-0.026623,0.549930,-0.232135,-0.019657,-0.168923,0.011607,0.043921,0.255562,-0.090971,0.003053,0.000652,0.002407,0.300000,-0.000649,0.003604,-0.000109,0.004960,-0.300000,0.000455,0.003515,0.000107,-0.000017
-0.174795,0.091458,0.810631,-0.006261,0.004807,-0.616757,0.787114,-0.254307,0.049658,-0.035054,0.475713,-0.231962,-0.019205,-0.187504,0.006931,0.060304,0.280610,-0.099039,0.014176,0.001452,0.002485,0.300000,-0.000657,0.003663,-0.000110,0.004938,-0.300000,0.000451,0.003544,0.000108,-0.000020
-0.166470,0.094380,0.807628,-0.009689,0.007068,-0.620661,0.783987,-0.208482,0.044508,-0.041150,0.362871,-0.182990,-0.019096,-0.208026,0.006745,0.075392,0.313481,-0.111935,0.025865,0.001327,0.002564,0.300000,-0.000661,0.003711,-0.000111,0.004999,-0.300000,0.000454,0.003623,0.000109,-0.000025
-0.157192,0.096781,0.808456,-0.007302,0.003984,-0.623433,0.781832,-0.189259,0.024283,-0.028455,0.329377,-0.137568,-0.007721,-0.213237,-0.013167,0.084502,0.321312,-0.114406,0.034818,-0.001762,0.002837,0.300000,-0.000699,0.003889,-0.000116,0.005072,-0.300000,0.000428,0.003707,0.000111,0.000000
-0.149951,0.098675,0.810433,-0.003405,0.000956,-0.627130,0.778907,-0.174797,0.005699,-0.011151,0.308150,-0.133367,0.003302,-0.221939,-0.031113,0.074992,0.334741,-0.113664,0.036289,-0.002725,0.002864,0.300000,-0.000691,0.003880,-0.000115,0.005011,-0.300000,0.000434,0.003673,0.000111,0.000005
-0.145668,0.100100,0.811724,-0.000882,-0.000529,-0.630990,0.775791,-0.161009,-0.004428,0.004478,0.284465,-0.125408,0.009394,-0.242639,-0.035378,0.056609,0.385042,-0.123758,0.036017,-0.003070,0.002830,0.300000,-0.000661,0.003852,-0.000114,0.004982,-0.300000,0.000466,0.003677,0.000111,0.000006
-0.143570,0.101260,0.812540,-0.000919,0.001207,0.634691,-0.772765,-0.150009,-0.009443,0.018090,0.263457,-0.116851,0.012003,-0.266029,-0.035077,0.039319,0.449185,-0.149877,0.035641,-0.003277,0.002779,0.300000,-0.000612,0.003813,-0.000113,0.004934,-0.300000,0.000513,0.003668,0.000111,0.000006
-0.143275,0.102410,0.812832,0.002321,-0.001144,-0.638447,0.769662,-0.146538,-0.010369,0.029467,0.253452,-0.112060,0.012330,-0.287535,-0.035220,0.025473,0.508656,-0.180505,0.035222,-0.003354,0.002723,0.300000,-0.000555,0.003772,-0.000112,0.004838,-0.300000,0.000567,0.003626,0.000110,0.000008
-0.144450,0.103409,0.812650,0.003244,-0.001410,-0.642229,0.766505,-0.147466,-0.008761,0.039550,0.253345,-0.111649,0.010864,-0.300909,-0.039117,0.014430,0.552595,-0.207615,0.034866,-0.003435,0.002693,0.300000,-0.000510,0.003768,-0.000112,0.004776,-0.300000,0.000607,0.003622,0.000111,0.000011
-0.147300,0.104356,0.812188,0.004023,-0.001444,-0.645800,0.763495,-0.153251,-0.004160,0.047562,0.260812,-0.114292,0.006791,-0.305451,-0.045441,0.004823,0.576852,-0.226721,0.034603,-0.003559,0.002611,0.300000,-0.000485,0.003709,-0.000110,0.004700,-0.300000,0.000626,0.003591,0.000110,0.000012
-0.151964,0.105406,0.811369,0.004975,-0.000764,-0.649410,0.760422,-0.166087,0.003914,0.053340,0.277292,-0.120308,0.000162,-0.303421,-0.051796,-0.002556,0.580919,-0.236961,0.034410,-0.003609,0.002535,0.300000,-0.000463,0.003646,-0.000109,0.004576,-0.300000,0.000641,0.003519,0.000109,0.000015
-0.158452,0.106388,0.809984,0.005791,-0.000075,-0.652993,0.757342,-0.184118,0.015166,0.056899,0.302925,-0.130016,-0.009010,-0.290962,-0.056647,-0.007936,0.557981,-0.238836,0.034256,-0.003695,0.002481,0.300000,-0.000447,0.003618,-0.000108,0.004497,-0.300000,0.000655,0.003493,0.000108,0.000018
-0.166479,0.107193,0.807675,0.006783,-0.000277,-0.656453,0.754337,-0.205618,0.027467,0.058540,0.337082,-0.143580,-0.020231,-0.263482,-0.059804,-0.011234,0.497276,-0.238317,0.034152,-0.003829,0.002441,0.300000,-0.000439,0.003607,-0.000108,0.004443,-0.300000,0.000662,0.003486,0.000108,0.000023
-0.175576,0.107808,0.804152,0.009067,-0.002424,-0.659943,0.751257,-0.227673,0.036851,0.059958,0.375580,-0.159565,-0.032746,-0.224992,-0.062570,-0.011912,0.403815,-0.207967,0.033641,-0.003892,0.002441,0.300000,-0.000441,0.003630,-0.000108,0.004395,-0.300000,0.000662,0.003480,0.000108,0.000030
-0.186419,0.107369,0.804469,0.004660,-0.001874,-0.662518,0.749029,-0.225889,0.062041,0.060877,0.379803,-0.159880,-0.048787,-0.209388,-0.039196,-0.014335,0.378715,-0.177079,0.021055,-0.004076,0.002431,0.300000,-0.000410,0.003688,-0.000112,0.005532,-0.300000,0.000709,0.003745,0.000114,0.000003
-0.196227,0.107002,0.806810,0.000645,0.000073,-0.664639,0.747165,-0.211753,0.085143,0.063300,0.356210,-0.146860,-0.062160,-0.194312,-0.014506,-0.017122,0.354603,-0.166006,0.006093,-0.004099,0.002366,0.300000,-0.000408,0.003615,-0.000110,0.005668,-0.300000,0.000708,0.003752,0.000114,0.000000
-0.203837,0.107242,0.809019,0.001355,-0.001168,0.666978,-0.745075,-0.206222,0.097977,0.053073,0.346001,-0.138995,-0.063920,-0.177082,0.002814,-0.017612,0.321437,-0.149120,-0.005692,-0.003734,0.002318,0.300000,-0.000429,0.003586,-0.000110,0.005554,-0.300000,0.000690,0.003698,0.000113,0.000001
-0.208667,0.107866,0.810757,-0.002690,0.000447,-0.669622,0.742698,-0.214756,0.095614,0.024719,0.376199,-0.151499,-0.055976,-0.159436,0.012193,-0.015977,0.290219,-0.132714,-0.012972,-0.002721,0.002302,0.300000,-0.000471,0.003589,-0.000110,0.005467,-0.300000,0.000655,0.003679,0.000112,-0.000001
-0.211511,0.108901,0.811897,-0.003508,-0.000406,-0.671947,0.740591,-0.232737,0.088345,0.009202,0.428198,-0.169374,-0.049106,-0.148119,0.017249,-0.013277,0.269028,-0.120331,-0.017136,-0.002275,0.002241,0.300000,-0.000523,0.003535,-0.000110,0.005394,-0.300000,0.000603,0.003645,0.000111,-0.000005
-0.213161,0.110231,0.811812,-0.004622,-0.000557,-0.673317,0.739340,-0.252153,0.082960,0.005377,0.482177,-0.182638,-0.047444,-0.148111,0.021382,-0.010986,0.267615,-0.117199,-0.019700,-0.002498,0.002117,0.300000,-0.000569,0.003434,-0.000108,0.005428,-0.300000,0.000550,0.003682,0.000110,-0.000015
-0.213552,0.111746,0.810540,-0.005820,0.000468,-0.673770,0.738918,-0.261471,0.076541,0.005251,0.515543,-0.186214,-0.047026,-0.159719,0.025103,-0.008796,0.284745,-0.122988,-0.020786,-0.002677,0.002016,0.300000,-0.000583,0.003335,-0.000106,0.005491,-0.300000,0.000520,0.003727,0.000110,-0.000025
-0.212896,0.113321,0.808390,-0.007500,0.003423,-0.673152,0.739459,-0.255315,0.068613,0.005580,0.511273,-0.186347,-0.046064,-0.177421,0.030503,-0.008239,0.309611,-0.132497,-0.020597,-0.003008,0.001911,0.300000,-0.000585,0.003232,-0.000105,0.005584,-0.300000,0.000513,0.003794,0.000109,-0.000037
-0.211789,0.114892,0.805228,-0.010664,0.008638,-0.671743,0.740657,-0.232480,0.066215,0.006651,0.462246,-0.197048,-0.032168,-0.198414,0.040637,-0.009254,0.338938,-0.144267,-0.019835,-0.003614,0.001837,0.300000,-0.000583,0.003161,-0.000103,0.005622,-0.300000,0.000513,0.003837,0.000110,-0.000046
-0.209922,0.116494,0.802780,0.012574,-0.011717,0.669737,-0.742399,-0.216823,0.068218,0.006383,0.432291,-0.237599,-0.023888,-0.216084,0.044176,-0.011141,0.365381,-0.155240,-0.017566,-0.004718,0.002303,0.300000,-0.000606,0.003234,-0.000106,0.005614,-0.300000,0.000501,0.003897,0.000112,-0.000033
-0.206978,0.117664,0.802996,-0.011362,0.008820,-0.669524,0.742651,-0.216977,0.057668,0.007769,0.435999,-0.231989,-0.019030,-0.219530,0.033508,-0.008913,0.374109,-0.158176,-0.012836,-0.003527,0.003256,0.300000,-0.000626,0.003431,-0.000110,0.005517,-0.300000,0.000492,0.003886,0.000113,-0.000016
-0.204745,0.119029,0.803262,-0.009859,0.006804,-0.669484,0.742730,-0.217489,0.048995,0.009497,0.435894,-0.224723,-0.015366,-0.223681,0.024863,-0.006409,0.379873,-0.159297,-0.009087,-0.003109,0.003307,0.300000,-0.000617,0.003446,-0.000109,0.005376,-0.300000,0.000496,0.003795,0.000111,-0.000012
-0.203101,0.120476,0.803365,-0.008320,0.005592,-0.669392,0.742842,-0.217697,0.042104,0.010886,0.432553,-0.219739,-0.012362,-0.229551,0.018181,-0.003991,0.386007,-0.160349,-0.006183,-0.003095,0.003284,0.300000,-0.000602,0.003435,-0.000109,0.005310,-0.300000,0.000509,0.003761,0.000110,-0.000011
-0.201805,0.121844,0.803436,-0.006805,0.004757,-0.669263,0.742979,-0.217761,0.036243,0.012037,0.428078,-0.215914,-0.009870,-0.235566,0.012587,-0.001823,0.391520,-0.161116,-0.003841,-0.003101,0.003282,0.300000,-0.000584,0.003445,-0.000109,0.005282,-0.300000,0.000528,0.003762,0.000110,-0.000010
-0.200724,0.122998,0.803471,-0.005402,0.004040,-0.669120,0.743124,-0.217756,0.031080,0.013019,0.423939,-0.212778,-0.007825,-0.241165,0.007647,0.000069,0.396799,-0.162030,-0.001866,-0.003104,0.003303,0.300000,-0.000566,0.003474,-0.000109,0.005276,-0.300000,0.000550,0.003782,0.000111,-0.000009
-0.199881,0.123858,0.803527,-0.004158,0.003565,-0.668952,0.743285,-0.217797,0.026894,0.013693,0.420180,-0.210005,-0.006215,-0.245700,0.003654,0.001467,0.400672,-0.162674,-0.000273,-0.003103,0.003331,0.300000,-0.000556,0.003506,-0.000109,0.005282,-0.300000,0.000564,0.003808,0.000111,-0.000009
-0.199291,0.124430,0.803586,0.003066,-0.003344,0.668785,-0.743442,-0.218111,0.023738,0.014081,0.417147,-0.207733,-0.005062,-0.249420,0.000653,0.002455,0.403508,-0.163160,0.000878,-0.003082,0.003360,0.300000,-0.000550,0.003536,-0.000110,0.005279,-0.300000,0.000572,0.003827,0.000112,-0.000008
-0.198943,0.124764,0.803605,0.002124,-0.003411,0.668691,-0.743529,-0.219127,0.021685,0.014279,0.415454,-0.206293,-0.004325,-0.252768,-0.001271,0.003304,0.405814,-0.163622,0.001604,-0.003037,0.003385,0.300000,-0.000545,0.003563,-0.000110,0.005258,-0.300000,0.000579,0.003834,0.000112,-0.000007
-0.198806,0.124892,0.803590,0.001379,-0.003696,0.668663,-0.743555,-0.220634,0.020648,0.014317,0.414983,-0.205611,-0.003884,-0.255557,-0.002220,0.003954,0.407530,-0.164038,0.002045,-0.002993,0.003397,0.300000,-0.000540,0.003584,-0.000110,0.005229,-0.300000,0.000584,0.003837,0.000112,-0.000007
-0.198812,0.124885,0.803587,0.000757,-0.004094,0.668664,-0.743553,-0.222168,0.020215,0.014280,0.414830,-0.205196,-0.003690,-0.257746,-0.002581,0.004421,0.408517,-0.164299,0.002255,-0.002957,0.003394,0.300000,-0.000538,0.003595,-0.000110,0.005190,-0.300000,0.000587,0.003835,0.000112,-0.000006
-0.198902,0.124793,0.803599,0.000247,-0.004497,0.668666,-0.743549,-0.223473,0.020115,0.014210,0.414725,-0.204930,-0.003687,-0.259318,-0.002636,0.004704,0.408928,-0.164440,0.002291,-0.002927,0.003375,0.300000,-0.000536,0.003598,-0.000110,0.005145,-0.300000,0.000589,0.003830,0.000112,-0.000006
-0.199009,0.124658,0.803611,-0.000142,-0.004805,0.668639,-0.743571,-0.224380,0.020092,0.014110,0.414605,-0.204774,-0.003772,-0.260356,-0.002646,0.004808,0.409152,-0.164608,0.002235,-0.002903,0.003345,0.300000,-0.000536,0.003596,-0.000110,0.005095,-0.300000,0.000590,0.003823,0.000112,-0.000006
-0.199103,0.124509,0.803618,-0.000397,-0.004999,0.668585,-0.743619,-0.224880,0.020101,0.014003,0.414488,-0.204720,-0.003885,-0.260910,-0.002657,0.004772,0.409294,-0.164830,0.002148,-0.002875,0.003310,0.300000,-0.000536,0.003589,-0.000110,0.005040,-0.300000,0.000590,0.003813,0.000112,-0.000006
-0.199170,0.124366,0.803621,-0.000539,-0.005107,0.668516,-0.743680,-0.225078,0.020130,0.013905,0.414390,-0.204755,-0.003997,-0.261096,-0.002673,0.004641,0.409366,-0.165077,0.002070,-0.002842,0.003272,0.300000,-0.000536,0.003580,-0.000110,0.004979,-0.300000,0.000589,0.003798,0.000112,-0.000006
-0.199208,0.124244,0.803622,-0.000634,-0.005194,0.668445,-0.743744,-0.225215,0.020164,0.013813,0.414333,-0.204834,-0.004091,-0.261178,-0.002691,0.004488,0.409397,-0.165298,0.002021,-0.002806,0.003234,0.300000,-0.000536,0.003569,-0.000110,0.004916,-0.300000,0.000588,0.003779,0.000112,-0.000005
-0.199220,0.124140,0.803622,-0.000704,-0.005277,0.668377,-0.743804,-0.225351,0.020199,0.013729,0.414323,-0.204930,-0.004161,-0.261221,-0.002712,0.004335,0.409395,-0.165479,0.002002,-0.002769,0.003198,0.300000,-0.000536,0.003558,-0.000110,0.004853,-0.300000,0.000588,0.003760,0.000111,-0.000005
-0.199213,0.124047,0.803621,-0.000755,-0.005355,0.668315,-0.743859,-0.225490,0.020233,0.013656,0.414362,-0.205033,-0.004204,-0.261233,-0.002735,0.004189,0.409369,-0.165626,0.002012,-0.002733,0.003162,0.300000,-0.000535,0.003548,-0.000109,0.004792,-0.300000,0.000587,0.003741,0.000111,-0.000005
-0.199190,0.123966,0.803619,-0.000790,-0.005429,0.668258,-0.743909,-0.225631,0.020267,0.013592,0.414446,-0.205139,-0.004221,-0.261221,-0.002760,0.004053,0.409326,-0.165743,0.002044,-0.002697,0.003127,0.300000,-0.000535,0.003538,-0.000109,0.004731,-0.300000,0.000587,0.003723,0.000111,-0.000005
-0.199157,0.123898,0.803616,-0.000810,-0.005496,0.668205,-0.743956,-0.225776,0.020301,0.013533,0.414567,-0.205242,-0.004218,-0.261190,-0.002784,0.003925,0.409272,-0.165834,0.002092,-0.002663,0.003091,0.300000,-0.000535,0.003527,-0.000109,0.004670,-0.300000,0.000586,0.003705,0.000111,-0.000004
-0.199117,0.123847,0.803612,-0.000815,-0.005552,0.668157,-0.744000,-0.225918,0.020335,0.013481,0.414717,-0.205339,-0.004198,-0.261143,-0.002810,0.003805,0.409211,-0.165899,0.002152,-0.002630,0.003055,0.300000,-0.000534,0.003517,-0.000109,0.004609,-0.300000,0.000586,0.003688,0.000110,-0.000004
-0.199074,0.123816,0.803608,-0.000806,-0.005595,0.668111,-0.744040,-0.226055,0.020369,0.013435,0.414889,-0.205426,-0.004167,-0.261080,-0.002835,0.003691,0.409147,-0.165938,0.002220,-0.002598,0.003019,0.300000,-0.000534,0.003507,-0.000109,0.004548,-0.300000,0.000585,0.003670,0.000110,-0.000004
-0.199030,0.123805,0.803603,-0.000782,-0.005625,0.668068,-0.744078,-0.226188,0.020404,0.013396,0.415078,-0.205500,-0.004129,-0.261005,-0.002861,0.003582,0.409080,-0.165952,0.002292,-0.002566,0.002983,0.300000,-0.000533,0.003496,-0.000108,0.004489,-0.300000,0.000585,0.003653,0.000110,-0.000003
-0.198985,0.123815,0.803598,-0.000746,-0.005643,0.668027,-0.744115,-0.226315,0.020439,0.013363,0.415277,-0.205561,-0.004085,-0.260920,-0.002887,0.003477,0.409013,-0.165942,0.002367,-0.002536,0.002947,0.300000,-0.000533,0.003486,-0.000108,0.004430,-0.300000,0.000585,0.003637,0.000110,-0.000003
-0.198942,0.123844,0.803593,-0.000699,-0.005648,0.667988,-0.744150,-0.226436,0.020475,0.013335,0.415484,-0.205607,-0.004038,-0.260829,-0.002914,0.003375,0.408946,-0.165909,0.002444,-0.002506,0.002913,0.300000,-0.000532,0.003477,-0.000108,0.004373,-0.300000,0.000584,0.003622,0.000109,-0.000003
-0.198899,0.123888,0.803588,-0.000643,-0.005644,0.667951,-0.744184,-0.226552,0.020510,0.013314,0.415695,-0.205640,-0.003989,-0.260732,-0.002942,0.003276,0.408881,-0.165857,0.002521,-0.002476,0.002879,0.300000,-0.000532,0.003468,-0.000108,0.004317,-0.300000,0.000584,0.003607,0.000109,-0.000003
-0.198858,0.123945,0.803583,-0.000582,-0.005631,0.667915,-0.744216,-0.226664,0.020546,0.013298,0.415907,-0.205660,-0.003939,-0.260634,-0.002970,0.003181,0.408818,-0.165790,0.002598,-0.002448,0.002847,0.300000,-0.000532,0.003460,-0.000108,0.004263,-0.300000,0.000584,0.003593,0.000109,-0.000002
-0.198817,0.124011,0.803577,-0.000516,-0.005613,0.667880,-0.744248,-0.226773,0.020581,0.013286,0.416119,-0.205670,-0.003889,-0.260536,-0.002999,0.003088,0.408758,-0.165713,0.002674,-0.002420,0.002816,0.300000,-0.000531,0.003453,-0.000108,0.004210,-0.300000,0.000584,0.003581,0.000109,-0.000002
-0.198779,0.124082,0.803572,-0.000449,-0.005592,0.667846,-0.744278,-0.226880,0.020615,0.013278,0.416329,-0.205671,-0.003840,-0.260440,-0.003029,0.002999,0.408701,-0.165628,0.002749,-0.002392,0.002787,0.300000,-0.000531,0.003446,-0.000108,0.004160,-0.300000,0.000584,0.003569,0.000109,-0.000002
-0.198742,0.124156,0.803567,-0.000382,-0.005568,0.667813,-0.744308,-0.226986,0.020649,0.013273,0.416535,-0.205666,-0.003791,-0.260349,-0.003059,0.002912,0.408648,-0.165540,0.002822,-0.002365,0.002758,0.300000,-0.000530,0.003440,-0.000107,0.004111,-0.300000,0.000584,0.003558,0.000108,-0.000002
-0.198706,0.124231,0.803562,-0.000316,-0.005545,0.667781,-0.744337,-0.227091,0.020682,0.013271,0.416735,-0.205657,-0.003745,-0.260262,-0.003089,0.002827,0.408597,-0.165451,0.002894,-0.002339,0.002731,0.300000,-0.000530,0.003435,-0.000107,0.004063,-0.300000,0.000584,0.003548,0.000108,-0.000001
-0.198672,0.124303,0.803558,-0.000254,-0.005523,0.667749,-0.744366,-0.227198,0.020715,0.013270,0.416928,-0.205645,-0.003700,-0.260182,-0.003120,0.002745,0.408549,-0.165366,0.002965,-0.002313,0.002705,0.300000,-0.000530,0.003430,-0.000107,0.004016,-0.300000,0.000584,0.003539,0.000108,-0.000001
-0.198639,0.124373,0.803553,-0.000197,-0.005503,0.667717,-0.744395,-0.227305,0.020746,0.013270,0.417113,-0.205633,-0.003657,-0.260108,-0.003151,0.002665,0.408503,-0.165284,0.003033,-0.002287,0.002680,0.300000,-0.000529,0.003426,-0.000107,0.003971,-0.300000,0.000584,0.003531,0.000108,-0.000001
-0.198607,0.124436,0.803549,-0.000144,-0.005487,0.667685,-0.744424,-0.227413,0.020777,0.013271,0.417289,-0.205622,-0.003617,-0.260041,-0.003182,0.002587,0.408459,-0.165210,0.003100,-0.002262,0.002655,0.300000,-0.000529,0.003422,-0.000107,0.003928,-0.300000,0.000584,0.003523,0.000108,-0.000001
-0.198577,0.124494,0.803545,-0.000097,-0.005475,0.667653,-0.744453,-0.227522,0.020806,0.013272,0.417455,-0.205613,-0.003580,-0.259981,-0.003213,0.002510,0.408417,-0.165144,0.003165,-0.002238,0.002631,0.300000,-0.000529,0.003419,-0.000107,0.003885,-0.300000,0.000584,0.003516,0.000108,-0.000001
-0.198547,0.124544,0.803542,-0.000056,-0.005468,0.667621,-0.744482,-0.227633,0.020835,0.013274,0.417612,-0.205608,-0.003545,-0.259929,-0.003245,0.002434,0.408375,-0.165087,0.003228,-0.002214,0.002608,0.300000,-0.000529,0.003416,-0.000107,0.003843,-0.300000,0.000584,0.003509,0.000108,0.000000
-0.198518,0.124586,0.803538,-0.000022,-0.005466,0.667588,-0.744511,-0.227745,0.020863,0.013275,0.417758,-0.205606,-0.003513,-0.259883,-0.003277,0.002360,0.408336,-0.165040,0.003290,-0.002190,0.002586,0.300000,-0.000528,0.003413,-0.000107,0.003802,-0.300000,0.000584,0.003502,0.000108,0.000000
-0.198490,0.124619,0.803536,0.000006,-0.005470,0.667556,-0.744540,-0.227857,0.020890,0.013276,0.417896,-0.205609,-0.003484,-0.259844,-0.003309,0.002286,0.408297,-0.165005,0.003350,-0.002167,0.002564,0.300000,-0.000528,0.003410,-0.000107,0.003762,-0.300000,0.000584,0.003496,0.000108,0.000000
-0.198463,0.124644,0.803533,0.000028,-0.005478,0.667523,-0.744569,-0.227971,0.020916,0.013278,0.418024,-0.205616,-0.003457,-0.259810,-0.003341,0.002213,0.408259,-0.164979,0.003409,-0.002144,0.002542,0.300000,-0.000528,0.003408,-0.000107,0.003723,-0.300000,0.000584,0.003490,0.000108,0.000000
-0.198436,0.124661,0.803530,0.000044,-0.005491,0.667489,-0.744599,-0.228084,0.020942,0.013278,0.418143,-0.205628,-0.003433,-0.259782,-0.003373,0.002141,0.408223,-0.164965,0.003466,-0.002121,0.002521,0.300000,-0.000528,0.003405,-0.000107,0.003684,-0.300000,0.000584,0.003485,0.000108,0.000000
-0.198410,0.124671,0.803528,0.000054,-0.005509,0.667456,-0.744629,-0.228197,0.020967,0.013279,0.418254,-0.205644,-0.003411,-0.259759,-0.003406,0.002070,0.408188,-0.164960,0.003522,-0.002099,0.002500,0.300000,-0.000528,0.003403,-0.000107,0.003645,-0.300000,0.000584,0.003480,0.000108,0.000000
-0.198385,0.124673,0.803526,0.000060,-0.005530,0.667422,-0.744659,-0.228310,0.020991,0.013280,0.418358,-0.205664,-0.003392,-0.259739,-0.003439,0.002000,0.408155,-0.164964,0.003577,-0.002077,0.002479,0.300000,-0.000527,0.003400,-0.000107,0.003607,-0.300000,0.000585,0.003474,0.000107,0.000001
-0.198360,0.124670,0.803524,0.000062,-0.005554,0.667388,-0.744689,-0.228421,0.021014,0.013280,0.418455,-0.205686,-0.003375,-0.259723,-0.003472,0.001930,0.408123,-0.164977,0.003630,-0.002055,0.002458,0.300000,-0.000527,0.003398,-0.000107,0.003570,-0.300000,0.000585,0.003469,0.000107,0.000001
-0.198337,0.124663,0.803523,0.000061,-0.005580,0.667354,-0.744720,-0.228531,0.021037,0.013281,0.418545,-0.205711,-0.003360,-0.259710,-0.003505,0.001860,0.408093,-0.164996,0.003681,-0.002033,0.002437,0.300000,-0.000527,0.003396,-0.000107,0.003532,-0.300000,0.000585,0.003464,0.000107,0.000001
-0.198314,0.124651,0.803521,0.000057,-0.005607,0.667320,-0.744750,-0.228639,0.021060,0.013282,0.418631,-0.205737,-0.003346,-0.259698,-0.003538,0.001791,0.408066,-0.165021,0.003731,-0.002012,0.002417,0.300000,-0.000527,0.003393,-0.000107,0.003495,-0.300000,0.000585,0.003459,0.000107,0.000001
-0.198293,0.124638,0.803519,0.000052,-0.005635,0.667285,-0.744781,-0.228745,0.021082,0.013283,0.418711,-0.205763,-0.003335,-0.259687,-0.003572,0.001723,0.408040,-0.165051,0.003779,-0.001991,0.002396,0.300000,-0.000527,0.003391,-0.000107,0.003459,-0.300000,0.000585,0.003454,0.000107,0.000001
-0.198272,0.124622,0.803518,0.000045,-0.005662,0.667250,-0.744812,-0.228848,0.021104,0.013285,0.418787,-0.205789,-0.003326,-0.259678,-0.003606,0.001654,0.408018,-0.165083,0.003826,-0.001971,0.002375,0.300000,-0.000526,0.003388,-0.000107,0.003422,-0.300000,0.000585,0.003449,0.000107,0.000001
-0.198253,0.124607,0.803516,0.000038,-0.005689,0.667216,-0.744843,-0.228948,0.021126,0.013287,0.418861,-0.205813,-0.003318,-0.259668,-0.003640,0.001586,0.407997,-0.165118,0.003871,-0.001950,0.002355,0.300000,-0.000526,0.003386,-0.000107,0.003386,-0.300000,0.000585,0.003444,0.000107,0.000001
-0.198236,0.124592,0.803515,0.000031,-0.005714,0.667181,-0.744874,-0.229045,0.021147,0.013291,0.418931,-0.205835,-0.003311,-0.259659,-0.003675,0.001519,0.407980,-0.165153,0.003914,-0.001930,0.002334,0.300000,-0.000526,0.003383,-0.000106,0.003350,-0.300000,0.000585,0.003439,0.000107,0.000001
-0.198219,0.124579,0.803513,0.000024,-0.005736,0.667146,-0.744905,-0.229138,0.021168,0.013295,0.418998,-0.205854,-0.003306,-0.259649,-0.003710,0.001451,0.407966,-0.165188,0.003955,-0.001911,0.002314,0.300000,-0.000526,0.003380,-0.000106,0.003315,-0.300000,0.000585,0.003435,0.000107,0.000002
-0.198204,0.124567,0.803511,0.000019,-0.005757,0.667111,-0.744936,-0.229229,0.021189,0.013300,0.419064,-0.205869,-0.003303,-0.259639,-0.003745,0.001385,0.407954,-0.165222,0.003995,-0.001891,0.002293,0.300000,-0.000526,0.003378,-0.000106,0.003279,-0.300000,0.000585,0.003430,0.000107,0.000002
-0.198191,0.124559,0.803510,0.000014,-0.005775,0.667077,-0.744967,-0.229316,0.021211,0.013306,0.419127,-0.205881,-0.003301,-0.259627,-0.003780,0.001318,0.407946,-0.165255,0.004033,-0.001872,0.002273,0.300000,-0.000526,0.003375,-0.000106,0.003244,-0.300000,0.000585,0.003425,0.000107,0.000002
-0.198179,0.124553,0.803508,0.000012,-0.005790,0.667042,-0.744998,-0.229400,0.021232,0.013313,0.419189,-0.205887,-0.003300,-0.259616,-0.003816,0.001252,0.407940,-0.165285,0.004069,-0.001853,0.002253,0.300000,-0.000526,0.003372,-0.000106,0.003210,-0.300000,0.000585,0.003421,0.000107,0.000002
-0.198169,0.124551,0.803506,0.000010,-0.005801,0.667007,-0.745029,-0.229480,0.021253,0.013321,0.419250,-0.205889,-0.003300,-0.259603,-0.003852,0.001186,0.407937,-0.165312,0.004104,-0.001834,0.002233,0.300000,-0.000525,0.003370,-0.000106,0.003176,-0.300000,0.000586,0.003416,0.000107,0.000002
-0.198160,0.124552,0.803505,0.000011,-0.005810,0.666973,-0.745060,-0.229558,0.021274,0.013330,0.419309,-0.205887,-0.003302,-0.259590,-0.003888,0.001120,0.407936,-0.165336,0.004137,-0.001815,0.002214,0.300000,-0.000525,0.003367,-0.000106,0.003142,-0.300000,0.000586,0.003412,0.000107,0.000002
-0.198152,0.124557,0.803503,0.000013,-0.005816,0.666938,-0.745090,-0.229634,0.021295,0.013340,0.419368,-0.205879,-0.003304,-0.259576,-0.003925,0.001055,0.407938,-0.165357,0.004168,-0.001797,0.002194,0.300000,-0.000525,0.003365,-0.000106,0.003109,-0.300000,0.000586,0.003408,0.000107,0.000002
-0.198146,0.124565,0.803501,0.000016,-0.005819,0.666904,-0.745121,-0.229707,0.021315,0.013350,0.419425,-0.205867,-0.003307,-0.259561,-0.003961,0.000991,0.407942,-0.165375,0.004198,-0.001779,0.002175,0.300000,-0.000525,0.003363,-0.000106,0.003077,-0.300000,0.000586,0.003404,0.000107,0.000002
-0.198141,0.124576,0.803500,0.000021,-0.005820,0.666869,-0.745152,-0.229777,0.021336,0.013362,0.419480,-0.205851,-0.003312,-0.259546,-0.003998,0.000926,0.407948,-0.165391,0.004227,-0.001761,0.002157,0.300000,-0.000525,0.003360,-0.000106,0.003045,-0.300000,0.000586,0.003401,0.000107,0.000002
-0.198137,0.124589,0.803498,0.000027,-0.005818,0.666835,-0.745183,-0.229846,0.021357,0.013374,0.419535,-0.205830,-0.003317,-0.259531,-0.004035,0.000863,0.407956,-0.165403,0.004254,-0.001744,0.002139,0.300000,-0.000525,0.003358,-0.000106,0.003013,-0.300000,0.000586,0.003397,0.000107,0.000002
-0.198135,0.124605,0.803496,0.000034,-0.005815,0.666801,-0.745213,-0.229914,0.021378,0.013386,0.419588,-0.205806,-0.003323,-0.259516,-0.004072,0.000799,0.407966,-0.165413,0.004280,-0.001726,0.002121,0.300000,-0.000525,0.003357,-0.000106,0.002983,-0.300000,0.000586,0.003394,0.000107,0.000002
-0.198133,0.124624,0.803495,0.000041,-0.005810,0.666767,-0.745244,-0.229980,0.021399,0.013400,0.419640,-0.205779,-0.003330,-0.259502,-0.004109,0.000736,0.407976,-0.165421,0.004305,-0.001709,0.002103,0.300000,-0.000525,0.003355,-0.000106,0.002952,-0.300000,0.000586,0.003391,0.000107,0.000003
-0.198132,0.124643,0.803493,0.000049,-0.005804,0.666732,-0.745275,-0.230045,0.021419,0.013413,0.419690,-0.205749,-0.003338,-0.259487,-0.004145,0.000674,0.407988,-0.165428,0.004328,-0.001692,0.002086,0.300000,-0.000525,0.003353,-0.000106,0.002923,-0.300000,0.000586,0.003388,0.000107,0.000003
-0.198132,0.124664,0.803491,0.000057,-0.005797,0.666698,-0.745305,-0.230109,0.021440,0.013427,0.419738,-0.205717,-0.003347,-0.259474,-0.004182,0.000612,0.408000,-0.165434,0.004352,-0.001676,0.002069,0.300000,-0.000524,0.003352,-0.000106,0.002894,-0.300000,0.000586,0.003385,0.000107,0.000003
-0.198132,0.124685,0.803490,0.000065,-0.005789,0.666664,-0.745336,-0.230173,0.021460,0.013441,0.419785,-0.205683,-0.003356,-0.259460,-0.004219,0.000550,0.408013,-0.165438,0.004374,-0.001659,0.002053,0.300000,-0.000524,0.003350,-0.000106,0.002865,-0.300000,0.000586,0.003383,0.000107,0.000003
-0.198133,0.124707,0.803489,0.000073,-0.005782,0.666630,-0.745366,-0.230237,0.021480,0.013456,0.419831,-0.205648,-0.003366,-0.259448,-0.004256,0.000489,0.408026,-0.165443,0.004396,-0.001643,0.002037,0.300000,-0.000524,0.003349,-0.000106,0.002837,-0.300000,0.000586,0.003381,0.000107,0.000003
-0.198134,0.124728,0.803487,0.000080,-0.005774,0.666596,-0.745397,-0.230300,0.021501,0.013470,0.419874,-0.205613,-0.003376,-0.259436,-0.004293,0.000429,0.408039,-0.165448,0.004417,-0.001627,0.002021,0.300000,-0.000524,0.003348,-0.000106,0.002810,-0.300000,0.000586,0.003378,0.000107,0.000003
-0.198135,0.124749,0.803486,0.000087,-0.005767,0.666562,-0.745427,-0.230363,0.021521,0.013485,0.419916,-0.205576,-0.003386,-0.259425,-0.004330,0.000369,0.408052,-0.165453,0.004438,-0.001611,0.002006,0.300000,-0.000524,0.003347,-0.000106,0.002783,-0.300000,0.000586,0.003377,0.000107,0.000003
-0.198137,0.124769,0.803485,0.000092,-0.005761,0.666528,-0.745458,-0.230426,0.021541,0.013499,0.419956,-0.205540,-0.003398,-0.259415,-0.004366,0.000309,0.408064,-0.165459,0.004458,-0.001596,0.001991,0.300000,-0.000524,0.003346,-0.000106,0.002756,-0.300000,0.000586,0.003375,0.000107,0.000003
-0.198139,0.124788,0.803484,0.000097,-0.005755,0.666494,-0.745488,-0.230490,0.021561,0.013514,0.419994,-0.205504,-0.003409,-0.259406,-0.004403,0.000250,0.408077,-0.165466,0.004478,-0.001581,0.001977,0.300000,-0.000524,0.003345,-0.000106,0.002731,-0.300000,0.000586,0.003373,0.000107,0.000003
-0.198141,0.124805,0.803483,0.000101,-0.005750,0.666460,-0.745519,-0.230553,0.021580,0.013528,0.420030,-0.205468,-0.003421,-0.259397,-0.004439,0.000191,0.408089,-0.165474,0.004498,-0.001565,0.001962,0.300000,-0.000524,0.003345,-0.000106,0.002705,-0.300000,0.000586,0.003371,0.000107,0.000003
-0.198142,0.124822,0.803482,0.000104,-0.005746,0.666426,-0.745549,-0.230616,0.021600,0.013542,0.420065,-0.205433,-0.003433,-0.259389,-0.004476,0.000133,0.408100,-0.165483,0.004518,-0.001550,0.001948,0.300000,-0.000524,0.003344,-0.000106,0.002680,-0.300000,0.000586,0.003370,0.000107,0.000003
-0.198144,0.124837,0.803481,-0.000106,0.005743,-0.666392,0.745580,-0.230680,0.021620,0.013557,0.420099,-0.205399,-0.003446,-0.259382,-0.004512,0.000075,0.408111,-0.165494,0.004538,-0.001536,0.001934,0.092889,-0.000524,0.003343,-0.000106,0.002655,-0.094125,0.000587,0.003369,0.000107,0.000003
