-0.012868,0.005489,0.803372,-0.003716,0.004618,0.009706,0.999935,-0.255041,0.020226,0.021482,0.428779,-0.191621,0.000953,-0.230202,-0.018022,-0.003119,0.400785,-0.187001,0.018224,-0.000407,0.000917,0.300000,-0.000532,0.003325,-0.000106,0.000940,-0.300000,0.000583,0.003358,0.000107,0.000004
-0.012870,0.005483,0.803372,-0.003716,0.004618,0.009730,0.999935,-0.255069,0.020265,0.021513,0.428786,-0.191599,0.000925,-0.230176,-0.018039,-0.003139,0.400771,-0.187011,0.018238,-0.000407,0.000917,0.300000,-0.000532,0.003325,-0.000106,0.000941,-0.300000,0.000583,0.003358,0.000107,0.000004
-0.012872,0.005477,0.803372,-0.003717,0.004617,0.009754,0.999935,-0.255097,0.020304,0.021544,0.428792,-0.191577,0.000898,-0.230150,-0.018056,-0.003158,0.400756,-0.187020,0.018252,-0.000407,0.000917,0.300000,-0.000532,0.003325,-0.000106,0.000941,-0.300000,0.000583,0.003358,0.000107,0.000004
-0.012874,0.005470,0.803373,-0.003717,0.004617,0.009778,0.999935,-0.255125,0.020343,0.021574,0.428799,-0.191556,0.000871,-0.230123,-0.018073,-0.003178,0.400741,-0.187030,0.018266,-0.000407,0.000917,0.300000,-0.000532,0.003325,-0.000106,0.000941,-0.300000,0.000583,0.003359,0.000107,0.000004
-0.012876,0.005464,0.803373,-0.003717,0.004617,0.009801,0.999934,-0.255153,0.020382,0.021604,0.428805,-0.191535,0.000843,-0.230097,-0.018090,-0.003197,0.400726,-0.187039,0.018281,-0.000407,0.000917,0.300000,-0.000532,0.003325,-0.000106,0.000941,-0.300000,0.000583,0.003359,0.000107,0.000004
-0.012877,0.005458,0.803373,-0.003718,0.004616,0.009825,0.999934,-0.255180,0.020421,0.021635,0.428812,-0.191513,0.000816,-0.230071,-0.018107,-0.003216,0.400712,-0.187049,0.018295,-0.000407,0.000917,0.300000,-0.000532,0.003325,-0.000106,0.000941,-0.300000,0.000583,0.003359,0.000107,0.000004
-0.012879,0.005452,0.803374,-0.003718,0.004616,0.009849,0.999934,-0.255208,0.020460,0.021665,0.428818,-0.191492,0.000789,-0.230045,-0.018124,-0.003235,0.400697,-0.187058,0.018310,-0.000407,0.000917,0.300000,-0.000532,0.003325,-0.000106,0.000941,-0.300000,0.000583,0.003359,0.000107,0.000004
-0.012881,0.005446,0.803374,-0.003718,0.004616,0.009873,0.999934,-0.255236,0.020498,0.021695,0.428825,-0.191471,0.000761,-0.230019,-0.018141,-0.003253,0.400682,-0.187068,0.018324,-0.000407,0.000918,0.300000,-0.000532,0.003325,-0.000106,0.000942,-0.300000,0.000583,0.003359,0.000107,0.000004
-0.012883,0.005440,0.803374,-0.003719,0.004615,0.009896,0.999933,-0.255264,0.020537,0.021724,0.428831,-0.191449,0.000734,-0.229992,-0.018158,-0.003272,0.400667,-0.187078,0.018338,-0.000407,0.000918,0.300000,-0.000532,0.003325,-0.000106,0.000942,-0.300000,0.000583,0.003359,0.000107,0.000004
-0.012884,0.005433,0.803375,-0.003719,0.004615,0.009920,0.999933,-0.255292,0.020576,0.021754,0.428838,-0.191428,0.000707,-0.229966,-0.018175,-0.003290,0.400653,-0.187088,0.018353,-0.000407,0.000918,0.300000,-0.000532,0.003325,-0.000106,0.000942,-0.300000,0.000583,0.003359,0.000107,0.000004
-0.012886,0.005427,0.803375,-0.003719,0.004615,0.009944,0.999933,-0.255320,0.020614,0.021783,0.428844,-0.191407,0.000679,-0.229940,-0.018192,-0.003308,0.400638,-0.187098,0.018367,-0.000407,0.000918,0.300000,-0.000532,0.003325,-0.000106,0.000942,-0.300000,0.000583,0.003359,0.000107,0.000004
-0.012888,0.005421,0.803375,-0.003720,0.004615,0.009967,0.999933,-0.255347,0.020653,0.021813,0.428851,-0.191386,0.000652,-0.229913,-0.018209,-0.003326,0.400623,-0.187107,0.018382,-0.000406,0.000918,0.300000,-0.000532,0.003326,-0.000106,0.000942,-0.300000,0.000583,0.003359,0.000107,0.000004
-0.012889,0.005415,0.803375,-0.003720,0.004614,0.009991,0.999933,-0.255375,0.020691,0.021842,0.428858,-0.191365,0.000625,-0.229887,-0.018225,-0.003344,0.400609,-0.187117,0.018396,-0.000406,0.000918,0.300000,-0.000532,0.003326,-0.000106,0.000942,-0.300000,0.000583,0.003359,0.000107,0.000004
-0.012891,0.005409,0.803376,-0.003720,0.004614,0.010015,0.999932,-0.255403,0.020730,0.021871,0.428864,-0.191345,0.000598,-0.229860,-0.018242,-0.003362,0.400594,-0.187128,0.018411,-0.000406,0.000918,0.300000,-0.000532,0.003326,-0.000106,0.000943,-0.300000,0.000583,0.003359,0.000107,0.000004
-0.012893,0.005403,0.803376,-0.003721,0.004614,0.010039,0.999932,-0.255430,0.020768,0.021900,0.428871,-0.191324,0.000570,-0.229833,-0.018259,-0.003379,0.400579,-0.187138,0.018425,-0.000406,0.000918,0.300000,-0.000532,0.003326,-0.000106,0.000943,-0.300000,0.000583,0.003359,0.000107,0.000004
-0.012894,0.005397,0.803376,-0.003721,0.004614,0.010062,0.999932,-0.255458,0.020807,0.021928,0.428878,-0.191303,0.000543,-0.229807,-0.018276,-0.003397,0.400564,-0.187148,0.018440,-0.000406,0.000918,0.300000,-0.000532,0.003326,-0.000106,0.000943,-0.300000,0.000583,0.003359,0.000107,0.000004
-0.012895,0.005391,0.803376,-0.003721,0.004613,0.010086,0.999932,-0.255486,0.020845,0.021957,0.428885,-0.191282,0.000516,-0.229780,-0.018292,-0.003414,0.400550,-0.187158,0.018454,-0.000406,0.000918,0.300000,-0.000532,0.003326,-0.000106,0.000943,-0.300000,0.000583,0.003359,0.000107,0.000004
-0.012897,0.005385,0.803377,-0.003722,0.004613,0.010110,0.999931,-0.255513,0.020883,0.021985,0.428892,-0.191262,0.000489,-0.229753,-0.018309,-0.003431,0.400535,-0.187168,0.018469,-0.000406,0.000918,0.300000,-0.000532,0.003326,-0.000106,0.000943,-0.300000,0.000583,0.003359,0.000107,0.000004
-0.012898,0.005379,0.803377,-0.003722,0.004613,0.010133,0.999931,-0.255541,0.020921,0.022013,0.428898,-0.191241,0.000462,-0.229727,-0.018326,-0.003448,0.400520,-0.187179,0.018484,-0.000406,0.000918,0.300000,-0.000532,0.003326,-0.000106,0.000943,-0.300000,0.000583,0.003359,0.000107,0.000004
-0.012900,0.005373,0.803377,-0.003723,0.004613,0.010157,0.999931,-0.255568,0.020959,0.022041,0.428905,-0.191221,0.000435,-0.229700,-0.018342,-0.003464,0.400506,-0.187189,0.018498,-0.000406,0.000918,0.300000,-0.000532,0.003326,-0.000106,0.000944,-0.300000,0.000583,0.003359,0.000107,0.000004
-0.012901,0.005367,0.803378,-0.003723,0.004612,0.010181,0.999931,-0.255596,0.020998,0.022069,0.428912,-0.191200,0.000408,-0.229673,-0.018359,-0.003481,0.400491,-0.187199,0.018513,-0.000406,0.000919,0.300000,-0.000532,0.003326,-0.000106,0.000944,-0.300000,0.000583,0.003359,0.000107,0.000004
-0.012902,0.005361,0.803378,-0.003723,0.004612,0.010205,0.999930,-0.255623,0.021036,0.022097,0.428919,-0.191180,0.000380,-0.229646,-0.018376,-0.003497,0.400476,-0.187210,0.018527,-0.000406,0.000919,0.300000,-0.000532,0.003326,-0.000106,0.000944,-0.300000,0.000583,0.003359,0.000107,0.000004
-0.012903,0.005355,0.803378,-0.003724,0.004612,0.010229,0.999930,-0.255651,0.021074,0.022124,0.428926,-0.191160,0.000353,-0.229619,-0.018392,-0.003514,0.400461,-0.187220,0.018542,-0.000406,0.000919,0.300000,-0.000532,0.003326,-0.000106,0.000944,-0.300000,0.000583,0.003359,0.000107,0.000004
-0.012905,0.005349,0.803378,-0.003724,0.004612,0.010252,0.999930,-0.255678,0.021112,0.022152,0.428933,-0.191139,0.000326,-0.229592,-0.018409,-0.003530,0.400447,-0.187231,0.018557,-0.000406,0.000919,0.300000,-0.000532,0.003326,-0.000106,0.000944,-0.300000,0.000583,0.003359,0.000107,0.000004
-0.012906,0.005343,0.803379,-0.003725,0.004612,0.010276,0.999930,-0.255705,0.021149,0.022179,0.428940,-0.191119,0.000299,-0.229565,-0.018425,-0.003546,0.400432,-0.187242,0.018572,-0.000406,0.000919,0.300000,-0.000532,0.003326,-0.000106,0.000944,-0.300000,0.000583,0.003359,0.000107,0.000004
-0.012907,0.005337,0.803379,-0.003725,0.004611,0.010300,0.999929,-0.255733,0.021187,0.022206,0.428947,-0.191099,0.000272,-0.229538,-0.018442,-0.003561,0.400417,-0.187252,0.018586,-0.000406,0.000919,0.300000,-0.000532,0.003326,-0.000106,0.000944,-0.300000,0.000583,0.003359,0.000107,0.000004
-0.012908,0.005331,0.803379,-0.003725,0.004611,0.010323,0.999929,-0.255760,0.021225,0.022233,0.428954,-0.191079,0.000245,-0.229511,-0.018458,-0.003577,0.400403,-0.187263,0.018601,-0.000406,0.000919,0.300000,-0.000532,0.003326,-0.000106,0.000945,-0.300000,0.000583,0.003359,0.000107,0.000004
-0.012909,0.005325,0.803379,-0.003726,0.004611,0.010347,0.999929,-0.255788,0.021263,0.022260,0.428961,-0.191059,0.000218,-0.229484,-0.018475,-0.003592,0.400388,-0.187274,0.018616,-0.000406,0.000919,0.300000,-0.000532,0.003326,-0.000106,0.000945,-0.300000,0.000583,0.003359,0.000107,0.000004
-0.012910,0.005320,0.803380,-0.003726,0.004611,0.010371,0.999929,-0.255815,0.021301,0.022286,0.428968,-0.191039,0.000191,-0.229457,-0.018491,-0.003608,0.400373,-0.187285,0.018631,-0.000406,0.000919,0.300000,-0.000532,0.003326,-0.000106,0.000945,-0.300000,0.000583,0.003359,0.000107,0.000004
-0.012911,0.005314,0.803380,-0.003727,0.004611,0.010395,0.999928,-0.255842,0.021338,0.022313,0.428975,-0.191019,0.000164,-0.229430,-0.018508,-0.003623,0.400359,-0.187296,0.018646,-0.000406,0.000919,0.300000,-0.000532,0.003326,-0.000106,0.000945,-0.300000,0.000583,0.003359,0.000107,0.000004
-0.012912,0.005308,0.803380,-0.003727,0.004611,0.010419,0.999928,-0.255869,0.021376,0.022339,0.428982,-0.190999,0.000137,-0.229403,-0.018524,-0.003638,0.400344,-0.187307,0.018660,-0.000406,0.000919,0.300000,-0.000532,0.003326,-0.000106,0.000945,-0.300000,0.000583,0.003359,0.000107,0.000004
-0.012913,0.005302,0.803380,-0.003727,0.004610,0.010442,0.999928,-0.255897,0.021413,0.022366,0.428989,-0.190979,0.000111,-0.229376,-0.018540,-0.003653,0.400329,-0.187318,0.018675,-0.000406,0.000919,0.300000,-0.000532,0.003326,-0.000106,0.000945,-0.300000,0.000583,0.003359,0.000107,0.000004
-0.012913,0.005294,0.803381,-0.003730,0.004612,0.010474,0.999928,-0.255923,0.021453,0.022374,0.428983,-0.190964,0.000086,-0.229345,-0.018552,-0.003682,0.400310,-0.187323,0.018690,-0.000409,0.000919,0.300000,-0.000532,0.003325,-0.000106,0.000946,-0.300000,0.000583,0.003360,0.000107,0.000004
-0.012913,0.005280,0.803385,-0.003735,0.004621,0.010534,0.999927,-0.255967,0.021487,0.022322,0.428959,-0.190939,0.000068,-0.229290,-0.018561,-0.003765,0.400242,-0.187299,0.018698,-0.000416,0.000916,0.300000,-0.000532,0.003324,-0.000106,0.000949,-0.300000,0.000583,0.003361,0.000107,0.000004
-0.012916,0.005268,0.803390,-0.003746,0.004628,0.010628,0.999926,-0.256041,0.021508,0.022187,0.428954,-0.190880,0.000045,-0.229197,-0.018576,-0.003912,0.400124,-0.187252,0.018702,-0.000424,0.000913,0.300000,-0.000532,0.003321,-0.000106,0.000951,-0.300000,0.000583,0.003363,0.000107,0.000004
-0.012932,0.005253,0.803397,-0.003761,0.004626,0.010767,0.999924,-0.256124,0.021516,0.021949,0.428925,-0.190766,0.000024,-0.229076,-0.018593,-0.004135,0.399995,-0.187195,0.018697,-0.000436,0.000906,0.300000,-0.000532,0.003317,-0.000106,0.000953,-0.300000,0.000583,0.003364,0.000107,0.000003
-0.012979,0.005190,0.803414,-0.003760,0.004609,0.011011,0.999922,-0.256148,0.021479,0.021478,0.428660,-0.190429,-0.000022,-0.228953,-0.018611,-0.004494,0.399912,-0.187125,0.018636,-0.000468,0.000889,0.300000,-0.000531,0.003307,-0.000106,0.000955,-0.300000,0.000583,0.003366,0.000107,0.000003
-0.013109,0.004976,0.803498,-0.003565,0.004604,0.011643,0.999915,-0.255660,0.020929,0.020218,0.426879,-0.188976,-0.000171,-0.228863,-0.018973,-0.005343,0.399879,-0.187071,0.018444,-0.000592,0.000836,0.300000,-0.000530,0.003276,-0.000105,0.000974,-0.300000,0.000584,0.003378,0.000107,0.000002
-0.013385,0.004430,0.803746,-0.002736,0.004545,0.013091,0.999900,-0.253330,0.018897,0.017729,0.421035,-0.184913,-0.000535,-0.228752,-0.020570,-0.007244,0.400121,-0.187249,0.018054,-0.001020,0.000747,0.300000,-0.000529,0.003225,-0.000105,0.001002,-0.300000,0.000585,0.003398,0.000107,0.000002
-0.013866,0.003178,0.804057,-0.001324,0.004227,0.015225,0.999874,-0.249577,0.016213,0.014116,0.412609,-0.179017,-0.001669,-0.228776,-0.022707,-0.009934,0.401627,-0.188290,0.016916,-0.001517,0.000653,0.300000,-0.000521,0.003176,-0.000105,0.001016,-0.300000,0.000592,0.003413,0.000107,0.000002
-0.014560,0.000810,0.804250,-0.000294,-0.003605,-0.017656,-0.999838,-0.246157,0.014613,0.009563,0.405039,-0.173185,-0.004467,-0.229279,-0.023834,-0.012990,0.405043,-0.190461,0.014137,-0.001699,0.000579,0.300000,-0.000507,0.003137,-0.000104,0.001008,-0.300000,0.000604,0.003412,0.000107,0.000003
-0.015447,-0.002686,0.804398,-0.001821,-0.002969,-0.020528,-0.999783,-0.244019,0.014594,0.003562,0.398616,-0.167361,-0.008862,-0.229451,-0.023445,-0.017387,0.407800,-0.192245,0.009793,-0.001871,0.000503,0.300000,-0.000493,0.003089,-0.000103,0.001013,-0.300000,0.000616,0.003412,0.000107,0.000003
-0.016436,-0.007138,0.804688,-0.002655,-0.002565,-0.023853,-0.999709,-0.243339,0.017108,-0.004140,0.392671,-0.161298,-0.014605,-0.227314,-0.020400,-0.023947,0.405568,-0.191736,0.003916,-0.001993,0.000462,0.300000,-0.000481,0.003060,-0.000103,0.001046,-0.300000,0.000628,0.003433,0.000107,0.000000
-0.017172,-0.012264,0.805482,-0.002410,-0.002032,-0.027365,-0.999621,-0.240151,0.022839,-0.012164,0.382569,-0.153732,-0.021484,-0.218457,-0.014041,-0.033468,0.392447,-0.186279,-0.003194,-0.002014,0.000506,0.300000,-0.000475,0.003094,-0.000103,0.001113,-0.300000,0.000638,0.003485,0.000108,-0.000002
-0.017590,-0.017580,0.806876,-0.001791,-0.001700,-0.030772,-0.999523,-0.232512,0.029797,-0.018868,0.364197,-0.142866,-0.028759,-0.204235,-0.006310,-0.044531,0.369214,-0.176151,-0.010566,-0.001964,0.000588,0.300000,-0.000478,0.003147,-0.000104,0.001170,-0.300000,0.000640,0.003518,0.000109,-0.000002
-0.017682,-0.022717,0.808638,-0.001194,-0.001698,-0.033878,-0.999424,-0.221310,0.036774,-0.023643,0.339103,-0.129348,-0.035740,-0.186612,0.001574,-0.055838,0.338716,-0.162851,-0.017552,-0.001846,0.000697,0.300000,-0.000487,0.003215,-0.000105,0.001214,-0.300000,0.000634,0.003539,0.000110,-0.000001
-0.017417,-0.027235,0.810378,-0.000525,-0.001701,-0.036447,-0.999334,-0.208944,0.043544,-0.026325,0.313485,-0.116350,-0.041541,-0.166822,0.009248,-0.066587,0.304567,-0.148130,-0.023663,-0.001602,0.000822,0.300000,-0.000500,0.003296,-0.000106,0.001250,-0.300000,0.000625,0.003560,0.000110,-0.000001
-0.016993,-0.030512,0.811640,-0.000548,0.001338,0.039070,0.999236,-0.206458,0.049530,-0.027292,0.309575,-0.113075,-0.042105,-0.147391,0.016081,-0.077262,0.272955,-0.134943,-0.028001,-0.001466,0.000856,0.300000,-0.000519,0.003322,-0.000107,0.001313,-0.300000,0.000609,0.003606,0.000110,-0.000005
-0.016707,-0.031746,0.812482,-0.000911,0.000627,0.042593,0.999092,-0.221864,0.050014,-0.022578,0.347628,-0.123476,-0.037758,-0.132685,0.017895,-0.087972,0.251733,-0.126761,-0.029160,-0.001501,0.000806,0.300000,-0.000543,0.003289,-0.000107,0.001391,-0.300000,0.000586,0.003656,0.000111,-0.000011
-0.016550,-0.031231,0.813007,-0.001073,0.000203,0.046295,0.998927,-0.246540,0.049719,-0.013722,0.408112,-0.145346,-0.032821,-0.123311,0.016540,-0.097593,0.239050,-0.122330,-0.028173,-0.001393,0.000821,0.300000,-0.000568,0.003282,-0.000107,0.001424,-0.300000,0.000559,0.003663,0.000110,-0.000014
-0.016461,-0.029106,0.813343,-0.000950,0.000341,0.049836,0.998757,-0.271280,0.049974,-0.004416,0.468416,-0.170353,-0.030123,-0.118986,0.012046,-0.105479,0.233362,-0.120756,-0.024542,-0.001220,0.000871,0.300000,-0.000592,0.003298,-0.000107,0.001436,-0.300000,0.000531,0.003650,0.000110,-0.000015
-0.016434,-0.025477,0.813524,-0.000762,0.000935,0.053028,0.998592,-0.292901,0.052434,0.003878,0.519717,-0.193801,-0.028340,-0.118435,0.005145,-0.111486,0.232698,-0.120994,-0.018732,-0.000981,0.000936,0.300000,-0.000613,0.003327,-0.000107,0.001436,-0.300000,0.000507,0.003635,0.000109,-0.000016
-0.016427,-0.020332,0.813557,-0.000774,0.001651,0.055727,0.998444,-0.308646,0.057861,0.010266,0.555509,-0.213083,-0.025704,-0.119522,-0.003451,-0.115901,0.234582,-0.122151,-0.010902,-0.000508,0.001002,0.300000,-0.000629,0.003363,-0.000108,0.001430,-0.300000,0.000491,0.003624,0.000109,-0.000018
-0.016540,-0.013672,0.813221,-0.000997,0.002514,0.058024,0.998312,-0.317156,0.064598,0.015434,0.571317,-0.225585,-0.023125,-0.124548,-0.014008,-0.118323,0.242955,-0.126039,-0.001030,0.000028,0.001052,0.300000,-0.000644,0.003385,-0.000108,0.001412,-0.300000,0.000475,0.003602,0.000108,-0.000020
-0.016756,-0.005533,0.812238,-0.001798,0.003350,0.060348,0.998170,-0.316533,0.070946,0.020027,0.563113,-0.228852,-0.022133,-0.133978,-0.025955,-0.119461,0.259697,-0.133793,0.010907,0.000213,0.001073,0.300000,-0.000656,0.003388,-0.000108,0.001419,-0.300000,0.000461,0.003600,0.000108,-0.000024
-0.016859,0.004081,0.810259,-0.003695,0.003626,0.062880,0.998008,-0.297068,0.074330,0.024466,0.510585,-0.227900,-0.021637,-0.146746,-0.038265,-0.119927,0.285791,-0.146345,0.024874,0.000302,0.001114,0.300000,-0.000665,0.003413,-0.000108,0.001491,-0.300000,0.000454,0.003656,0.000109,-0.000030
-0.016629,0.014678,0.806792,-0.008249,0.003040,0.065538,0.997811,-0.254655,0.075316,0.026260,0.404866,-0.195801,-0.025571,-0.161306,-0.046672,-0.120135,0.320020,-0.163616,0.039882,0.000424,0.001175,0.300000,-0.000657,0.003438,-0.000108,0.001574,-0.300000,0.000462,0.003719,0.000110,-0.000040
-0.016229,0.026383,0.806149,-0.007651,0.001771,0.068763,0.997602,-0.231679,0.057345,0.027917,0.361512,-0.131341,-0.025090,-0.166248,-0.065913,-0.113541,0.339046,-0.168780,0.051647,-0.001355,0.001271,0.300000,-0.000690,0.003600,-0.000113,0.001567,-0.300000,0.000434,0.003744,0.000112,-0.000015
-0.016131,0.036561,0.808376,-0.003490,0.000851,0.072104,0.997391,-0.216902,0.032868,0.030471,0.345187,-0.131556,-0.012457,-0.169873,-0.086581,-0.084732,0.349042,-0.161777,0.053810,-0.002972,0.001140,0.300000,-0.000687,0.003519,-0.000112,0.001480,-0.300000,0.000441,0.003680,0.000111,-0.000010
-0.016496,0.043564,0.810147,-0.001464,0.000388,0.075198,0.997168,-0.202731,0.017103,0.031076,0.323618,-0.125548,-0.002566,-0.189982,-0.090557,-0.047568,0.386529,-0.164020,0.053399,-0.003425,0.000967,0.300000,-0.000658,0.003387,-0.000109,0.001353,-0.300000,0.000469,0.003587,0.000109,-0.000009
-0.017066,0.048037,0.811458,0.000017,0.000377,-0.078293,-0.996930,-0.187701,0.006220,0.030813,0.299100,-0.115292,0.004075,-0.217864,-0.084985,-0.023742,0.438953,-0.176960,0.052825,-0.003583,0.000870,0.300000,-0.000619,0.003325,-0.000108,0.001265,-0.300000,0.000510,0.003528,0.000109,-0.000005
-0.017864,0.050339,0.812256,0.001038,-0.001087,0.081198,0.996697,-0.177224,-0.000533,0.029218,0.280577,-0.105943,0.007750,-0.246883,-0.076111,-0.012721,0.492547,-0.196110,0.052050,-0.003658,0.000799,0.300000,-0.000570,0.003271,-0.000106,0.001166,-0.300000,0.000554,0.003452,0.000107,-0.000001
-0.018795,0.050885,0.812514,0.002077,-0.001609,0.084026,0.996460,-0.172907,-0.004660,0.025976,0.271176,-0.099700,0.009157,-0.271925,-0.068134,-0.007718,0.539984,-0.216447,0.051311,-0.003734,0.000759,0.300000,-0.000523,0.003240,-0.000105,0.001108,-0.300000,0.000589,0.003402,0.000107,0.000003
-0.019692,0.049663,0.812446,0.002998,-0.001957,0.086699,0.996228,-0.173285,-0.005976,0.021478,0.268745,-0.096112,0.008513,-0.289255,-0.061132,-0.005080,0.575134,-0.232293,0.050792,-0.003777,0.000756,0.300000,-0.000494,0.003234,-0.000104,0.001073,-0.300000,0.000610,0.003370,0.000106,0.000007
-0.020541,0.046646,0.812184,0.003849,-0.001778,0.089430,0.995984,-0.177948,-0.004811,0.015270,0.270920,-0.093951,0.005114,-0.297488,-0.055295,-0.002430,0.592831,-0.241865,0.050309,-0.003872,0.000731,0.300000,-0.000474,0.003206,-0.000104,0.001057,-0.300000,0.000626,0.003343,0.000106,0.000010
-0.021411,0.041844,0.811601,0.004479,-0.000841,0.092336,0.995718,-0.189032,-0.001069,0.006524,0.280187,-0.094122,-0.000931,-0.297209,-0.050079,0.001835,0.591392,-0.245691,0.049807,-0.003978,0.000685,0.300000,-0.000454,0.003158,-0.000102,0.001031,-0.300000,0.000640,0.003305,0.000105,0.000013
-0.022228,0.035356,0.810441,-0.005146,-0.000491,-0.095486,-0.995417,-0.206680,0.004492,-0.004971,0.298528,-0.097871,-0.009305,-0.284828,-0.045551,0.008435,0.561640,-0.246174,0.049242,-0.004137,0.000651,0.300000,-0.000439,0.003130,-0.000102,0.001032,-0.300000,0.000652,0.003296,0.000105,0.000015
-0.022797,0.027470,0.808178,-0.006769,-0.001658,-0.098989,-0.995064,-0.230358,0.009464,-0.019005,0.328328,-0.106946,-0.019508,-0.251812,-0.042664,0.017669,0.483948,-0.245211,0.048795,-0.004430,0.000649,0.300000,-0.000434,0.003133,-0.000102,0.001066,-0.300000,0.000655,0.003312,0.000105,0.000019
-0.022867,0.018724,0.805292,-0.009773,-0.002108,-0.101951,-0.994739,-0.251737,0.012913,-0.031592,0.358608,-0.117232,-0.030935,-0.209825,-0.039562,0.020450,0.384795,-0.190602,0.031775,-0.003730,0.000851,0.300000,-0.000434,0.003232,-0.000104,0.001284,-0.300000,0.000662,0.003386,0.000107,0.000021
-0.021595,0.009003,0.806824,0.005485,0.000170,0.105667,0.994386,-0.247266,0.034233,-0.043220,0.348600,-0.110493,-0.045029,-0.188399,-0.017639,0.004104,0.352900,-0.165811,0.006795,-0.003282,0.001045,0.300000,-0.000412,0.003361,-0.000107,0.002973,-0.300000,0.000703,0.003611,0.000112,-0.000001
-0.020374,0.001034,0.809487,0.001872,0.000130,0.108711,0.994072,-0.235043,0.052231,-0.048183,0.319140,-0.096186,-0.054497,-0.168245,0.000180,-0.010902,0.317740,-0.153313,-0.007748,-0.002358,0.001163,0.300000,-0.000422,0.003406,-0.000107,0.003162,-0.300000,0.000697,0.003624,0.000112,0.000002
-0.019485,-0.004699,0.811416,-0.000117,0.000312,0.111822,0.993728,-0.236014,0.063900,-0.045604,0.320720,-0.095344,-0.054066,-0.148143,0.011433,-0.024200,0.281439,-0.138640,-0.016732,-0.001916,0.001218,0.300000,-0.000453,0.003448,-0.000108,0.003192,-0.300000,0.000678,0.003652,0.000112,0.000001
-0.019106,-0.008087,0.812582,-0.000755,0.000251,0.115665,0.993288,-0.252644,0.065653,-0.037660,0.367489,-0.111737,-0.047867,-0.132535,0.016235,-0.036577,0.254570,-0.127472,-0.021284,-0.001859,0.001189,0.300000,-0.000497,0.003427,-0.000109,0.003231,-0.300000,0.000639,0.003689,0.000112,-0.000004
-0.019092,-0.009785,0.813144,-0.001359,0.000284,0.119832,0.992793,-0.274565,0.064552,-0.028038,0.430836,-0.141082,-0.043844,-0.122896,0.018436,-0.047845,0.238186,-0.120831,-0.023150,-0.001751,0.001197,0.300000,-0.000544,0.003419,-0.000109,0.003254,-0.300000,0.000592,0.003711,0.000111,-0.000008
-0.019309,-0.010038,0.813263,-0.002035,0.000446,0.123808,0.992304,-0.294082,0.064024,-0.017041,0.490624,-0.169998,-0.041540,-0.118763,0.018716,-0.057147,0.231395,-0.118594,-0.023257,-0.001470,0.001245,0.300000,-0.000584,0.003439,-0.000109,0.003245,-0.300000,0.000544,0.003709,0.000111,-0.000011
-0.019799,-0.008767,0.813170,-0.002669,0.000769,0.127332,0.991856,-0.309427,0.064224,-0.007593,0.540217,-0.194760,-0.038197,-0.118300,0.016727,-0.064318,0.230580,-0.118790,-0.021214,-0.000930,0.001305,0.300000,-0.000604,0.003471,-0.000109,0.003216,-0.300000,0.000517,0.003696,0.000111,-0.000012
-0.020626,-0.005850,0.813037,-0.003189,0.001209,0.130421,0.991453,-0.319704,0.065225,-0.000143,0.574865,-0.214823,-0.034106,-0.119616,0.012115,-0.069845,0.232501,-0.120004,-0.016527,-0.000286,0.001356,0.300000,-0.000622,0.003499,-0.000110,0.003171,-0.300000,0.000500,0.003672,0.000110,-0.000013
-0.021886,-0.001333,0.812693,-0.003536,0.001835,0.133144,0.991089,-0.324192,0.066102,0.006201,0.590461,-0.228535,-0.031079,-0.124840,0.004618,-0.073346,0.240647,-0.123818,-0.009468,0.000294,0.001394,0.300000,-0.000637,0.003516,-0.000110,0.003114,-0.300000,0.000483,0.003639,0.000109,-0.000014
-0.023559,0.004701,0.811909,-0.004086,0.002463,0.135885,0.990713,-0.322343,0.066428,0.012547,0.584915,-0.233172,-0.029966,-0.134023,-0.004978,-0.075595,0.255992,-0.130893,-0.000171,0.000480,0.001408,0.300000,-0.000649,0.003517,-0.000110,0.003081,-0.300000,0.000469,0.003626,0.000109,-0.000017
-0.025376,0.012222,0.810400,-0.005391,0.002349,0.138553,0.990338,-0.305808,0.066228,0.020471,0.543564,-0.233209,-0.029375,-0.145092,-0.015200,-0.077081,0.278263,-0.141572,0.011215,0.000656,0.001460,0.300000,-0.000658,0.003554,-0.000110,0.003099,-0.300000,0.000463,0.003663,0.000110,-0.000022
-0.027094,0.020924,0.807686,-0.008576,0.001166,0.141206,0.989942,-0.266567,0.065229,0.025938,0.449471,-0.226128,-0.028929,-0.157756,-0.023110,-0.078299,0.308351,-0.156689,0.023988,0.000847,0.001520,0.300000,-0.000657,0.003585,-0.000111,0.003145,-0.300000,0.000467,0.003717,0.000111,-0.000030
-0.028717,0.030601,0.805371,-0.011019,-0.000633,0.144046,0.989510,-0.232122,0.056223,0.027549,0.370888,-0.140733,-0.020605,-0.167152,-0.033535,-0.078035,0.335881,-0.169022,0.037012,0.000155,0.001640,0.300000,-0.000676,0.003708,-0.000114,0.003141,-0.300000,0.000452,0.003750,0.000112,-0.000017
-0.030535,0.040195,0.807568,0.005790,0.001714,-0.147266,-0.989078,-0.216777,0.030089,0.030538,0.353978,-0.135317,-0.005327,-0.168864,-0.057659,-0.063874,0.345620,-0.162405,0.043447,-0.001644,0.001586,0.300000,-0.000698,0.003718,-0.000115,0.003057,-0.300000,0.000433,0.003707,0.000112,-0.000002
-0.032314,0.046572,0.809661,0.003010,0.002204,-0.150392,-0.988619,-0.202802,0.013257,0.031211,0.332872,-0.130038,0.005067,-0.185006,-0.065633,-0.035681,0.377505,-0.162395,0.043722,-0.002430,0.001358,0.300000,-0.000676,0.003566,-0.000112,0.002929,-0.300000,0.000449,0.003612,0.000110,-0.000003
-0.033937,0.050266,0.811214,0.001398,0.002697,-0.154127,-0.988046,-0.188931,0.002349,0.029227,0.307893,-0.118836,0.011425,-0.210713,-0.062132,-0.014702,0.428402,-0.173622,0.043298,-0.003622,0.001217,0.300000,-0.000638,0.003464,-0.000110,0.002849,-0.300000,0.000486,0.003563,0.000109,-0.000002
-0.035445,0.051822,0.812272,0.000388,0.003098,-0.158146,-0.987411,-0.178763,-0.004314,0.024948,0.286697,-0.107265,0.014691,-0.238017,-0.054929,-0.004110,0.482255,-0.192093,0.042745,-0.004446,0.001093,0.300000,-0.000586,0.003370,-0.000108,0.002786,-0.300000,0.000535,0.003521,0.000108,-0.000001
-0.036919,0.051781,0.812770,0.000596,-0.003126,0.162351,0.986728,-0.174969,-0.008812,0.018487,0.273961,-0.098009,0.015918,-0.262891,-0.049295,0.002343,0.531548,-0.212899,0.042166,-0.004760,0.000999,0.300000,-0.000532,0.003297,-0.000106,0.002743,-0.300000,0.000584,0.003490,0.000108,0.000001
-0.038147,0.050221,0.812833,0.001604,-0.003115,0.166647,0.986011,-0.176068,-0.011203,0.010421,0.269139,-0.091802,0.015481,-0.280203,-0.045635,0.007541,0.568589,-0.229431,0.041754,-0.004865,0.000968,0.300000,-0.000495,0.003274,-0.000105,0.002714,-0.300000,0.000610,0.003477,0.000108,0.000004
-0.039072,0.046958,0.812649,0.002430,-0.002668,0.171039,0.985258,-0.181999,-0.011087,0.000499,0.270184,-0.087669,0.012427,-0.288456,-0.042727,0.012956,0.587817,-0.238872,0.041412,-0.004956,0.000939,0.300000,-0.000475,0.003244,-0.000104,0.002681,-0.300000,0.000625,0.003452,0.000107,0.000006
-0.039749,0.042035,0.812107,0.003093,-0.001502,0.175562,0.984462,-0.194305,-0.008889,-0.011762,0.278513,-0.086110,0.006840,-0.288194,-0.040008,0.019841,0.587639,-0.242239,0.041058,-0.005033,0.000901,0.300000,-0.000456,0.003202,-0.000103,0.002632,-0.300000,0.000637,0.003410,0.000106,0.000009
-0.040101,0.035514,0.811013,0.003783,0.000045,0.180305,0.983603,-0.212883,-0.005162,-0.026576,0.295501,-0.087868,-0.001065,-0.275909,-0.037033,0.028729,0.559511,-0.242695,0.040654,-0.005166,0.000868,0.300000,-0.000442,0.003176,-0.000102,0.002612,-0.300000,0.000649,0.003398,0.000106,0.000012
-0.039975,0.027659,0.808897,-0.005338,-0.001481,-0.185411,-0.982646,-0.237178,-0.002066,-0.043806,0.323395,-0.094740,-0.010845,-0.243318,-0.034564,0.039725,0.484503,-0.242321,0.040343,-0.005424,0.000862,0.300000,-0.000436,0.003178,-0.000102,0.002627,-0.300000,0.000654,0.003414,0.000106,0.000016
-0.039340,0.019129,0.805834,-0.008901,-0.002704,-0.189995,-0.981741,-0.261355,-0.002239,-0.059532,0.354515,-0.103960,-0.021559,-0.197701,-0.034097,0.045677,0.376320,-0.201023,0.030170,-0.004798,0.001021,0.300000,-0.000437,0.003259,-0.000104,0.002727,-0.300000,0.000659,0.003449,0.000107,0.000021
-0.037047,0.009833,0.807097,0.005599,0.000583,0.194929,0.980801,-0.259377,0.016143,-0.073586,0.346806,-0.097418,-0.035056,-0.175612,-0.015172,0.028547,0.339917,-0.166016,0.007900,-0.003918,0.001340,0.300000,-0.000414,0.003427,-0.000108,0.004505,-0.300000,0.000702,0.003699,0.000113,-0.000003
-0.034816,0.002132,0.809975,0.002055,0.000154,0.199363,0.979924,-0.247606,0.034514,-0.078950,0.316708,-0.083862,-0.044307,-0.155459,0.001426,0.010770,0.304583,-0.152300,-0.005811,-0.002989,0.001527,0.300000,-0.000421,0.003500,-0.000109,0.004767,-0.300000,0.000699,0.003735,0.000113,0.000000
-0.033168,-0.003571,0.812053,-0.000075,-0.000430,-0.203964,-0.978978,-0.248876,0.049994,-0.068289,0.316460,-0.083285,-0.044186,-0.135577,0.011741,-0.005619,0.267461,-0.136813,-0.014559,-0.002734,0.001594,0.300000,-0.000450,0.003542,-0.000110,0.004797,-0.300000,0.000681,0.003766,0.000113,-0.000001
-0.032365,-0.007115,0.813171,-0.000683,0.000652,0.209376,0.977835,-0.266315,0.056275,-0.051796,0.364126,-0.099175,-0.040578,-0.120792,0.016207,-0.021189,0.240784,-0.125652,-0.019164,-0.002727,0.001558,0.300000,-0.000492,0.003516,-0.000110,0.004843,-0.300000,0.000644,0.003816,0.000113,-0.000006
-0.032213,-0.008950,0.813622,-0.001243,0.000929,0.215268,0.976554,-0.288486,0.057165,-0.037589,0.429377,-0.131097,-0.039300,-0.112661,0.017675,-0.035727,0.226444,-0.120154,-0.020969,-0.002646,0.001560,0.300000,-0.000540,0.003507,-0.000110,0.004872,-0.300000,0.000596,0.003856,0.000113,-0.000011
-0.032482,-0.009412,0.813600,-0.002040,0.001161,0.220919,0.975290,-0.307089,0.057750,-0.022729,0.490114,-0.163156,-0.038586,-0.109677,0.017767,-0.048307,0.221775,-0.119204,-0.021100,-0.002162,0.001608,0.300000,-0.000582,0.003529,-0.000110,0.004854,-0.300000,0.000548,0.003862,0.000113,-0.000014
-0.033232,-0.008494,0.813347,-0.003083,0.001417,0.225960,0.974131,-0.321015,0.059715,-0.008792,0.540538,-0.190218,-0.036825,-0.109444,0.016440,-0.058760,0.221805,-0.120237,-0.019245,-0.001057,0.001668,0.300000,-0.000602,0.003563,-0.000111,0.004808,-0.300000,0.000522,0.003850,0.000113,-0.000016
-0.034600,-0.005997,0.813002,-0.003964,0.001702,0.230510,0.973060,-0.329547,0.062530,0.002720,0.576294,-0.211726,-0.033734,-0.111322,0.012335,-0.067412,0.225794,-0.122996,-0.014678,0.000213,0.001722,0.300000,-0.000620,0.003594,-0.000111,0.004741,-0.300000,0.000503,0.003823,0.000112,-0.000016
-0.036682,-0.001968,0.812447,-0.004562,0.002139,0.234868,0.972014,-0.332205,0.065220,0.012657,0.593118,-0.226344,-0.031024,-0.116999,0.004936,-0.074408,0.236447,-0.128694,-0.007629,0.001010,0.001760,0.300000,-0.000636,0.003613,-0.000111,0.004661,-0.300000,0.000485,0.003784,0.000111,-0.000016
-0.039464,0.003524,0.811486,-0.005219,0.002570,0.239320,0.970923,-0.328202,0.067176,0.022167,0.587658,-0.231356,-0.029859,-0.126387,-0.005034,-0.080324,0.254201,-0.137670,0.001770,0.001197,0.001779,0.300000,-0.000650,0.003621,-0.000111,0.004610,-0.300000,0.000470,0.003769,0.000111,-0.000019
-0.042677,0.010545,0.809829,-0.006354,0.002124,0.243703,0.969827,-0.308547,0.067478,0.032310,0.544593,-0.231387,-0.029255,-0.137128,-0.016227,-0.085526,0.278659,-0.150244,0.013425,0.001352,0.001833,0.300000,-0.000660,0.003661,-0.000112,0.004611,-0.300000,0.000464,0.003805,0.000112,-0.000024
-0.046010,0.018699,0.806933,-0.009464,0.000429,0.248085,0.968692,-0.266680,0.067189,0.039886,0.448233,-0.222750,-0.028791,-0.149054,-0.024649,-0.090579,0.310163,-0.166919,0.026360,0.001509,0.001884,0.300000,-0.000658,0.003682,-0.000112,0.004634,-0.300000,0.000469,0.003852,0.000113,-0.000032
-0.049577,0.028000,0.805080,-0.010446,-0.001639,0.252264,0.967601,-0.234675,0.054967,0.041353,0.380003,-0.149363,-0.017828,-0.156277,-0.038443,-0.092305,0.336436,-0.178101,0.039603,0.001408,0.002008,0.300000,-0.000684,0.003827,-0.000116,0.004588,-0.300000,0.000446,0.003877,0.000114,-0.000015
-0.053226,0.036800,0.807311,0.005321,0.002396,-0.256782,-0.966452,-0.218464,0.028813,0.041769,0.361687,-0.143583,-0.002179,-0.158558,-0.061675,-0.074708,0.348721,-0.170970,0.045968,0.000253,0.001931,0.300000,-0.000697,0.003801,-0.000116,0.004393,-0.300000,0.000433,0.003811,0.000113,-0.000004
-0.056253,0.042449,0.809374,0.002710,0.002699,-0.260802,-0.965385,-0.203711,0.012090,0.040587,0.338392,-0.135178,0.008118,-0.178048,-0.067664,-0.039910,0.384812,-0.171080,0.046264,-0.000025,0.001756,0.300000,-0.000672,0.003652,-0.000113,0.003860,-0.300000,0.000450,0.003669,0.000111,-0.000002
-0.058665,0.045646,0.810885,0.000920,0.002984,-0.265111,-0.964213,-0.189534,0.000459,0.037444,0.312279,-0.122586,0.014600,-0.206560,-0.063855,-0.016278,0.435260,-0.181305,0.045811,-0.000441,0.001619,0.300000,-0.000634,0.003551,-0.000111,0.003698,-0.300000,0.000486,0.003585,0.000109,0.000000
-0.060534,0.046846,0.811862,-0.000371,0.003234,-0.269466,-0.963005,-0.179504,-0.007077,0.032484,0.291116,-0.110686,0.018087,-0.236067,-0.057020,-0.005170,0.486518,-0.197792,0.045247,-0.000644,0.001517,0.300000,-0.000583,0.003472,-0.000109,0.003587,-0.300000,0.000535,0.003518,0.000108,0.000003
-0.061974,0.046511,0.812295,0.001566,-0.003189,0.273839,0.961769,-0.175669,-0.012192,0.025733,0.278613,-0.101501,0.019468,-0.262543,-0.051627,0.000951,0.533566,-0.216804,0.044651,-0.000790,0.001457,0.300000,-0.000529,0.003424,-0.000107,0.003505,-0.300000,0.000583,0.003469,0.000107,0.000006
-0.062773,0.044703,0.812377,0.002566,-0.003089,0.278078,0.960550,-0.176569,-0.014534,0.017756,0.273617,-0.095252,0.018986,-0.281274,-0.047473,0.005833,0.569439,-0.231697,0.044209,-0.000876,0.001448,0.300000,-0.000493,0.003415,-0.000107,0.003445,-0.300000,0.000609,0.003442,0.000107,0.000009
-0.062861,0.041318,0.812253,0.003252,-0.002565,0.282346,0.959304,-0.182169,-0.014158,0.007992,0.274225,-0.090975,0.015871,-0.290517,-0.043999,0.010900,0.588061,-0.240157,0.043831,-0.001002,0.001425,0.300000,-0.000473,0.003388,-0.000106,0.003402,-0.300000,0.000624,0.003417,0.000107,0.000012
-0.062287,0.036402,0.811809,0.003635,-0.001382,0.286735,0.958002,-0.193804,-0.011520,-0.004070,0.281726,-0.089180,0.010221,-0.290548,-0.040693,0.017446,0.587344,-0.243129,0.043443,-0.001137,0.001389,0.300000,-0.000454,0.003347,-0.000105,0.003351,-0.300000,0.000637,0.003382,0.000106,0.000014
-0.061023,0.030040,0.810831,0.003991,0.000251,0.291376,0.956600,-0.211717,-0.007389,-0.018772,0.297671,-0.090590,0.002310,-0.278413,-0.037298,0.026140,0.559006,-0.243538,0.043006,-0.001422,0.001354,0.300000,-0.000440,0.003318,-0.000104,0.003325,-0.300000,0.000648,0.003371,0.000105,0.000017
-0.058983,0.022523,0.808860,-0.005233,-0.001927,-0.296405,-0.955046,-0.235189,-0.003952,-0.035922,0.324089,-0.096906,-0.007426,-0.246189,-0.034601,0.037149,0.484747,-0.243161,0.042659,-0.001923,0.001346,0.300000,-0.000435,0.003318,-0.000104,0.003333,-0.300000,0.000653,0.003389,0.000106,0.000020
-0.056251,0.014480,0.805994,-0.008415,-0.003551,-0.300905,-0.953610,-0.258330,-0.003519,-0.051570,0.353610,-0.105578,-0.018125,-0.201124,-0.033569,0.042573,0.378584,-0.199827,0.030632,-0.001490,0.001540,0.300000,-0.000437,0.003399,-0.000105,0.003410,-0.300000,0.000658,0.003434,0.000107,0.000025
-0.051788,0.006078,0.807299,0.005391,0.001269,0.305680,0.952118,-0.256317,0.014658,-0.065557,0.345649,-0.099012,-0.031607,-0.178211,-0.014778,0.025151,0.340508,-0.163879,0.007277,-0.000884,0.001843,0.300000,-0.000414,0.003560,-0.000110,0.004787,-0.300000,0.000700,0.003680,0.000113,0.000003
-0.047742,-0.000816,0.810137,0.001953,0.000577,0.310007,0.950732,-0.244773,0.032636,-0.071375,0.315908,-0.085374,-0.040980,-0.157481,0.001676,0.007216,0.304123,-0.150181,-0.006568,-0.000277,0.002005,0.300000,-0.000421,0.003628,-0.000110,0.004959,-0.300000,0.000697,0.003703,0.000113,0.000005
-0.044718,-0.005920,0.812162,0.000036,-0.000653,-0.314475,-0.949266,-0.246606,0.047803,-0.061902,0.315587,-0.084664,-0.041341,-0.137333,0.012016,-0.009210,0.266864,-0.135019,-0.015360,-0.000137,0.002051,0.300000,-0.000450,0.003659,-0.000111,0.004986,-0.300000,0.000679,0.003738,0.000113,0.000004
-0.042993,-0.009126,0.813234,-0.000772,0.000687,0.319652,0.947534,-0.264736,0.054073,-0.047288,0.363049,-0.100561,-0.038888,-0.122264,0.016551,-0.024694,0.240499,-0.124270,-0.019999,-0.000156,0.002013,0.300000,-0.000491,0.003634,-0.000111,0.005026,-0.300000,0.000643,0.003790,0.000113,-0.000002
-0.042280,-0.010824,0.813660,-0.001328,0.000776,0.325275,0.945618,-0.287469,0.055223,-0.034262,0.428083,-0.132354,-0.038010,-0.113739,0.018124,-0.039173,0.226329,-0.119090,-0.021861,-0.000107,0.002009,0.300000,-0.000539,0.003622,-0.000111,0.005051,-0.300000,0.000596,0.003829,0.000113,-0.000007
-0.042296,-0.011283,0.813631,-0.002106,0.000851,0.330702,0.943733,-0.306650,0.056028,-0.020202,0.488767,-0.164120,-0.037351,-0.110376,0.018239,-0.051780,0.221629,-0.118339,-0.022025,0.000196,0.002054,0.300000,-0.000580,0.003641,-0.000111,0.005025,-0.300000,0.000548,0.003831,0.000113,-0.000010
-0.043097,-0.010525,0.813377,-0.003153,0.001011,0.335552,0.942016,-0.321088,0.058276,-0.006755,0.539148,-0.190718,-0.035890,-0.110017,0.016937,-0.062233,0.221691,-0.119569,-0.020238,0.000881,0.002114,0.300000,-0.000600,0.003673,-0.000112,0.004967,-0.300000,0.000522,0.003812,0.000112,-0.000011
-0.044836,-0.008372,0.813032,-0.004042,0.001217,0.339935,0.940440,-0.329828,0.061412,0.004369,0.574934,-0.211739,-0.033178,-0.111747,0.012875,-0.070903,0.225712,-0.122534,-0.015759,0.001560,0.002170,0.300000,-0.000618,0.003707,-0.000112,0.004894,-0.300000,0.000503,0.003783,0.000112,-0.000011
-0.047606,-0.004893,0.812477,-0.004679,0.001616,0.344069,0.938931,-0.332518,0.064421,0.013924,0.591904,-0.226023,-0.030733,-0.117319,0.005559,-0.077788,0.236402,-0.128412,-0.008821,0.001885,0.002201,0.300000,-0.000634,0.003721,-0.000112,0.004816,-0.300000,0.000485,0.003747,0.000111,-0.000012
-0.051389,-0.000152,0.811521,-0.005387,0.002024,0.348245,0.937386,-0.328626,0.066607,0.022956,0.586858,-0.230928,-0.029684,-0.126684,-0.004299,-0.083490,0.254200,-0.137538,0.000452,0.001988,0.002201,0.300000,-0.000648,0.003716,-0.000112,0.004775,-0.300000,0.000471,0.003742,0.000111,-0.000015
-0.055936,0.005979,0.809877,-0.006456,0.001513,0.352422,0.935818,-0.309283,0.066984,0.032696,0.544564,-0.230968,-0.029091,-0.137357,-0.015438,-0.088622,0.278661,-0.150260,0.011989,0.002092,0.002242,0.300000,-0.000658,0.003749,-0.000113,0.004781,-0.300000,0.000464,0.003784,0.000111,-0.000020
-0.060856,0.013195,0.807014,-0.009304,-0.000473,0.356624,0.934202,-0.267829,0.066684,0.040199,0.449293,-0.222861,-0.028654,-0.149057,-0.023905,-0.093699,0.309999,-0.167014,0.024832,0.002205,0.002285,0.300000,-0.000656,0.003766,-0.000113,0.004805,-0.300000,0.000469,0.003834,0.000112,-0.000029
-0.066246,0.021446,0.805033,-0.010355,-0.002710,0.360692,0.932624,-0.235093,0.055333,0.041358,0.378596,-0.148269,-0.018481,-0.156439,-0.036922,-0.095494,0.336876,-0.178858,0.037806,0.001972,0.002390,0.300000,-0.000679,0.003902,-0.000117,0.004752,-0.300000,0.000448,0.003860,0.000114,-0.000013
-0.071671,0.029288,0.807303,0.005134,0.002931,-0.365108,-0.930946,-0.218871,0.029133,0.041656,0.360780,-0.142337,-0.002560,-0.158416,-0.060259,-0.076992,0.348964,-0.171409,0.044484,0.000605,0.002307,0.300000,-0.000695,0.003879,-0.000117,0.004552,-0.300000,0.000434,0.003797,0.000113,-0.000002
-0.075791,0.034191,0.809414,0.002468,0.002947,-0.368983,-0.929428,-0.203949,0.012366,0.040532,0.337677,-0.134315,0.007894,-0.177928,-0.066255,-0.041576,0.384548,-0.171282,0.044949,0.000283,0.002121,0.300000,-0.000671,0.003724,-0.000113,0.003984,-0.300000,0.000450,0.003655,0.000111,0.000000
-0.078758,0.036837,0.810939,0.000650,0.003036,-0.373149,-0.927766,-0.189614,0.000751,0.037404,0.311686,-0.121992,0.014408,-0.206629,-0.062523,-0.017503,0.434916,-0.181400,0.044516,-0.000193,0.001977,0.300000,-0.000634,0.003618,-0.000111,0.003814,-0.300000,0.000485,0.003569,0.000109,0.000002
-0.080743,0.037662,0.811910,-0.000662,0.003152,-0.377351,-0.926065,-0.179423,-0.006742,0.032459,0.290648,-0.110380,0.017869,-0.236253,-0.055859,-0.006126,0.486093,-0.197763,0.043969,-0.000418,0.001868,0.300000,-0.000583,0.003535,-0.000109,0.003703,-0.300000,0.000534,0.003503,0.000108,0.000005
-0.081963,0.037090,0.812331,0.001849,-0.002974,0.381566,0.924335,-0.175459,-0.011833,0.025718,0.278286,-0.101461,0.019215,-0.262825,-0.050700,0.000237,0.533091,-0.216674,0.043390,-0.000570,0.001802,0.300000,-0.000530,0.003484,-0.000108,0.003619,-0.300000,0.000581,0.003454,0.000107,0.000008
-0.082232,0.035231,0.812397,0.002843,-0.002748,0.385651,0.922637,-0.176288,-0.014188,0.017735,0.273474,-0.095474,0.018709,-0.281693,-0.046825,0.005439,0.568997,-0.231526,0.042964,-0.000660,0.001787,0.300000,-0.000492,0.003472,-0.000107,0.003557,-0.300000,0.000608,0.003427,0.000107,0.000011
-0.081449,0.031996,0.812261,0.003475,-0.002137,0.389762,0.920907,-0.181789,-0.013815,0.007969,0.274216,-0.091436,0.015561,-0.291053,-0.043612,0.010843,0.587645,-0.239942,0.042606,-0.000790,0.001758,0.300000,-0.000472,0.003443,-0.000106,0.003511,-0.300000,0.000623,0.003402,0.000106,0.000014
-0.079674,0.027415,0.811804,0.003728,-0.000909,0.393996,0.919104,-0.193357,-0.011165,-0.004123,0.281901,-0.089891,0.009877,-0.291161,-0.040541,0.017671,0.586910,-0.242870,0.042240,-0.000933,0.001715,0.300000,-0.000454,0.003398,-0.000105,0.003459,-0.300000,0.000636,0.003367,0.000106,0.000016
-0.076900,0.021572,0.810814,0.003897,0.000772,0.398471,0.917172,-0.211246,-0.007013,-0.018872,0.298041,-0.091554,0.001926,-0.279119,-0.037345,0.026594,0.558504,-0.243271,0.041824,-0.001228,0.001674,0.300000,-0.000439,0.003366,-0.000104,0.003430,-0.300000,0.000647,0.003356,0.000105,0.000018
-0.073107,0.014775,0.808824,-0.004936,-0.002586,-0.403305,-0.915049,-0.234727,-0.003527,-0.036068,0.324744,-0.098169,-0.007862,-0.246964,-0.034798,0.037736,0.484129,-0.242867,0.041504,-0.001736,0.001661,0.300000,-0.000435,0.003365,-0.000104,0.003435,-0.300000,0.000652,0.003374,0.000105,0.000022
-0.068516,0.007616,0.805941,-0.007903,-0.004553,-0.407628,-0.913102,-0.257837,-0.003003,-0.051766,0.354514,-0.107119,-0.018631,-0.202139,-0.033868,0.043199,0.378242,-0.198492,0.030650,-0.001318,0.001836,0.300000,-0.000436,0.003445,-0.000106,0.003507,-0.300000,0.000657,0.003419,0.000107,0.000027
-0.062165,0.000486,0.807252,0.005119,0.001916,0.412211,0.911072,-0.255703,0.015349,-0.065775,0.346595,-0.100711,-0.032188,-0.179433,-0.014990,0.025745,0.340844,-0.162823,0.007892,-0.000721,0.002105,0.300000,-0.000413,0.003602,-0.000110,0.004817,-0.300000,0.000700,0.003665,0.000113,0.000004
-0.056578,-0.005269,0.810094,-0.001762,-0.000823,-0.416367,-0.909194,-0.243983,0.033450,-0.071631,0.316716,-0.087051,-0.041710,-0.158693,0.001539,0.007729,0.304790,-0.149666,-0.006119,-0.000129,0.002254,0.300000,-0.000420,0.003666,-0.000110,0.004973,-0.300000,0.000697,0.003685,0.000112,0.000007
-0.052420,-0.009508,0.812131,0.000207,-0.000675,-0.420678,-0.907210,-0.245872,0.048465,-0.061723,0.316048,-0.086238,-0.042197,-0.138431,0.011826,-0.008809,0.267597,-0.134761,-0.014985,-0.000003,0.002289,0.300000,-0.000449,0.003691,-0.000111,0.005001,-0.300000,0.000678,0.003721,0.000113,0.000005
-0.049968,-0.012194,0.813215,-0.000908,0.000608,0.425637,0.904894,-0.264203,0.054328,-0.047073,0.363098,-0.101873,-0.039553,-0.123157,0.016292,-0.024351,0.241180,-0.124134,-0.019642,-0.000012,0.002250,0.300000,-0.000491,0.003667,-0.000111,0.005035,-0.300000,0.000642,0.003771,0.000113,-0.000001
-0.048844,-0.013646,0.813643,-0.001444,0.000594,0.430981,0.902360,-0.287129,0.055172,-0.034057,0.427987,-0.133312,-0.038582,-0.114397,0.017855,-0.038840,0.226933,-0.119015,-0.021511,0.000043,0.002244,0.300000,-0.000538,0.003655,-0.000111,0.005056,-0.300000,0.000595,0.003808,0.000113,-0.000006
-0.048712,-0.014062,0.813614,-0.002211,0.000545,0.436131,0.899880,-0.306504,0.055814,-0.019919,0.488672,-0.164754,-0.037898,-0.110816,0.017985,-0.051461,0.222133,-0.118299,-0.021683,0.000338,0.002285,0.300000,-0.000579,0.003672,-0.000111,0.005028,-0.300000,0.000548,0.003810,0.000112,-0.000008
-0.049629,-0.013476,0.813359,-0.003270,0.000586,0.440734,0.897632,-0.321168,0.057976,-0.006414,0.539115,-0.191098,-0.036234,-0.110386,0.016692,-0.061903,0.222163,-0.119574,-0.019907,0.000996,0.002341,0.300000,-0.000599,0.003701,-0.000112,0.004968,-0.300000,0.000521,0.003788,0.000112,-0.000010
-0.051773,-0.011743,0.813014,-0.004179,0.000693,0.444906,0.895567,-0.330040,0.061123,0.004719,0.574958,-0.211963,-0.033210,-0.111980,0.012644,-0.070616,0.226051,-0.122543,-0.015435,0.001601,0.002394,0.300000,-0.000617,0.003735,-0.000112,0.004897,-0.300000,0.000503,0.003761,0.000111,-0.000010
-0.055224,-0.008948,0.812463,-0.004855,0.001020,0.448834,0.893601,-0.332764,0.064207,0.014228,0.591974,-0.226149,-0.030530,-0.117398,0.005337,-0.077534,0.236583,-0.128415,-0.008501,0.001886,0.002421,0.300000,-0.000633,0.003747,-0.000112,0.004820,-0.300000,0.000485,0.003727,0.000111,-0.000011
-0.059949,-0.005154,0.811507,-0.005608,0.001356,0.452800,0.891593,-0.328876,0.066501,0.023154,0.586951,-0.231002,-0.029404,-0.126657,-0.004515,-0.083257,0.254262,-0.137548,0.000770,0.001983,0.002416,0.300000,-0.000647,0.003739,-0.000112,0.004780,-0.300000,0.000470,0.003723,0.000110,-0.000014
-0.065737,-0.000178,0.809863,-0.006614,0.000747,0.456771,0.889559,-0.309482,0.066944,0.032723,0.544558,-0.231034,-0.028811,-0.137280,-0.015661,-0.088406,0.278672,-0.150308,0.012310,0.002086,0.002452,0.300000,-0.000657,0.003770,-0.000113,0.004786,-0.300000,0.000463,0.003765,0.000111,-0.000020
-0.072136,0.005770,0.806997,-0.009221,-0.001530,0.460762,0.887475,-0.267989,0.066675,0.040091,0.449217,-0.222544,-0.028365,-0.148951,-0.024134,-0.093487,0.309995,-0.167114,0.025158,0.002200,0.002492,0.300000,-0.000655,0.003787,-0.000113,0.004811,-0.300000,0.000468,0.003816,0.000112,-0.000028
-0.079228,0.012630,0.805050,-0.009952,-0.003816,0.464639,0.885436,-0.235319,0.055098,0.041460,0.379403,-0.145563,-0.018107,-0.156156,-0.037319,-0.095239,0.336586,-0.178893,0.038118,0.001931,0.002588,0.300000,-0.000679,0.003921,-0.000117,0.004757,-0.300000,0.000447,0.003842,0.000114,-0.000013
-0.086250,0.019040,0.807317,0.004814,0.003394,-0.468895,-0.883234,-0.218750,0.028994,0.041780,0.361010,-0.141561,-0.002377,-0.158485,-0.060598,-0.076584,0.348940,-0.171273,0.044873,0.000473,0.002494,0.300000,-0.000693,0.003892,-0.000117,0.004546,-0.300000,0.000433,0.003778,0.000113,-0.000001
-0.091338,0.022880,0.809418,0.002197,0.003107,-0.472581,-0.881279,-0.203658,0.012328,0.040666,0.337735,-0.134487,0.007972,-0.178531,-0.066495,-0.041142,0.384571,-0.171118,0.045322,0.000149,0.002306,0.300000,-0.000670,0.003738,-0.000113,0.003953,-0.300000,0.000449,0.003638,0.000110,0.000001
-0.094789,0.024796,0.810930,0.000374,0.003041,-0.476544,-0.879145,-0.189177,0.000797,0.037514,0.311795,-0.122588,0.014421,-0.207595,-0.062695,-0.017106,0.434966,-0.181253,0.044884,-0.000322,0.002159,0.300000,-0.000633,0.003633,-0.000111,0.003783,-0.300000,0.000485,0.003554,0.000109,0.000003
-0.096876,0.025163,0.811891,-0.000974,0.003053,-0.480537,-0.876969,-0.178900,-0.006672,0.032561,0.290915,-0.111174,0.017849,-0.237509,-0.056026,-0.005773,0.486125,-0.197626,0.044335,-0.000540,0.002047,0.300000,-0.000582,0.003550,-0.000109,0.003671,-0.300000,0.000533,0.003488,0.000108,0.000005
-0.097904,0.024345,0.812302,0.002169,-0.002772,0.484539,0.874762,-0.174872,-0.011763,0.025828,0.278696,-0.102380,0.019173,-0.264288,-0.050869,0.000514,0.533097,-0.216509,0.043755,-0.000689,0.001979,0.300000,-0.000529,0.003498,-0.000108,0.003587,-0.300000,0.000581,0.003439,0.000107,0.000008
-0.097712,0.022491,0.812358,0.003161,-0.002452,0.488411,0.872605,-0.175646,-0.014120,0.017868,0.273993,-0.096497,0.018642,-0.283260,-0.046982,0.005624,0.569039,-0.231254,0.043327,-0.000776,0.001962,0.300000,-0.000492,0.003485,-0.000107,0.003526,-0.300000,0.000608,0.003413,0.000107,0.000012
-0.096180,0.019539,0.812216,0.003745,-0.001780,0.492301,0.870415,-0.181070,-0.013745,0.008138,0.274773,-0.092540,0.015461,-0.292578,-0.043750,0.010932,0.587751,-0.239536,0.042966,-0.000904,0.001933,0.300000,-0.000472,0.003456,-0.000106,0.003482,-0.300000,0.000623,0.003388,0.000106,0.000014
-0.093373,0.015504,0.811755,0.003867,-0.000514,0.496302,0.868141,-0.192618,-0.011089,-0.003929,0.282495,-0.091067,0.009745,-0.292575,-0.040663,0.017703,0.587068,-0.242378,0.042593,-0.001044,0.001888,0.300000,-0.000453,0.003411,-0.000105,0.003431,-0.300000,0.000636,0.003354,0.000105,0.000017
-0.089304,0.010470,0.810762,0.003848,0.001195,0.500530,0.865710,-0.210481,-0.006924,-0.018665,0.298651,-0.092798,0.001762,-0.280301,-0.037454,0.026626,0.558604,-0.242773,0.042172,-0.001335,0.001845,0.300000,-0.000439,0.003379,-0.000104,0.003404,-0.300000,0.000647,0.003344,0.000105,0.000019
-0.084025,0.004743,0.808765,-0.004679,-0.003141,-0.505091,-0.863048,-0.233958,-0.003425,-0.035856,0.325404,-0.099505,-0.008056,-0.247847,-0.034918,0.037809,0.484040,-0.242362,0.041849,-0.001834,0.001831,0.300000,-0.000434,0.003377,-0.000104,0.003410,-0.300000,0.000652,0.003362,0.000105,0.000023
-0.077887,-0.001156,0.805876,-0.007405,-0.005459,-0.509159,-0.860623,-0.257059,-0.002890,-0.051545,0.355219,-0.108545,-0.018853,-0.202882,-0.034016,0.043258,0.378091,-0.197509,0.030864,-0.001399,0.001994,0.300000,-0.000435,0.003458,-0.000106,0.003482,-0.300000,0.000657,0.003409,0.000106,0.000027
-0.070041,-0.006637,0.807211,0.004890,0.002499,0.513489,0.858079,-0.254818,0.015625,-0.065579,0.347163,-0.102118,-0.032455,-0.180344,-0.014991,0.025767,0.341137,-0.162059,0.007909,-0.000792,0.002246,0.300000,-0.000412,0.003613,-0.000110,0.004791,-0.300000,0.000700,0.003656,0.000112,0.000004
-0.063269,-0.010950,0.810073,-0.001656,-0.001012,-0.517389,-0.855748,-0.242951,0.033760,-0.071550,0.317082,-0.088409,-0.042026,-0.159626,0.001614,0.007761,0.305256,-0.149150,-0.006181,-0.000141,0.002391,0.300000,-0.000419,0.003676,-0.000110,0.004945,-0.300000,0.000697,0.003674,0.000112,0.000007
-0.058254,-0.014107,0.812128,0.000277,-0.000639,-0.521446,-0.853284,-0.244762,0.048388,-0.061441,0.316556,-0.087644,-0.042469,-0.139295,0.011863,-0.008805,0.268043,-0.134323,-0.015043,0.000004,0.002420,0.300000,-0.000448,0.003698,-0.000111,0.004973,-0.300000,0.000678,0.003710,0.000112,0.000005
-0.055258,-0.016154,0.813220,-0.000991,0.000506,0.526141,0.850397,-0.262982,0.053676,-0.046631,0.363546,-0.103256,-0.039680,-0.123992,0.016332,-0.024424,0.241531,-0.123702,-0.019700,-0.000004,0.002376,0.300000,-0.000490,0.003671,-0.000111,0.005006,-0.300000,0.000642,0.003759,0.000113,0.000000
-0.053826,-0.017315,0.813649,-0.001555,0.000431,0.531169,0.847264,-0.285833,0.054195,-0.033581,0.428326,-0.134350,-0.038652,-0.115191,0.017955,-0.038943,0.227149,-0.118523,-0.021580,0.000056,0.002369,0.300000,-0.000538,0.003659,-0.000111,0.005024,-0.300000,0.000595,0.003794,0.000113,-0.000005
-0.053597,-0.017701,0.813621,-0.002326,0.000291,0.536005,0.844212,-0.305228,0.054770,-0.019455,0.488979,-0.165447,-0.037938,-0.111581,0.018124,-0.051581,0.222258,-0.117758,-0.021762,0.000351,0.002407,0.300000,-0.000578,0.003676,-0.000111,0.004994,-0.300000,0.000547,0.003795,0.000112,-0.000008
-0.054626,-0.017354,0.813373,-0.003369,0.000216,0.540325,0.841450,-0.319991,0.056990,-0.006068,0.539404,-0.191622,-0.036157,-0.111145,0.016795,-0.062030,0.222249,-0.118991,-0.019993,0.001001,0.002459,0.300000,-0.000598,0.003704,-0.000112,0.004932,-0.300000,0.000520,0.003773,0.000112,-0.000009
-0.057113,-0.016176,0.813041,-0.004255,0.000221,0.544240,0.838919,-0.329008,0.060340,0.004934,0.575196,-0.212526,-0.033019,-0.112701,0.012690,-0.070758,0.226050,-0.121885,-0.015527,0.001592,0.002509,0.300000,-0.000616,0.003736,-0.000112,0.004859,-0.300000,0.000502,0.003746,0.000111,-0.000010
-0.061115,-0.014267,0.812502,-0.004925,0.000466,0.547917,0.836518,-0.331843,0.063700,0.014330,0.592071,-0.226766,-0.030313,-0.118087,0.005318,-0.077675,0.236528,-0.127691,-0.008602,0.001874,0.002533,0.300000,-0.000633,0.003748,-0.000112,0.004782,-0.300000,0.000484,0.003711,0.000111,-0.000010
-0.066585,-0.011683,0.811557,-0.005679,0.000712,0.551628,0.834071,-0.328046,0.066286,0.023176,0.586852,-0.231592,-0.029218,-0.127367,-0.004583,-0.083383,0.254208,-0.136771,0.000652,0.001971,0.002524,0.300000,-0.000646,0.003739,-0.000112,0.004741,-0.300000,0.000469,0.003707,0.000110,-0.000014
-0.073363,-0.008197,0.809921,-0.006579,0.000000,0.555341,0.831597,-0.308716,0.066879,0.032637,0.544236,-0.231611,-0.028632,-0.138082,-0.015791,-0.088499,0.278683,-0.149495,0.012177,0.002074,0.002558,0.300000,-0.000656,0.003768,-0.000113,0.004747,-0.300000,0.000462,0.003749,0.000111,-0.000019
-0.080960,-0.003908,0.807063,-0.008893,-0.002551,0.559069,0.829069,-0.267314,0.066685,0.039996,0.448787,-0.223360,-0.028202,-0.149865,-0.024302,-0.093542,0.310058,-0.166248,0.025008,0.002188,0.002594,0.300000,-0.000654,0.003784,-0.000113,0.004771,-0.300000,0.000467,0.003800,0.000112,-0.000028
-0.089433,0.001099,0.805078,-0.009424,-0.004948,0.562663,0.826618,-0.234696,0.055420,0.041134,0.378104,-0.148531,-0.018398,-0.157284,-0.037334,-0.095424,0.336888,-0.178055,0.038105,0.001990,0.002691,0.300000,-0.000678,0.003919,-0.000116,0.004719,-0.300000,0.000447,0.003826,0.000113,-0.000012
-0.097760,0.005730,0.807322,0.004308,0.003956,-0.566529,-0.824021,-0.218638,0.029283,0.041476,0.360432,-0.142402,-0.002758,-0.159152,-0.060824,-0.077904,0.348627,-0.170618,0.044645,0.000727,0.002605,0.300000,-0.000693,0.003896,-0.000117,0.004506,-0.300000,0.000433,0.003764,0.000113,0.000000
-0.103627,0.008302,0.809406,0.001695,0.003368,-0.569926,-0.821687,-0.203845,0.012520,0.040374,0.337583,-0.134393,0.007607,-0.178871,-0.067273,-0.042833,0.383273,-0.170466,0.044991,0.000384,0.002417,0.300000,-0.000670,0.003743,-0.000113,0.003888,-0.300000,0.000449,0.003624,0.000110,0.000001
-0.107433,0.009371,0.810921,-0.000132,0.003122,-0.573636,-0.819105,-0.189416,0.000972,0.037194,0.311772,-0.122148,0.014054,-0.207758,-0.063715,-0.018391,0.433702,-0.180825,0.044555,-0.000217,0.002269,0.300000,-0.000632,0.003639,-0.000111,0.003721,-0.300000,0.000484,0.003543,0.000109,0.000003
-0.109543,0.009252,0.811890,-0.001474,0.003015,-0.577355,-0.816487,-0.179023,-0.006440,0.032274,0.290777,-0.110611,0.017462,-0.237403,-0.057154,-0.006896,0.485106,-0.197279,0.044008,-0.000481,0.002156,0.300000,-0.000582,0.003555,-0.000109,0.003616,-0.300000,0.000533,0.003481,0.000108,0.000006
-0.110345,0.008224,0.812315,0.002606,-0.002609,0.581082,0.813837,-0.174914,-0.011467,0.025548,0.278387,-0.101738,0.018763,-0.263851,-0.052023,-0.000566,0.532320,-0.216199,0.043430,-0.000637,0.002086,0.300000,-0.000528,0.003502,-0.000108,0.003537,-0.300000,0.000581,0.003434,0.000107,0.000009
-0.109721,0.006466,0.812385,0.003515,-0.002151,0.584690,0.811247,-0.175695,-0.013778,0.017549,0.273521,-0.095775,0.018208,-0.282519,-0.048086,0.004594,0.568448,-0.231027,0.043002,-0.000727,0.002069,0.300000,-0.000491,0.003489,-0.000107,0.003479,-0.300000,0.000608,0.003408,0.000107,0.000012
-0.107540,0.003944,0.812250,0.003973,-0.001376,0.588310,0.808625,-0.181200,-0.013364,0.007761,0.274221,-0.091769,0.014995,-0.291653,-0.044713,0.010034,0.587344,-0.239428,0.042643,-0.000854,0.002039,0.300000,-0.000471,0.003460,-0.000106,0.003436,-0.300000,0.000623,0.003384,0.000106,0.000014
-0.103866,0.000654,0.811797,0.003906,-0.000068,0.592022,0.805913,-0.192807,-0.010656,-0.004349,0.281844,-0.090249,0.009242,-0.291608,-0.041418,0.016971,0.586802,-0.242382,0.042273,-0.000993,0.001994,0.300000,-0.000452,0.003416,-0.000105,0.003385,-0.300000,0.000636,0.003349,0.000105,0.000017
-0.098733,-0.003322,0.810809,0.003660,0.001648,0.595940,0.803019,-0.210705,-0.006433,-0.019126,0.297939,-0.091959,0.001216,-0.279399,-0.037984,0.026049,0.558419,-0.242793,0.041853,-0.001287,0.001950,0.300000,-0.000438,0.003384,-0.000104,0.003358,-0.300000,0.000647,0.003340,0.000105,0.000019
-0.092261,-0.007699,0.808812,-0.004248,-0.003683,-0.600167,-0.799855,-0.234201,-0.002889,-0.036357,0.324687,-0.098681,-0.008648,-0.247076,-0.035246,0.037350,0.483881,-0.242394,0.041531,-0.001795,0.001934,0.300000,-0.000433,0.003383,-0.000104,0.003366,-0.300000,0.000652,0.003360,0.000105,0.000023
-0.084919,-0.012045,0.805911,-0.006703,-0.006305,-0.603932,-0.796983,-0.257326,-0.002358,-0.052068,0.354571,-0.107779,-0.019480,-0.202173,-0.034270,0.042839,0.377884,-0.197749,0.030685,-0.001368,0.002095,0.300000,-0.000435,0.003463,-0.000106,0.003439,-0.300000,0.000657,0.003406,0.000106,0.000027
-0.076009,-0.015591,0.807220,0.004562,0.003094,0.607936,0.793967,-0.255150,0.016131,-0.066099,0.346688,-0.101472,-0.033101,-0.179598,-0.015257,0.025383,0.340934,-0.162583,0.007953,-0.000759,0.002345,0.300000,-0.000412,0.003619,-0.000110,0.004763,-0.300000,0.000700,0.003653,0.000112,0.000005
-0.068407,-0.018239,0.810059,-0.001520,-0.001244,-0.611509,-0.791235,-0.243358,0.034254,-0.072161,0.316838,-0.087919,-0.042705,-0.158917,0.001411,0.007473,0.305197,-0.149839,-0.006082,-0.000057,0.002489,0.300000,-0.000419,0.003682,-0.000110,0.004919,-0.300000,0.000697,0.003672,0.000112,0.000007
-0.062781,-0.020149,0.812096,0.000360,-0.000635,-0.615218,-0.788357,-0.245108,0.048739,-0.062193,0.317047,-0.087273,-0.043044,-0.138586,0.011744,-0.009005,0.268112,-0.135132,-0.014948,0.000113,0.002519,0.300000,-0.000448,0.003706,-0.000111,0.004948,-0.300000,0.000678,0.003709,0.000112,0.000005
-0.059372,-0.021439,0.813176,-0.001099,0.000435,0.619556,0.784952,-0.263060,0.053857,-0.047203,0.364384,-0.103007,-0.039980,-0.123364,0.016311,-0.024623,0.241684,-0.124593,-0.019629,0.000093,0.002469,0.300000,-0.000490,0.003674,-0.000111,0.004984,-0.300000,0.000642,0.003758,0.000113,0.000000
-0.057688,-0.022225,0.813595,-0.001705,0.000321,0.624213,0.781252,-0.285727,0.054275,-0.033980,0.429132,-0.134153,-0.038851,-0.114653,0.018032,-0.039166,0.227341,-0.119462,-0.021539,0.000149,0.002458,0.300000,-0.000537,0.003660,-0.000111,0.005003,-0.300000,0.000595,0.003794,0.000113,-0.000005
-0.057357,-0.022528,0.813562,-0.002481,0.000114,0.628687,0.777655,-0.305065,0.054789,-0.019822,0.489702,-0.165361,-0.038115,-0.111092,0.018241,-0.051823,0.222488,-0.118743,-0.021736,0.000442,0.002494,0.300000,-0.000578,0.003677,-0.000111,0.004972,-0.300000,0.000547,0.003794,0.000112,-0.000008
-0.058427,-0.022404,0.813315,-0.003498,-0.000062,0.632673,0.774411,-0.319909,0.056928,-0.006508,0.540038,-0.191745,-0.036280,-0.110653,0.016883,-0.062279,0.222512,-0.120021,-0.019972,0.001099,0.002543,0.300000,-0.000598,0.003705,-0.000112,0.004909,-0.300000,0.000520,0.003771,0.000112,-0.000009
-0.061109,-0.021802,0.812984,-0.004342,-0.000159,0.636279,0.771447,-0.329106,0.060231,0.004432,0.575719,-0.212914,-0.033145,-0.112155,0.012722,-0.071016,0.226372,-0.122978,-0.015505,0.001700,0.002592,0.300000,-0.000616,0.003738,-0.000112,0.004835,-0.300000,0.000502,0.003744,0.000111,-0.000009
-0.065430,-0.020829,0.812445,-0.004981,-0.000019,0.639657,0.768644,-0.332118,0.063594,0.013869,0.592442,-0.227305,-0.030519,-0.117414,0.005299,-0.077954,0.236908,-0.128857,-0.008577,0.001990,0.002615,0.300000,-0.000633,0.003751,-0.000112,0.004757,-0.300000,0.000484,0.003710,0.000111,-0.000010
-0.071330,-0.019533,0.811494,-0.005713,0.000104,0.643060,0.765795,-0.328518,0.066239,0.022850,0.587114,-0.232092,-0.029480,-0.126559,-0.004618,-0.083696,0.254631,-0.138005,0.000672,0.002088,0.002605,0.300000,-0.000646,0.003741,-0.000112,0.004715,-0.300000,0.000469,0.003704,0.000110,-0.000014
-0.078707,-0.017655,0.809853,-0.006499,-0.000735,0.646465,0.762915,-0.309353,0.066878,0.032460,0.544373,-0.232075,-0.028899,-0.137146,-0.015815,-0.088859,0.279101,-0.150767,0.012189,0.002188,0.002637,0.300000,-0.000656,0.003770,-0.000113,0.004722,-0.300000,0.000462,0.003747,0.000111,-0.000019
-0.087062,-0.015181,0.806991,-0.008491,-0.003557,0.649882,0.759980,-0.268141,0.066688,0.039941,0.448992,-0.223088,-0.028456,-0.148811,-0.024305,-0.093951,0.310446,-0.167543,0.025010,0.002299,0.002673,0.300000,-0.000654,0.003785,-0.000113,0.004747,-0.300000,0.000467,0.003797,0.000112,-0.000028
-0.096442,-0.012198,0.805042,-0.008677,-0.005956,0.653150,0.757156,-0.235712,0.055169,0.041372,0.379383,-0.145474,-0.018289,-0.156039,-0.037509,-0.096080,0.337045,-0.179126,0.038315,0.002132,0.002767,0.300000,-0.000678,0.003919,-0.000116,0.004688,-0.300000,0.000446,0.003822,0.000113,-0.000012
-0.105572,-0.009600,0.807302,0.003799,0.004356,-0.656705,-0.754126,-0.219348,0.029139,0.041828,0.361078,-0.141094,-0.002633,-0.158346,-0.060961,-0.079143,0.349302,-0.171134,0.044603,0.000839,0.002672,0.300000,-0.000692,0.003890,-0.000117,0.004471,-0.300000,0.000432,0.003756,0.000113,0.000000
-0.111856,-0.008460,0.809396,0.001345,0.003473,-0.659803,-0.751429,-0.204501,0.012502,0.040750,0.337979,-0.133902,0.007722,-0.178489,-0.068003,-0.043837,0.384052,-0.171150,0.044856,0.000486,0.002482,0.300000,-0.000669,0.003737,-0.000113,0.003818,-0.300000,0.000449,0.003616,0.000110,0.000001
-0.115781,-0.008316,0.810924,-0.000394,0.003085,-0.663202,-0.748434,-0.190023,0.001144,0.037503,0.312086,-0.121917,0.014124,-0.207651,-0.064831,-0.018798,0.434389,-0.181687,0.044421,-0.000174,0.002333,0.300000,-0.000632,0.003635,-0.000111,0.003646,-0.300000,0.000485,0.003536,0.000109,0.000003
-0.117797,-0.008953,0.811905,-0.001715,0.002879,-0.666602,-0.745406,-0.179590,-0.006179,0.032563,0.291071,-0.110392,0.017508,-0.237571,-0.058609,-0.006889,0.485657,-0.198098,0.043886,-0.000456,0.002216,0.300000,-0.000581,0.003550,-0.000109,0.003542,-0.300000,0.000533,0.003474,0.000108,0.000006
-0.118337,-0.010187,0.812332,0.002816,-0.002380,0.670011,0.742342,-0.175477,-0.011187,0.025820,0.278696,-0.101473,0.018801,-0.264243,-0.053657,-0.000366,0.532666,-0.216931,0.043323,-0.000615,0.002143,0.300000,-0.000528,0.003495,-0.000107,0.003463,-0.300000,0.000581,0.003426,0.000107,0.000009
-0.117325,-0.011812,0.812394,0.003705,-0.001839,0.673308,0.739350,-0.176272,-0.013528,0.017815,0.273857,-0.095457,0.018243,-0.283060,-0.049704,0.004794,0.568646,-0.231602,0.042912,-0.000706,0.002124,0.300000,-0.000491,0.003482,-0.000107,0.003405,-0.300000,0.000607,0.003400,0.000107,0.000012
-0.114618,-0.013831,0.812253,0.004109,-0.001020,0.676608,0.736331,-0.181796,-0.013152,0.008039,0.274553,-0.091381,0.015016,-0.292245,-0.046143,0.010055,0.587491,-0.239774,0.042566,-0.000833,0.002094,0.300000,-0.000471,0.003453,-0.000106,0.003363,-0.300000,0.000623,0.003376,0.000106,0.000015
-0.110283,-0.016260,0.811792,0.003925,0.000282,0.679984,0.733216,-0.193431,-0.010492,-0.004052,0.282133,-0.089770,0.009247,-0.292169,-0.042559,0.016735,0.586990,-0.242563,0.042204,-0.000970,0.002049,0.300000,-0.000452,0.003410,-0.000105,0.003313,-0.300000,0.000636,0.003341,0.000105,0.000017
-0.104367,-0.019020,0.810798,0.003514,0.001973,0.683541,0.729901,-0.211332,-0.006309,-0.018799,0.298138,-0.091368,0.001200,-0.279815,-0.038779,0.025563,0.558679,-0.242961,0.041788,-0.001262,0.002006,0.300000,-0.000438,0.003379,-0.000104,0.003289,-0.300000,0.000647,0.003332,0.000105,0.000019
-0.097056,-0.021866,0.808799,-0.003886,-0.004086,-0.687372,-0.726283,-0.234822,-0.002805,-0.036000,0.324730,-0.097944,-0.008682,-0.247256,-0.035689,0.036700,0.484111,-0.242571,0.041465,-0.001770,0.001990,0.300000,-0.000433,0.003378,-0.000104,0.003298,-0.300000,0.000652,0.003353,0.000105,0.000023
-0.088912,-0.024481,0.805901,-0.006042,-0.007007,-0.690784,-0.723002,-0.257926,-0.002338,-0.051688,0.354394,-0.106866,-0.019518,-0.202113,-0.034486,0.042187,0.377879,-0.197964,0.030524,-0.001354,0.002148,0.300000,-0.000435,0.003459,-0.000106,0.003375,-0.300000,0.000657,0.003400,0.000106,0.000027
-0.079421,-0.025953,0.807230,0.004265,0.003572,0.694422,0.719546,-0.255683,0.016181,-0.065724,0.346237,-0.100378,-0.033140,-0.179541,-0.015389,0.024760,0.340800,-0.162478,0.007815,-0.000748,0.002398,0.300000,-0.000412,0.003615,-0.000110,0.004738,-0.300000,0.000700,0.003648,0.000112,0.000005
-0.071413,-0.026843,0.810086,-0.001440,-0.001390,-0.697665,-0.716422,-0.243899,0.034318,-0.071748,0.316295,-0.086840,-0.042699,-0.158859,0.001315,0.006835,0.304922,-0.149547,-0.006184,-0.000061,0.002543,0.300000,-0.000419,0.003679,-0.000110,0.004903,-0.300000,0.000697,0.003669,0.000112,0.000007
-0.065500,-0.027454,0.812130,0.000363,-0.000570,-0.701004,-0.713157,-0.245575,0.048785,-0.062047,0.316973,-0.086254,-0.042990,-0.138543,0.011678,-0.009597,0.267769,-0.134740,-0.015034,0.000107,0.002578,0.300000,-0.000448,0.003707,-0.000111,0.004932,-0.300000,0.000678,0.003705,0.000112,0.000006
-0.061884,-0.027962,0.813212,-0.001095,0.000308,0.704916,0.709290,-0.263319,0.053983,-0.047110,0.364739,-0.102212,-0.039967,-0.123416,0.016266,-0.025178,0.241326,-0.124143,-0.019719,0.000080,0.002524,0.300000,-0.000490,0.003672,-0.000111,0.004970,-0.300000,0.000641,0.003755,0.000113,0.000000
-0.060062,-0.028372,0.813633,-0.001712,0.000155,0.709133,0.705073,-0.285757,0.054440,-0.033930,0.429562,-0.133620,-0.038865,-0.114837,0.017991,-0.039717,0.226988,-0.118970,-0.021636,0.000130,0.002509,0.300000,-0.000537,0.003657,-0.000111,0.004991,-0.300000,0.000594,0.003792,0.000113,-0.000005
-0.059667,-0.028620,0.813601,-0.002480,-0.000118,0.713182,0.700975,-0.304885,0.054951,-0.019830,0.490074,-0.165048,-0.038135,-0.111400,0.018205,-0.052370,0.222179,-0.118228,-0.021839,0.000424,0.002544,0.300000,-0.000578,0.003673,-0.000111,0.004961,-0.300000,0.000547,0.003793,0.000112,-0.000008
-0.060731,-0.028768,0.813353,-0.003476,-0.000415,0.716785,0.697285,-0.319552,0.057078,-0.006584,0.540319,-0.191613,-0.036331,-0.111004,0.016868,-0.062838,0.222215,-0.119475,-0.020090,0.001087,0.002592,0.300000,-0.000598,0.003702,-0.000112,0.004898,-0.300000,0.000520,0.003771,0.000112,-0.000009
-0.063473,-0.028824,0.813021,-0.004306,-0.000617,0.720034,0.693925,-0.328668,0.060337,0.004313,0.575917,-0.212916,-0.033262,-0.112579,0.012729,-0.071559,0.226140,-0.122412,-0.015637,0.001717,0.002639,0.300000,-0.000616,0.003734,-0.000112,0.004822,-0.300000,0.000502,0.003743,0.000111,-0.000010
-0.067897,-0.028895,0.812479,-0.004953,-0.000562,0.723076,0.690751,-0.331676,0.063641,0.013755,0.592570,-0.227409,-0.030695,-0.117921,0.005317,-0.078479,0.236761,-0.128274,-0.008722,0.002023,0.002661,0.300000,-0.000633,0.003747,-0.000112,0.004742,-0.300000,0.000484,0.003708,0.000111,-0.000010
-0.073932,-0.029012,0.811529,-0.005682,-0.000538,0.726135,0.687528,-0.328104,0.066228,0.022797,0.587200,-0.232248,-0.029674,-0.127126,-0.004601,-0.084206,0.254555,-0.137393,0.000515,0.002123,0.002650,0.300000,-0.000646,0.003738,-0.000112,0.004699,-0.300000,0.000469,0.003702,0.000110,-0.000014
-0.081537,-0.028901,0.809891,-0.006351,-0.001478,0.729191,0.684280,-0.308996,0.066840,0.032506,0.544476,-0.232237,-0.029091,-0.137756,-0.015805,-0.089353,0.279063,-0.150104,0.012020,0.002223,0.002681,0.300000,-0.000656,0.003766,-0.000113,0.004705,-0.300000,0.000462,0.003743,0.000111,-0.000019
-0.090229,-0.028432,0.807034,-0.007991,-0.004519,0.732250,0.680974,-0.267843,0.066643,0.040083,0.449139,-0.223343,-0.028642,-0.149465,-0.024311,-0.094432,0.310426,-0.166813,0.024828,0.002334,0.002716,0.300000,-0.000654,0.003781,-0.000113,0.004730,-0.300000,0.000467,0.003794,0.000112,-0.000028
-0.100035,-0.027701,0.805083,-0.007900,-0.006930,0.735167,0.677805,-0.235381,0.055129,0.041575,0.379395,-0.145910,-0.018370,-0.156713,-0.037509,-0.096620,0.336961,-0.178351,0.038227,0.002188,0.002810,0.300000,-0.000678,0.003915,-0.000116,0.004672,-0.300000,0.000446,0.003818,0.000113,-0.000012
-0.109514,-0.027281,0.807320,0.003242,0.004779,-0.738335,-0.674409,-0.219035,0.029093,0.042065,0.360965,-0.141298,-0.002622,-0.158932,-0.060932,-0.079974,0.349159,-0.170721,0.044261,0.000938,0.002716,0.300000,-0.000692,0.003886,-0.000116,0.004469,-0.300000,0.000432,0.003752,0.000113,0.000000
-0.115901,-0.027619,0.809403,0.000914,0.003618,-0.741115,-0.671368,-0.204264,0.012436,0.040940,0.337865,-0.133998,0.007781,-0.178437,-0.068207,-0.044392,0.384603,-0.170715,0.044463,0.000602,0.002526,0.300000,-0.000669,0.003734,-0.000113,0.003904,-0.300000,0.000448,0.003613,0.000110,0.000001
-0.119758,-0.028409,0.810935,-0.000703,0.002994,-0.744130,-0.668027,-0.190011,0.001098,0.037676,0.311957,-0.121911,0.014203,-0.207031,-0.065171,-0.019054,0.435105,-0.181257,0.044033,-0.000005,0.002376,0.300000,-0.000632,0.003631,-0.000111,0.003737,-0.300000,0.000484,0.003531,0.000109,0.000003
-0.121574,-0.029540,0.811925,-0.001922,0.002595,-0.747147,-0.664651,-0.179817,-0.006209,0.032692,0.290902,-0.110253,0.017597,-0.236614,-0.058971,-0.006782,0.486417,-0.197832,0.043507,-0.000274,0.002257,0.300000,-0.000581,0.003545,-0.000109,0.003628,-0.300000,0.000532,0.003467,0.000108,0.000006
-0.121813,-0.030928,0.812357,0.002914,-0.001955,0.750171,0.661235,-0.175902,-0.011192,0.025899,0.278528,-0.101224,0.018896,-0.263154,-0.053939,0.000076,0.533381,-0.216930,0.042954,-0.000436,0.002181,0.300000,-0.000528,0.003490,-0.000107,0.003546,-0.300000,0.000580,0.003419,0.000107,0.000009
-0.120453,-0.032353,0.812421,0.003735,-0.001327,0.753097,0.657898,-0.176796,-0.013524,0.017865,0.273710,-0.095122,0.018349,-0.281967,-0.049883,0.005400,0.569227,-0.231896,0.042555,-0.000531,0.002159,0.300000,-0.000491,0.003476,-0.000107,0.003485,-0.300000,0.000607,0.003393,0.000107,0.000012
-0.117354,-0.033788,0.812277,0.004065,-0.000487,0.756027,0.654528,-0.182387,-0.013161,0.008071,0.274434,-0.090956,0.015139,-0.291292,-0.046228,0.010640,0.587929,-0.240265,0.042219,-0.000663,0.002125,0.300000,-0.000470,0.003446,-0.000106,0.003440,-0.300000,0.000623,0.003368,0.000106,0.000015
-0.112576,-0.035257,0.811812,0.003781,0.000747,0.759027,0.651048,-0.194032,-0.010520,-0.004026,0.282053,-0.089263,0.009385,-0.291368,-0.042558,0.017165,0.587360,-0.243129,0.041868,-0.000804,0.002078,0.300000,-0.000452,0.003403,-0.000105,0.003388,-0.300000,0.000636,0.003334,0.000105,0.000017
-0.106184,-0.036699,0.810813,0.003222,0.002347,0.762179,0.647354,-0.211961,-0.006357,-0.018758,0.298085,-0.090760,0.001353,-0.279236,-0.038705,0.025757,0.559130,-0.243528,0.041460,-0.001100,0.002034,0.300000,-0.000437,0.003371,-0.000104,0.003360,-0.300000,0.000647,0.003324,0.000105,0.000019
-0.098412,-0.037915,0.808814,-0.003381,-0.004464,-0.765569,-0.643330,-0.235491,-0.002871,-0.035943,0.324647,-0.097192,-0.008513,-0.246878,-0.035540,0.036672,0.484657,-0.243136,0.041141,-0.001619,0.002017,0.300000,-0.000433,0.003370,-0.000104,0.003367,-0.300000,0.000652,0.003343,0.000105,0.000023
-0.089882,-0.038718,0.805917,-0.005212,-0.007593,-0.768586,-0.639680,-0.258648,-0.002433,-0.051636,0.354251,-0.105948,-0.019328,-0.201768,-0.034272,0.042137,0.378266,-0.198717,0.030250,-0.001225,0.002176,0.300000,-0.000434,0.003450,-0.000105,0.003444,-0.300000,0.000657,0.003390,0.000106,0.000028
-0.080304,-0.038099,0.807241,0.003869,0.003989,0.771805,0.635835,-0.256469,0.015989,-0.065668,0.346043,-0.099316,-0.032920,-0.179115,-0.015248,0.024734,0.340822,-0.162913,0.007646,-0.000636,0.002428,0.300000,-0.000412,0.003607,-0.000109,0.004810,-0.300000,0.000699,0.003639,0.000112,0.000005
-0.072298,-0.037240,0.810101,0.001329,0.001517,0.774681,0.632350,-0.244775,0.034063,-0.071620,0.316088,-0.085761,-0.042422,-0.158440,0.001384,0.006803,0.304712,-0.149675,-0.006293,0.000005,0.002574,0.300000,-0.000419,0.003672,-0.000110,0.004977,-0.300000,0.000696,0.003661,0.000112,0.000007
-0.066382,-0.036572,0.812147,0.000375,-0.000504,-0.777612,-0.628745,-0.246287,0.048697,-0.062207,0.316672,-0.085286,-0.042697,-0.138218,0.011764,-0.009561,0.267458,-0.134670,-0.015142,0.000164,0.002612,0.300000,-0.000448,0.003702,-0.000111,0.005004,-0.300000,0.000678,0.003697,0.000112,0.000006
-0.062727,-0.036316,0.813232,-0.001091,0.000166,0.781052,0.624466,-0.263816,0.054231,-0.047273,0.364535,-0.101394,-0.039746,-0.123214,0.016380,-0.025103,0.240958,-0.123921,-0.019834,0.000128,0.002557,0.300000,-0.000490,0.003667,-0.000111,0.005044,-0.300000,0.000641,0.003749,0.000112,0.000000
-0.060853,-0.036370,0.813662,-0.001696,-0.000028,0.784772,0.619782,-0.286064,0.054833,-0.034133,0.429459,-0.132992,-0.038700,-0.114775,0.018061,-0.039635,0.226597,-0.118635,-0.021743,0.000172,0.002540,0.300000,-0.000537,0.003651,-0.000111,0.005067,-0.300000,0.000594,0.003788,0.000112,-0.000005
-0.060405,-0.036584,0.813636,-0.002438,-0.000368,0.788342,0.615232,-0.304986,0.055372,-0.020059,0.489991,-0.164598,-0.037999,-0.111479,0.018243,-0.052287,0.221804,-0.117812,-0.021941,0.000462,0.002574,0.300000,-0.000578,0.003668,-0.000111,0.005037,-0.300000,0.000547,0.003790,0.000112,-0.000008
-0.061397,-0.037024,0.813390,-0.003394,-0.000788,0.791518,0.611136,-0.319404,0.057487,-0.006799,0.540212,-0.191286,-0.036311,-0.111138,0.016921,-0.062779,0.221832,-0.118981,-0.020194,0.001119,0.002624,0.300000,-0.000598,0.003698,-0.000111,0.004974,-0.300000,0.000520,0.003770,0.000112,-0.000009
-0.064045,-0.037756,0.813057,-0.004205,-0.001096,0.794368,0.607421,-0.328342,0.060672,0.004143,0.575806,-0.212639,-0.033367,-0.112816,0.012812,-0.071485,0.225787,-0.121851,-0.015748,0.001770,0.002669,0.300000,-0.000616,0.003729,-0.000112,0.004896,-0.300000,0.000502,0.003740,0.000111,-0.000010
-0.068326,-0.038889,0.812515,-0.004872,-0.001121,0.797034,0.603913,-0.331270,0.063857,0.013635,0.592507,-0.227190,-0.030856,-0.118299,0.005427,-0.078381,0.236455,-0.127643,-0.008839,0.002086,0.002690,0.300000,-0.000632,0.003742,-0.000112,0.004814,-0.300000,0.000484,0.003704,0.000111,-0.000010
-0.074168,-0.040433,0.811567,-0.005604,-0.001186,0.799711,0.600358,-0.327661,0.066311,0.022735,0.587204,-0.232108,-0.029836,-0.127623,-0.004486,-0.084081,0.254285,-0.136686,0.000397,0.002187,0.002679,0.300000,-0.000646,0.003733,-0.000112,0.004770,-0.300000,0.000469,0.003698,0.000110,-0.000014
-0.081590,-0.042109,0.809934,-0.006156,-0.002206,0.802379,0.596779,-0.308560,0.066850,0.032545,0.544610,-0.232119,-0.029248,-0.138340,-0.015691,-0.089203,0.278812,-0.149314,0.011900,0.002287,0.002711,0.300000,-0.000656,0.003762,-0.000113,0.004774,-0.300000,0.000462,0.003739,0.000111,-0.000019
-0.090151,-0.043684,0.807082,-0.007429,-0.005423,0.805043,0.593145,-0.267372,0.066639,0.040207,0.449266,-0.223758,-0.028809,-0.150132,-0.024207,-0.094260,0.310194,-0.165943,0.024704,0.002396,0.002744,0.300000,-0.000654,0.003777,-0.000113,0.004797,-0.300000,0.000467,0.003790,0.000112,-0.000028
-0.099843,-0.045258,0.805085,-0.007109,-0.007892,0.807577,0.589667,-0.234758,0.055373,0.041494,0.378367,-0.148492,-0.018242,-0.157599,-0.037199,-0.096383,0.336997,-0.177638,0.038042,0.002274,0.002840,0.300000,-0.000677,0.003912,-0.000116,0.004745,-0.300000,0.000446,0.003815,0.000113,-0.000012
-0.109194,-0.047036,0.807314,0.002624,0.005228,-0.810310,-0.585972,-0.218798,0.029219,0.041921,0.360608,-0.142171,-0.002517,-0.159397,-0.060632,-0.079571,0.348805,-0.170597,0.044233,0.001087,0.002753,0.300000,-0.000693,0.003890,-0.000117,0.004555,-0.300000,0.000432,0.003752,0.000113,0.000000
-0.115352,-0.048836,0.809400,0.000380,0.003776,-0.812737,-0.582619,-0.204160,0.012403,0.040758,0.337690,-0.134030,0.007828,-0.178243,-0.067313,-0.043980,0.384327,-0.170408,0.044489,0.000758,0.002560,0.300000,-0.000669,0.003735,-0.000113,0.004050,-0.300000,0.000448,0.003612,0.000110,0.000001
-0.118950,-0.050519,0.810932,-0.001152,0.002877,-0.815341,-0.578973,-0.190078,0.000864,0.037547,0.311749,-0.121561,0.014272,-0.206385,-0.063877,-0.019057,0.434874,-0.180681,0.044057,0.000198,0.002410,0.300000,-0.000632,0.003630,-0.000111,0.003885,-0.300000,0.000484,0.003529,0.000109,0.000003
-0.120472,-0.052065,0.811924,-0.002273,0.002279,-0.817942,-0.575292,-0.180024,-0.006526,0.032577,0.290571,-0.109725,0.017689,-0.235590,-0.057333,-0.007035,0.486260,-0.197234,0.043519,-0.000061,0.002293,0.300000,-0.000581,0.003545,-0.000109,0.003773,-0.300000,0.000532,0.003464,0.000108,0.000006
-0.120398,-0.053502,0.812365,0.003133,-0.001502,0.820545,0.571571,-0.176194,-0.011521,0.025788,0.278049,-0.100567,0.019005,-0.261857,-0.052135,-0.000220,0.533333,-0.216417,0.042951,-0.000224,0.002217,0.300000,-0.000528,0.003491,-0.000107,0.003689,-0.300000,0.000580,0.003417,0.000107,0.000009
-0.118760,-0.054615,0.812443,0.003833,-0.000786,0.823062,0.567938,-0.177129,-0.013823,0.017752,0.273102,-0.094356,0.018478,-0.280499,-0.048132,0.005196,0.569199,-0.231590,0.042537,-0.000322,0.002194,0.300000,-0.000491,0.003477,-0.000107,0.003625,-0.300000,0.000607,0.003392,0.000107,0.000012
-0.115429,-0.055352,0.812308,0.004036,0.000066,0.825585,0.564264,-0.182779,-0.013435,0.007931,0.273792,-0.090123,0.015308,-0.289780,-0.044723,0.010630,0.587819,-0.240228,0.042191,-0.000458,0.002157,0.300000,-0.000471,0.003446,-0.000106,0.003577,-0.300000,0.000623,0.003366,0.000106,0.000015
-0.110458,-0.055749,0.811850,0.003602,0.001228,0.828168,0.560468,-0.194469,-0.010772,-0.004192,0.281432,-0.088391,0.009598,-0.289893,-0.041406,0.017371,0.587113,-0.243268,0.041835,-0.000606,0.002108,0.300000,-0.000452,0.003402,-0.000105,0.003522,-0.300000,0.000636,0.003332,0.000105,0.000017
-0.103921,-0.055763,0.810853,0.002861,0.002720,0.830881,0.556437,-0.212469,-0.006608,-0.018959,0.297545,-0.089868,0.001617,-0.277892,-0.037947,0.026135,0.558768,-0.243681,0.041426,-0.000916,0.002061,0.300000,-0.000438,0.003369,-0.000104,0.003491,-0.300000,0.000646,0.003321,0.000105,0.000019
-0.096092,-0.055250,0.808856,-0.002783,-0.004805,-0.833795,-0.552047,-0.236074,-0.003136,-0.036178,0.324200,-0.096277,-0.008196,-0.245729,-0.035146,0.037152,0.484282,-0.243292,0.041108,-0.001455,0.002042,0.300000,-0.000433,0.003367,-0.000104,0.003495,-0.300000,0.000651,0.003339,0.000105,0.000023
-0.087623,-0.054190,0.805904,-0.004289,-0.008217,-0.836394,-0.548050,-0.259602,-0.003041,-0.051945,0.354239,-0.105126,-0.018915,-0.200358,-0.034530,0.043201,0.376370,-0.199811,0.031839,-0.001108,0.002180,0.300000,-0.000435,0.003443,-0.000105,0.003553,-0.300000,0.000655,0.003382,0.000106,0.000028
-0.078422,-0.051484,0.807178,0.003452,0.004527,0.839161,0.543853,-0.257668,0.015157,-0.066015,0.346528,-0.098646,-0.032458,-0.178068,-0.015702,0.026119,0.339033,-0.161791,0.008981,-0.000481,0.002440,0.300000,-0.000411,0.003603,-0.000109,0.004955,-0.300000,0.000699,0.003636,0.000112,0.000004
-0.070785,-0.048856,0.810099,0.001216,0.001662,0.841661,0.540003,-0.245640,0.033535,-0.071847,0.316145,-0.084933,-0.041933,-0.157561,0.001165,0.008048,0.303550,-0.149064,-0.005650,0.000102,0.002592,0.300000,-0.000418,0.003670,-0.000110,0.005144,-0.300000,0.000697,0.003663,0.000112,0.000007
-0.065151,-0.046893,0.812188,0.000392,-0.000443,-0.844175,-0.536067,-0.246776,0.048689,-0.062473,0.315992,-0.084358,-0.042157,-0.137449,0.011624,-0.008349,0.266377,-0.134174,-0.014764,0.000251,0.002635,0.300000,-0.000447,0.003701,-0.000111,0.005165,-0.300000,0.000678,0.003694,0.000112,0.000006
-0.061643,-0.045849,0.813297,-0.001070,0.000060,0.847095,0.531440,-0.264278,0.054783,-0.047560,0.364043,-0.100356,-0.039287,-0.122539,0.016180,-0.023818,0.239864,-0.123427,-0.019527,0.000216,0.002581,0.300000,-0.000489,0.003668,-0.000111,0.005203,-0.300000,0.000642,0.003745,0.000112,0.000000
-0.059812,-0.045510,0.813735,-0.001642,-0.000149,0.850259,0.526362,-0.286559,0.055703,-0.034513,0.429339,-0.132193,-0.038292,-0.114262,0.017725,-0.038297,0.225635,-0.118160,-0.021409,0.000254,0.002564,0.300000,-0.000537,0.003651,-0.000111,0.005226,-0.300000,0.000594,0.003786,0.000112,-0.000005
-0.059332,-0.045646,0.813706,-0.002344,-0.000551,0.853295,0.521424,-0.305428,0.056362,-0.020538,0.490006,-0.164084,-0.037625,-0.111126,0.017853,-0.050918,0.221025,-0.117381,-0.021592,0.000541,0.002597,0.300000,-0.000578,0.003667,-0.000111,0.005195,-0.300000,0.000547,0.003789,0.000112,-0.000008
-0.060198,-0.046315,0.813448,-0.003260,-0.001106,0.855991,0.516980,-0.319713,0.058513,-0.007258,0.540217,-0.190941,-0.036124,-0.110830,0.016593,-0.061422,0.221131,-0.118577,-0.019843,0.001189,0.002648,0.300000,-0.000598,0.003699,-0.000112,0.005131,-0.300000,0.000520,0.003770,0.000112,-0.000009
-0.062614,-0.047647,0.813095,-0.004054,-0.001540,0.858402,0.512960,-0.328539,0.061567,0.003746,0.575788,-0.212280,-0.033427,-0.112638,0.012562,-0.070104,0.225285,-0.121526,-0.015392,0.001851,0.002692,0.300000,-0.000616,0.003729,-0.000112,0.005050,-0.300000,0.000502,0.003740,0.000111,-0.000010
-0.066535,-0.049742,0.812533,-0.004743,-0.001674,0.860655,0.509163,-0.331420,0.064515,0.013321,0.592518,-0.226791,-0.031079,-0.118272,0.005248,-0.076980,0.236163,-0.127403,-0.008467,0.002167,0.002713,0.300000,-0.000632,0.003742,-0.000112,0.004966,-0.300000,0.000484,0.003704,0.000111,-0.000011
-0.071892,-0.052591,0.811566,-0.005479,-0.001850,0.862914,0.505318,-0.327769,0.066689,0.022517,0.587265,-0.231734,-0.030090,-0.127700,-0.004624,-0.082670,0.254164,-0.136520,0.000799,0.002267,0.002703,0.300000,-0.000646,0.003734,-0.000112,0.004919,-0.300000,0.000469,0.003698,0.000110,-0.000014
-0.078761,-0.055924,0.809915,-0.005918,-0.002963,0.865159,0.501453,-0.308606,0.067075,0.032481,0.544671,-0.231758,-0.029497,-0.138444,-0.015782,-0.087797,0.278781,-0.149195,0.012334,0.002367,0.002734,0.300000,-0.000656,0.003764,-0.000113,0.004922,-0.300000,0.000462,0.003739,0.000111,-0.000019
-0.086765,-0.059415,0.807046,-0.006820,-0.006338,0.867396,0.497532,-0.267292,0.066794,0.040199,0.449173,-0.223313,-0.028913,-0.150250,-0.024257,-0.092870,0.310238,-0.165871,0.025170,0.002471,0.002768,0.300000,-0.000654,0.003779,-0.000113,0.004943,-0.300000,0.000467,0.003790,0.000112,-0.000028
-0.095879,-0.063155,0.805086,-0.006181,-0.008691,0.869551,0.493728,-0.234706,0.055292,0.041951,0.379102,-0.146545,-0.017250,-0.157616,-0.037420,-0.094869,0.336856,-0.177516,0.038323,0.002240,0.002862,0.300000,-0.000678,0.003913,-0.000116,0.004885,-0.300000,0.000446,0.003816,0.000113,-0.000012
-0.104575,-0.067015,0.807331,0.002069,0.005518,-0.871909,-0.489633,-0.218416,0.029108,0.042315,0.360749,-0.141714,-0.002027,-0.159738,-0.060727,-0.077118,0.348827,-0.170346,0.044863,0.000876,0.002770,0.300000,-0.000693,0.003887,-0.000117,0.004683,-0.300000,0.000432,0.003751,0.000113,0.000000
-0.110141,-0.070166,0.809420,0.000021,0.003828,-0.873948,-0.486005,-0.203624,0.012346,0.041155,0.337577,-0.134225,0.008093,-0.179041,-0.066805,-0.041823,0.384477,-0.170217,0.045231,0.000546,0.002580,0.300000,-0.000669,0.003734,-0.000113,0.004134,-0.300000,0.000448,0.003613,0.000110,0.000001
-0.113265,-0.072624,0.810936,-0.001426,0.002752,-0.876117,-0.482089,-0.189458,0.000769,0.037978,0.311615,-0.122031,0.014480,-0.207454,-0.063060,-0.017722,0.434911,-0.180400,0.044793,0.000054,0.002431,0.300000,-0.000632,0.003630,-0.000111,0.003963,-0.300000,0.000484,0.003529,0.000109,0.000003
-0.114407,-0.074481,0.811913,-0.002505,0.002013,-0.878283,-0.478130,-0.179409,-0.006698,0.033018,0.290549,-0.110311,0.017908,-0.236859,-0.056342,-0.006246,0.486227,-0.196942,0.044244,-0.000178,0.002315,0.300000,-0.000581,0.003547,-0.000109,0.003849,-0.300000,0.000532,0.003464,0.000108,0.000006
-0.114025,-0.075867,0.812344,0.003301,-0.001132,0.880445,0.474136,-0.175575,-0.011755,0.026260,0.278132,-0.101222,0.019247,-0.263247,-0.051080,0.000222,0.533312,-0.216054,0.043664,-0.000334,0.002241,0.300000,-0.000528,0.003494,-0.000107,0.003763,-0.300000,0.000580,0.003417,0.000107,0.000009
-0.112196,-0.076576,0.812415,0.003938,-0.000341,0.882527,0.470245,-0.176486,-0.014087,0.018268,0.273270,-0.095078,0.018741,-0.281889,-0.047115,0.005417,0.569236,-0.231105,0.043238,-0.000429,0.002219,0.300000,-0.000491,0.003481,-0.000107,0.003699,-0.300000,0.000607,0.003391,0.000107,0.000012
-0.108811,-0.076532,0.812279,0.004057,0.000525,0.884612,0.466309,-0.182088,-0.013715,0.008491,0.273996,-0.090899,0.015598,-0.291017,-0.043845,0.010718,0.587884,-0.239680,0.042878,-0.000564,0.002184,0.300000,-0.000471,0.003451,-0.000106,0.003652,-0.300000,0.000623,0.003367,0.000106,0.000015
-0.103909,-0.075787,0.811821,0.003482,0.001642,0.886743,0.462246,-0.193796,-0.011084,-0.003606,0.281677,-0.089213,0.009923,-0.290959,-0.040731,0.017432,0.587183,-0.242703,0.042507,-0.000710,0.002134,0.300000,-0.000452,0.003405,-0.000105,0.003596,-0.300000,0.000636,0.003332,0.000105,0.000017
-0.097577,-0.074311,0.810827,0.002568,0.003047,0.888979,0.457930,-0.211784,-0.006949,-0.018357,0.297810,-0.090734,0.001982,-0.278687,-0.037489,0.026246,0.558770,-0.243117,0.042088,-0.001019,0.002088,0.300000,-0.000438,0.003373,-0.000104,0.003565,-0.300000,0.000646,0.003322,0.000105,0.000019
-0.090107,-0.072027,0.808835,-0.002243,-0.005114,-0.891374,-0.453233,-0.235356,-0.003498,-0.035559,0.324467,-0.097184,-0.007791,-0.246286,-0.034895,0.037327,0.484308,-0.242733,0.041762,-0.001550,0.002069,0.300000,-0.000433,0.003371,-0.000104,0.003569,-0.300000,0.000651,0.003341,0.000105,0.000023
-0.082127,-0.069035,0.805952,-0.003306,-0.008529,-0.893487,-0.448996,-0.258556,-0.003028,-0.051262,0.354148,-0.105945,-0.018536,-0.201238,-0.033933,0.042810,0.378171,-0.198735,0.030829,-0.001152,0.002225,0.300000,-0.000435,0.003451,-0.000105,0.003639,-0.300000,0.000657,0.003388,0.000106,0.000027
-0.073832,-0.064307,0.807267,0.002832,0.004731,0.895750,0.444524,-0.256465,0.015269,-0.065281,0.346100,-0.099349,-0.032069,-0.178477,-0.015057,0.025372,0.340528,-0.163194,0.007910,-0.000576,0.002473,0.300000,-0.000412,0.003609,-0.000109,0.004961,-0.300000,0.000699,0.003636,0.000112,0.000005
-0.067042,-0.060045,0.810112,0.000933,0.001766,0.897778,0.440444,-0.244829,0.033308,-0.071108,0.316228,-0.085632,-0.041456,-0.157780,0.001462,0.007389,0.304351,-0.149951,-0.006152,0.000002,0.002616,0.300000,-0.000419,0.003672,-0.000110,0.005119,-0.300000,0.000696,0.003658,0.000112,0.000007
-0.062017,-0.056867,0.812142,0.000507,-0.000389,-0.899848,-0.436204,-0.246662,0.048485,-0.061579,0.315789,-0.084890,-0.041825,-0.137634,0.011823,-0.009074,0.267162,-0.134964,-0.015053,0.000131,0.002650,0.300000,-0.000448,0.003700,-0.000111,0.005144,-0.300000,0.000678,0.003694,0.000112,0.000006
-0.058859,-0.055048,0.813222,-0.001030,-0.000111,0.902216,0.431283,-0.264824,0.054650,-0.047073,0.363178,-0.100757,-0.039273,-0.122532,0.016337,-0.024566,0.240802,-0.124269,-0.019723,0.000112,0.002604,0.300000,-0.000490,0.003673,-0.000111,0.005180,-0.300000,0.000642,0.003747,0.000112,0.000000
-0.057182,-0.054286,0.813651,-0.001466,-0.000444,0.904759,0.425920,-0.287581,0.055679,-0.034113,0.428199,-0.132519,-0.038354,-0.113962,0.017886,-0.039046,0.226610,-0.119083,-0.021584,0.000159,0.002591,0.300000,-0.000537,0.003659,-0.000111,0.005202,-0.300000,0.000595,0.003787,0.000113,-0.000005
-0.056722,-0.054288,0.813625,-0.002052,-0.000951,0.907189,0.420717,-0.306766,0.056382,-0.020063,0.488869,-0.164240,-0.037684,-0.110557,0.017995,-0.051662,0.221878,-0.118319,-0.021748,0.000449,0.002627,0.300000,-0.000578,0.003677,-0.000111,0.005173,-0.300000,0.000547,0.003790,0.000112,-0.000008
-0.057456,-0.055112,0.813371,-0.002897,-0.001593,0.909340,0.416040,-0.321198,0.058536,-0.006597,0.539238,-0.190787,-0.036132,-0.110186,0.016694,-0.062125,0.221919,-0.119538,-0.019961,0.001095,0.002679,0.300000,-0.000598,0.003707,-0.000112,0.005112,-0.300000,0.000520,0.003770,0.000112,-0.000009
-0.059559,-0.056914,0.813026,-0.003670,-0.002091,0.911267,0.411794,-0.329911,0.061596,0.004545,0.575020,-0.211759,-0.033276,-0.111884,0.012640,-0.070816,0.225868,-0.122466,-0.015479,0.001714,0.002728,0.300000,-0.000616,0.003739,-0.000112,0.005037,-0.300000,0.000502,0.003743,0.000111,-0.000010
-0.062960,-0.059787,0.812474,-0.004409,-0.002271,0.913067,0.407780,-0.332570,0.064549,0.014102,0.592014,-0.226017,-0.030705,-0.117430,0.005332,-0.077705,0.236471,-0.128297,-0.008535,0.002004,0.002749,0.300000,-0.000632,0.003751,-0.000112,0.004957,-0.300000,0.000484,0.003708,0.000111,-0.000010
-0.067595,-0.063709,0.811519,-0.005205,-0.002494,0.914868,0.403712,-0.328652,0.066697,0.023105,0.586989,-0.230924,-0.029603,-0.126781,-0.004525,-0.083403,0.254193,-0.137376,0.000746,0.002101,0.002739,0.300000,-0.000646,0.003744,-0.000112,0.004915,-0.300000,0.000469,0.003705,0.000110,-0.000014
-0.073598,-0.068436,0.809875,-0.005592,-0.003618,0.916655,0.399623,-0.309258,0.067061,0.032805,0.544632,-0.230965,-0.029007,-0.137454,-0.015665,-0.088536,0.278610,-0.150067,0.012294,0.002203,0.002772,0.300000,-0.000656,0.003774,-0.000113,0.004919,-0.300000,0.000462,0.003748,0.000111,-0.000019
-0.080676,-0.073567,0.807010,-0.006161,-0.007047,0.918427,0.395481,-0.267743,0.066763,0.040286,0.449268,-0.222645,-0.028434,-0.149166,-0.024132,-0.093612,0.309938,-0.166809,0.025147,0.002311,0.002807,0.300000,-0.000654,0.003791,-0.000113,0.004942,-0.300000,0.000468,0.003799,0.000112,-0.000028
-0.088780,-0.079191,0.805054,-0.005287,-0.009303,0.920148,0.391425,-0.235009,0.055281,0.041970,0.379238,-0.146177,-0.016999,-0.156463,-0.037275,-0.095423,0.336604,-0.178582,0.038112,0.002019,0.002897,0.300000,-0.000678,0.003924,-0.000116,0.004886,-0.300000,0.000447,0.003827,0.000114,-0.000012
-0.096444,-0.084835,0.807322,0.001553,0.005710,-0.922048,-0.387031,-0.218495,0.029150,0.042284,0.360871,-0.141809,-0.001950,-0.158709,-0.060528,-0.076687,0.348891,-0.171220,0.044559,0.000581,0.002800,0.300000,-0.000693,0.003896,-0.000117,0.004676,-0.300000,0.000433,0.003764,0.000113,0.000000
-0.101208,-0.089090,0.809426,-0.000293,0.003823,-0.923666,-0.383180,-0.203479,0.012458,0.041146,0.337613,-0.134542,0.008088,-0.178460,-0.066419,-0.041209,0.384670,-0.171189,0.044979,0.000260,0.002607,0.300000,-0.000669,0.003742,-0.000113,0.004081,-0.300000,0.000449,0.003624,0.000110,0.000001
-0.103756,-0.092126,0.810942,-0.001630,0.002599,-0.925380,-0.379029,-0.189129,0.000893,0.037985,0.311660,-0.122524,0.014448,-0.207305,-0.062636,-0.017193,0.435085,-0.181275,0.044546,-0.000196,0.002455,0.300000,-0.000632,0.003636,-0.000111,0.003905,-0.300000,0.000485,0.003539,0.000109,0.000003
-0.104513,-0.094135,0.811906,-0.002646,0.001740,-0.927090,-0.374826,-0.178975,-0.006603,0.033016,0.290740,-0.111015,0.017876,-0.237093,-0.055958,-0.005813,0.486278,-0.197637,0.044002,-0.000414,0.002339,0.300000,-0.000581,0.003552,-0.000109,0.003790,-0.300000,0.000533,0.003472,0.000108,0.000006
-0.103895,-0.095341,0.812320,0.003369,-0.000765,0.928788,0.370594,-0.175052,-0.011702,0.026266,0.278507,-0.102151,0.019219,-0.263806,-0.050777,0.000549,0.533264,-0.216539,0.043427,-0.000564,0.002266,0.300000,-0.000528,0.003499,-0.000107,0.003704,-0.300000,0.000581,0.003424,0.000107,0.000009
-0.102019,-0.095558,0.812378,0.003930,0.000105,0.930418,0.366480,-0.175887,-0.014064,0.018293,0.273803,-0.096212,0.018710,-0.282741,-0.046880,0.005696,0.569169,-0.231359,0.043006,-0.000654,0.002244,0.300000,-0.000491,0.003487,-0.000107,0.003641,-0.300000,0.000607,0.003398,0.000107,0.000012
-0.098800,-0.094682,0.812237,0.003960,0.000988,0.932043,0.362326,-0.181366,-0.013701,0.008550,0.274592,-0.092199,0.015557,-0.292072,-0.043657,0.010989,0.587822,-0.239725,0.042650,-0.000785,0.002209,0.300000,-0.000471,0.003457,-0.000106,0.003595,-0.300000,0.000623,0.003374,0.000106,0.000015
-0.094264,-0.092775,0.811775,0.003267,0.002037,0.933701,0.358032,-0.192954,-0.011065,-0.003530,0.282329,-0.090673,0.009870,-0.292103,-0.040585,0.017713,0.587102,-0.242614,0.042284,-0.000929,0.002159,0.300000,-0.000452,0.003411,-0.000105,0.003541,-0.300000,0.000636,0.003339,0.000105,0.000017
-0.088500,-0.089832,0.810781,0.002187,0.003340,0.935435,0.353476,-0.210851,-0.006924,-0.018270,0.298499,-0.092348,0.001915,-0.279894,-0.037391,0.026563,0.558660,-0.243012,0.041869,-0.001225,0.002112,0.300000,-0.000438,0.003378,-0.000104,0.003512,-0.300000,0.000647,0.003329,0.000105,0.000019
-0.081819,-0.085861,0.808774,-0.001598,-0.005406,-0.937272,-0.348553,-0.234477,-0.003534,-0.035403,0.325346,-0.099011,-0.007834,-0.247483,-0.034991,0.037779,0.483691,-0.242251,0.041543,-0.001709,0.002093,0.300000,-0.000433,0.003375,-0.000104,0.003510,-0.300000,0.000651,0.003342,0.000105,0.000023
-0.075228,-0.081892,0.805499,-0.002220,-0.010394,-0.938241,-0.345819,-0.259445,-0.006295,-0.046767,0.357390,-0.109152,-0.016944,-0.206755,-0.039783,0.045183,0.376770,-0.184939,0.031561,0.001229,0.002215,0.300000,-0.000438,0.003463,-0.000105,0.003477,-0.300000,0.000652,0.003309,0.000105,0.000032
-0.068856,-0.076776,0.806247,-0.002092,-0.006884,-0.938723,-0.344597,-0.262147,0.011186,-0.054124,0.359338,-0.108222,-0.027544,-0.198371,-0.022116,0.037810,0.361756,-0.165936,0.012794,0.006735,0.002399,0.300000,-0.000424,0.003626,-0.000109,0.003987,-0.300000,0.000687,0.003527,0.000111,0.000008
-0.063809,-0.072885,0.807568,-0.000727,-0.003101,-0.938725,-0.344654,-0.262361,0.028488,-0.057091,0.354367,-0.104947,-0.034375,-0.194164,-0.004728,0.033043,0.352779,-0.163741,0.001341,0.012775,0.002530,0.300000,-0.000432,0.003686,-0.000109,0.003910,-0.300000,0.000677,0.003462,0.000110,0.000010
-0.059957,-0.070489,0.807934,-0.000970,0.000276,0.938517,0.345231,-0.271390,0.041522,-0.057767,0.363560,-0.105998,-0.036668,-0.192882,0.008582,0.031105,0.345012,-0.159407,-0.006002,0.017290,0.002643,0.300000,-0.000457,0.003748,-0.000110,0.003771,-0.300000,0.000654,0.003375,0.000108,0.000013
-0.057149,-0.068957,0.807334,-0.001856,-0.002716,0.938345,0.345685,-0.278638,0.053129,-0.058824,0.373354,-0.108709,-0.049168,-0.193433,0.019654,0.029636,0.344442,-0.158020,-0.011264,0.018877,0.002796,0.300000,-0.000494,0.003866,-0.000112,0.003677,-0.300000,0.000623,0.003350,0.000108,0.000016
-0.055191,-0.068063,0.806512,0.001762,0.005173,-0.938144,-0.346202,-0.285656,0.061086,-0.060761,0.386613,-0.114159,-0.054920,-0.194429,0.027421,0.028865,0.348073,-0.158892,-0.014754,0.018918,0.002891,0.300000,-0.000534,0.003946,-0.000113,0.003624,-0.300000,0.000584,0.003348,0.000108,0.000019
-0.053906,-0.067589,0.805792,0.001366,0.007101,-0.937846,-0.346976,-0.292485,0.066575,-0.061953,0.401036,-0.120339,-0.055114,-0.195232,0.032914,0.028959,0.352102,-0.160195,-0.016894,0.018778,0.002953,0.300000,-0.000556,0.003984,-0.000114,0.003619,-0.300000,0.000563,0.003365,0.000109,0.000020
-0.053243,-0.067496,0.805175,0.001218,0.008476,-0.937594,-0.347626,-0.298108,0.070229,-0.062496,0.412360,-0.125403,-0.055335,-0.196951,0.036464,0.029328,0.356580,-0.161774,-0.017906,0.018265,0.002993,0.300000,-0.000565,0.003998,-0.000114,0.003641,-0.300000,0.000555,0.003389,0.000109,0.000019
-0.053160,-0.067684,0.804682,0.001330,0.009171,-0.937475,-0.347930,-0.302672,0.071748,-0.062874,0.420556,-0.129185,-0.055398,-0.199554,0.037900,0.029634,0.361454,-0.163836,-0.018155,0.017002,0.003036,0.300000,-0.000571,0.004013,-0.000114,0.003674,-0.300000,0.000551,0.003421,0.000109,0.000019
-0.053514,-0.067995,0.804308,0.001776,0.009372,-0.937426,-0.348054,-0.306683,0.071906,-0.063096,0.426510,-0.132093,-0.055155,-0.202722,0.038025,0.030030,0.366026,-0.165981,-0.017865,0.015412,0.003072,0.300000,-0.000572,0.004023,-0.000114,0.003708,-0.300000,0.000551,0.003452,0.000109,0.000019
-0.054134,-0.068274,0.804038,0.002585,0.009346,-0.937351,-0.348252,-0.310492,0.071720,-0.063033,0.431123,-0.134575,-0.054684,-0.205996,0.037818,0.030726,0.369560,-0.167746,-0.017230,0.014069,0.003099,0.300000,-0.000571,0.004028,-0.000114,0.003735,-0.300000,0.000554,0.003481,0.000109,0.000018
-0.054970,-0.068496,0.803853,-0.003553,-0.008997,0.937294,0.348405,-0.313706,0.070834,-0.062748,0.434219,-0.136483,-0.053898,-0.209375,0.036925,0.031530,0.372709,-0.169559,-0.016233,0.012810,0.003113,0.300000,-0.000569,0.004030,-0.000114,0.003756,-0.300000,0.000557,0.003509,0.000110,0.000018
-0.055967,-0.068647,0.803719,-0.004481,-0.008417,0.937283,0.348440,-0.316094,0.069331,-0.062325,0.436138,-0.137979,-0.052837,-0.212550,0.035398,0.032199,0.375785,-0.171618,-0.015044,0.011603,0.003110,0.300000,-0.000567,0.004026,-0.000114,0.003773,-0.300000,0.000562,0.003539,0.000110,0.000018
-0.057060,-0.068724,0.803614,-0.005263,-0.007727,0.937296,0.348410,-0.317614,0.067500,-0.061711,0.437256,-0.139251,-0.051700,-0.215302,0.033486,0.032743,0.378828,-0.173886,-0.013803,0.010660,0.003091,0.300000,-0.000564,0.004014,-0.000114,0.003780,-0.300000,0.000566,0.003565,0.000110,0.000017
-0.058184,-0.068723,0.803526,-0.005823,-0.007045,0.937294,0.348419,-0.318200,0.065675,-0.060732,0.437848,-0.140467,-0.050613,-0.217364,0.031469,0.033251,0.381646,-0.176210,-0.012608,0.010242,0.003059,0.300000,-0.000560,0.003995,-0.000114,0.003774,-0.300000,0.000571,0.003585,0.000111,0.000016
-0.059263,-0.068657,0.803448,-0.006238,-0.006439,0.937290,0.348434,-0.318321,0.064052,-0.059651,0.438280,-0.141687,-0.049649,-0.218838,0.029595,0.033650,0.384089,-0.178429,-0.011534,0.010058,0.003022,0.300000,-0.000555,0.003973,-0.000114,0.003743,-0.300000,0.000577,0.003586,0.000111,0.000015
-0.060239,-0.068545,0.803377,-0.006588,-0.005942,0.937284,0.348454,-0.318343,0.062755,-0.058623,0.438750,-0.142891,-0.048845,-0.219905,0.028026,0.033939,0.386083,-0.180401,-0.010622,0.009907,0.002983,0.300000,-0.000549,0.003947,-0.000113,0.003694,-0.300000,0.000582,0.003574,0.000111,0.000015
-0.061087,-0.068404,0.803315,-0.006872,-0.005567,0.937268,0.348499,-0.318293,0.061825,-0.057629,0.439256,-0.144037,-0.048180,-0.220575,0.026803,0.034133,0.387580,-0.182047,-0.009878,0.009765,0.002939,0.300000,-0.000544,0.003920,-0.000113,0.003636,-0.300000,0.000586,0.003557,0.000110,0.000015
-0.061805,-0.068259,0.803265,-0.007083,-0.005303,0.937242,0.348567,-0.318161,0.061205,-0.056652,0.439750,-0.145078,-0.047619,-0.220896,0.025871,0.034245,0.388623,-0.183365,-0.009243,0.009627,0.002891,0.300000,-0.000539,0.003891,-0.000112,0.003574,-0.300000,0.000590,0.003536,0.000110,0.000015
-0.062399,-0.068140,0.803227,-0.007209,-0.005104,0.937207,0.348661,-0.317874,0.060765,-0.055629,0.440084,-0.145934,-0.047149,-0.221009,0.025093,0.034324,0.389403,-0.184414,-0.008696,0.009493,0.002841,0.300000,-0.000535,0.003861,-0.000112,0.003510,-0.300000,0.000593,0.003514,0.000110,0.000015
-0.062869,-0.068069,0.803194,-0.007246,-0.004949,0.937165,0.348777,-0.317498,0.060428,-0.054571,0.440321,-0.146610,-0.046755,-0.221059,0.024405,0.034396,0.390112,-0.185266,-0.008226,0.009360,0.002789,0.300000,-0.000531,0.003830,-0.000112,0.003444,-0.300000,0.000595,0.003491,0.000109,0.000015
-0.063227,-0.068050,0.803160,-0.007200,-0.004844,0.937116,0.348910,-0.317075,0.060187,-0.053502,0.440544,-0.147163,-0.046419,-0.221062,0.023803,0.034460,0.390801,-0.185958,-0.007820,0.009228,0.002738,0.300000,-0.000528,0.003800,-0.000111,0.003381,-0.300000,0.000597,0.003469,0.000109,0.000014
-0.063488,-0.068083,0.803124,-0.007076,-0.004782,0.937064,0.349053,-0.316612,0.060015,-0.052435,0.440769,-0.147603,-0.046128,-0.221031,0.023265,0.034513,0.391500,-0.186533,-0.007463,0.009098,0.002689,0.300000,-0.000525,0.003771,-0.000111,0.003322,-0.300000,0.000599,0.003450,0.000109,0.000014
-0.063666,-0.068164,0.803086,-0.006887,-0.004758,0.937012,0.349196,-0.316134,0.059894,-0.051393,0.441003,-0.147937,-0.045871,-0.220975,0.022778,0.034546,0.392201,-0.186999,-0.007144,0.008966,0.002643,0.300000,-0.000522,0.003745,-0.000110,0.003268,-0.300000,0.000601,0.003434,0.000109,0.000014
-0.063778,-0.068284,0.803049,-0.006662,-0.004764,0.936963,0.349333,-0.315678,0.059816,-0.050397,0.441244,-0.148181,-0.045639,-0.220905,0.022341,0.034555,0.392870,-0.187359,-0.006854,0.008836,0.002602,0.300000,-0.000520,0.003721,-0.000110,0.003219,-0.300000,0.000603,0.003421,0.000108,0.000013
-0.063842,-0.068434,0.803014,-0.006421,-0.004792,0.936919,0.349456,-0.315271,0.059762,-0.049471,0.441489,-0.148346,-0.045423,-0.220833,0.021940,0.034531,0.393483,-0.187621,-0.006583,0.008704,0.002565,0.300000,-0.000517,0.003700,-0.000110,0.003176,-0.300000,0.000604,0.003411,0.000108,0.000013
-0.063875,-0.068608,0.802982,-0.006184,-0.004833,0.936882,0.349557,-0.314935,0.059715,-0.048632,0.441733,-0.148444,-0.045212,-0.220766,0.021566,0.034469,0.394021,-0.187798,-0.006322,0.008574,0.002532,0.300000,-0.000515,0.003681,-0.000109,0.003138,-0.300000,0.000605,0.003404,0.000108,0.000013
-0.063894,-0.068799,0.802955,-0.005970,-0.004884,0.936854,0.349636,-0.314687,0.059672,-0.047883,0.441975,-0.148494,-0.045001,-0.220710,0.021217,0.034373,0.394463,-0.187902,-0.006063,0.008445,0.002503,0.300000,-0.000514,0.003664,-0.000109,0.003106,-0.300000,0.000607,0.003400,0.000108,0.000012
-0.063912,-0.068998,0.802933,-0.005789,-0.004939,0.936832,0.349696,-0.314528,0.059632,-0.047211,0.442212,-0.148514,-0.044785,-0.220666,0.020890,0.034248,0.394799,-0.187944,-0.005801,0.008318,0.002479,0.300000,-0.000512,0.003651,-0.000109,0.003077,-0.300000,0.000608,0.003397,0.000108,0.000012
-0.063941,-0.069198,0.802915,-0.005636,-0.004993,0.936812,0.349751,-0.314408,0.059590,-0.046569,0.442433,-0.148527,-0.044564,-0.220628,0.020570,0.034117,0.395066,-0.187952,-0.005532,0.008197,0.002460,0.300000,-0.000511,0.003641,-0.000109,0.003050,-0.300000,0.000609,0.003397,0.000108,0.000012
-0.063987,-0.069390,0.802899,-0.005505,-0.005041,0.936792,0.349808,-0.314307,0.059545,-0.045932,0.442644,-0.148551,-0.044338,-0.220599,0.020249,0.033992,0.395303,-0.187958,-0.005254,0.008078,0.002444,0.086162,-0.000510,0.003634,-0.000109,0.003025,-0.103330,0.000611,0.003397,0.000108,0.000012
