0.572046,0.098056,0.802952,-0.003958,0.005165,0.124760,0.992166,-0.269790,0.048226,0.031638,0.434481,-0.184143,-0.022728,-0.223028,-0.056727,0.003324,0.392986,-0.188014,0.056675,-0.000344,0.000687,0.300000,-0.000533,0.003261,-0.000105,0.000717,-0.300000,0.000578,0.003295,0.000106,0.000003
0.572048,0.098055,0.802951,-0.003958,0.005165,0.124792,0.992162,-0.269821,0.048245,0.031644,0.434492,-0.184125,-0.022742,-0.222991,-0.056739,0.003325,0.392970,-0.188035,0.056689,-0.000344,0.000687,0.300000,-0.000533,0.003261,-0.000105,0.000717,-0.300000,0.000578,0.003295,0.000106,0.000003
0.572050,0.098053,0.802951,-0.003959,0.005166,0.124823,0.992158,-0.269852,0.048265,0.031649,0.434504,-0.184106,-0.022756,-0.222954,-0.056751,0.003325,0.392955,-0.188057,0.056703,-0.000344,0.000687,0.300000,-0.000533,0.003261,-0.000105,0.000717,-0.300000,0.000578,0.003295,0.000106,0.000003
0.572052,0.098051,0.802950,-0.003959,0.005166,0.124854,0.992154,-0.269883,0.048285,0.031655,0.434515,-0.184088,-0.022770,-0.222916,-0.056763,0.003325,0.392939,-0.188078,0.056717,-0.000344,0.000687,0.300000,-0.000533,0.003261,-0.000105,0.000717,-0.300000,0.000578,0.003295,0.000106,0.000003
0.572054,0.098050,0.802950,-0.003960,0.005166,0.124885,0.992150,-0.269915,0.048304,0.031660,0.434526,-0.184070,-0.022784,-0.222879,-0.056775,0.003325,0.392924,-0.188099,0.056731,-0.000344,0.000687,0.300000,-0.000533,0.003261,-0.000105,0.000717,-0.300000,0.000578,0.003295,0.000106,0.000003
0.572056,0.098048,0.802949,-0.003960,0.005167,0.124916,0.992146,-0.269946,0.048324,0.031666,0.434537,-0.184051,-0.022798,-0.222842,-0.056786,0.003325,0.392908,-0.188120,0.056745,-0.000344,0.000687,0.300000,-0.000533,0.003261,-0.000105,0.000717,-0.300000,0.000578,0.003294,0.000106,0.000003
0.572058,0.098047,0.802949,-0.003961,0.005167,0.124947,0.992142,-0.269977,0.048344,0.031671,0.434549,-0.184033,-0.022812,-0.222805,-0.056798,0.003325,0.392893,-0.188141,0.056759,-0.000344,0.000686,0.300000,-0.000533,0.003261,-0.000105,0.000717,-0.300000,0.000578,0.003294,0.000106,0.000003
0.572060,0.098045,0.802948,-0.003961,0.005167,0.124978,0.992138,-0.270008,0.048363,0.031677,0.434560,-0.184014,-0.022825,-0.222768,-0.056810,0.003326,0.392878,-0.188162,0.056773,-0.000344,0.000686,0.300000,-0.000533,0.003261,-0.000105,0.000716,-0.300000,0.000578,0.003294,0.000106,0.000003
0.572062,0.098044,0.802948,-0.003961,0.005168,0.125009,0.992134,-0.270040,0.048383,0.031682,0.434571,-0.183996,-0.022839,-0.222731,-0.056822,0.003326,0.392862,-0.188183,0.056787,-0.000344,0.000686,0.300000,-0.000533,0.003261,-0.000105,0.000716,-0.300000,0.000578,0.003294,0.000106,0.000003
0.572064,0.098042,0.802947,-0.003962,0.005168,0.125040,0.992130,-0.270071,0.048403,0.031688,0.434582,-0.183978,-0.022853,-0.222694,-0.056834,0.003326,0.392847,-0.188205,0.056801,-0.000344,0.000686,0.300000,-0.000533,0.003261,-0.000105,0.000716,-0.300000,0.000578,0.003294,0.000106,0.000003
0.572066,0.098041,0.802947,-0.003962,0.005168,0.125071,0.992126,-0.270102,0.048422,0.031694,0.434594,-0.183959,-0.022867,-0.222657,-0.056845,0.003326,0.392831,-0.188226,0.056815,-0.000344,0.000686,0.300000,-0.000533,0.003261,-0.000105,0.000716,-0.300000,0.000578,0.003294,0.000106,0.000003
0.572068,0.098039,0.802946,-0.003963,0.005169,0.125103,0.992122,-0.270133,0.048442,0.031699,0.434605,-0.183941,-0.022881,-0.222620,-0.056857,0.003326,0.392816,-0.188247,0.056829,-0.000344,0.000686,0.300000,-0.000533,0.003261,-0.000105,0.000716,-0.300000,0.000578,0.003294,0.000106,0.000003
0.572070,0.098038,0.802946,-0.003963,0.005169,0.125134,0.992119,-0.270165,0.048462,0.031705,0.434616,-0.183923,-0.022895,-0.222583,-0.056869,0.003326,0.392800,-0.188268,0.056843,-0.000344,0.000686,0.300000,-0.000533,0.003260,-0.000105,0.000716,-0.300000,0.000578,0.003294,0.000106,0.000003
0.572072,0.098036,0.802945,-0.003964,0.005170,0.125165,0.992115,-0.270196,0.048481,0.031710,0.434627,-0.183904,-0.022909,-0.222546,-0.056881,0.003326,0.392785,-0.188289,0.056857,-0.000344,0.000685,0.300000,-0.000533,0.003260,-0.000105,0.000716,-0.300000,0.000578,0.003294,0.000106,0.000003
0.572074,0.098034,0.802945,-0.003964,0.005170,0.125196,0.992111,-0.270227,0.048501,0.031716,0.434639,-0.183886,-0.022923,-0.222509,-0.056893,0.003326,0.392769,-0.188310,0.056871,-0.000344,0.000685,0.300000,-0.000533,0.003260,-0.000105,0.000715,-0.300000,0.000578,0.003294,0.000106,0.000003
0.572075,0.098033,0.802944,-0.003964,0.005170,0.125227,0.992107,-0.270259,0.048521,0.031721,0.434650,-0.183867,-0.022937,-0.222472,-0.056905,0.003327,0.392754,-0.188331,0.056886,-0.000344,0.000685,0.300000,-0.000533,0.003260,-0.000105,0.000715,-0.300000,0.000578,0.003294,0.000106,0.000003
0.572077,0.098031,0.802944,-0.003965,0.005171,0.125258,0.992103,-0.270290,0.048541,0.031727,0.434661,-0.183849,-0.022951,-0.222435,-0.056916,0.003327,0.392738,-0.188352,0.056900,-0.000344,0.000685,0.300000,-0.000533,0.003260,-0.000105,0.000715,-0.300000,0.000578,0.003294,0.000106,0.000003
0.572079,0.098030,0.802943,-0.003965,0.005171,0.125290,0.992099,-0.270321,0.048560,0.031732,0.434672,-0.183830,-0.022965,-0.222398,-0.056928,0.003327,0.392723,-0.188373,0.056914,-0.000344,0.000685,0.300000,-0.000533,0.003260,-0.000105,0.000715,-0.300000,0.000578,0.003294,0.000106,0.000003
0.572081,0.098028,0.802943,-0.003966,0.005171,0.125320,0.992095,-0.270352,0.048580,0.031738,0.434684,-0.183812,-0.022978,-0.222361,-0.056940,0.003327,0.392707,-0.188394,0.056927,-0.000344,0.000685,0.300000,-0.000533,0.003260,-0.000105,0.000715,-0.300000,0.000578,0.003294,0.000106,0.000003
0.572083,0.098026,0.802942,-0.003966,0.005172,0.125351,0.992091,-0.270384,0.048600,0.031743,0.434695,-0.183793,-0.022992,-0.222324,-0.056952,0.003327,0.392692,-0.188415,0.056941,-0.000344,0.000685,0.300000,-0.000533,0.003260,-0.000105,0.000715,-0.300000,0.000578,0.003294,0.000106,0.000003
0.572085,0.098025,0.802941,-0.003967,0.005172,0.125383,0.992087,-0.270415,0.048620,0.031749,0.434706,-0.183775,-0.023006,-0.222287,-0.056964,0.003327,0.392677,-0.188436,0.056955,-0.000344,0.000684,0.300000,-0.000533,0.003260,-0.000105,0.000715,-0.300000,0.000578,0.003294,0.000106,0.000003
0.572087,0.098023,0.802941,-0.003967,0.005173,0.125414,0.992083,-0.270446,0.048639,0.031754,0.434717,-0.183756,-0.023020,-0.222250,-0.056975,0.003327,0.392661,-0.188457,0.056969,-0.000344,0.000684,0.300000,-0.000533,0.003260,-0.000105,0.000714,-0.300000,0.000578,0.003294,0.000106,0.000003
0.572089,0.098022,0.802940,-0.003967,0.005173,0.125445,0.992079,-0.270478,0.048659,0.031760,0.434729,-0.183738,-0.023034,-0.222213,-0.056987,0.003327,0.392646,-0.188479,0.056983,-0.000344,0.000684,0.300000,-0.000533,0.003260,-0.000105,0.000714,-0.300000,0.000578,0.003294,0.000106,0.000003
0.572091,0.098020,0.802940,-0.003968,0.005173,0.125476,0.992075,-0.270509,0.048679,0.031765,0.434740,-0.183719,-0.023048,-0.222177,-0.056999,0.003327,0.392630,-0.188500,0.056997,-0.000344,0.000684,0.300000,-0.000533,0.003260,-0.000105,0.000714,-0.300000,0.000578,0.003294,0.000106,0.000003
0.572093,0.098019,0.802939,-0.003968,0.005174,0.125507,0.992071,-0.270540,0.048698,0.031771,0.434751,-0.183701,-0.023062,-0.222140,-0.057011,0.003327,0.392615,-0.188521,0.057011,-0.000344,0.000684,0.300000,-0.000533,0.003260,-0.000105,0.000714,-0.300000,0.000578,0.003294,0.000106,0.000003
0.572097,0.098018,0.802938,-0.003969,0.005172,0.125537,0.992068,-0.270567,0.048720,0.031779,0.434776,-0.183711,-0.023080,-0.222096,-0.057023,0.003326,0.392607,-0.188560,0.057026,-0.000344,0.000685,0.300000,-0.000533,0.003261,-0.000105,0.000715,-0.300000,0.000578,0.003294,0.000106,0.000003
0.572147,0.098039,0.802928,-0.003974,0.005179,0.125560,0.992065,-0.270547,0.048746,0.031820,0.434855,-0.183967,-0.023116,-0.221993,-0.057041,0.003317,0.392605,-0.188756,0.057043,-0.000342,0.000697,0.300000,-0.000533,0.003267,-0.000105,0.000725,-0.300000,0.000578,0.003300,0.000106,0.000003
0.572308,0.098105,0.802921,-0.003997,0.005261,0.125586,0.992061,-0.270482,0.048764,0.031869,0.434885,-0.184403,-0.023159,-0.221805,-0.057063,0.003282,0.392478,-0.189061,0.057077,-0.000342,0.000719,0.300000,-0.000534,0.003279,-0.000105,0.000749,-0.300000,0.000579,0.003313,0.000106,0.000003
0.572615,0.098220,0.802918,-0.004039,0.005453,0.125612,0.992056,-0.270421,0.048772,0.031913,0.434881,-0.184933,-0.023209,-0.221586,-0.057089,0.003233,0.392253,-0.189440,0.057145,-0.000343,0.000746,0.300000,-0.000534,0.003293,-0.000106,0.000775,-0.300000,0.000579,0.003327,0.000106,0.000003
0.573098,0.098379,0.802908,-0.004085,0.005702,0.125636,0.992052,-0.270204,0.048786,0.031984,0.434875,-0.185717,-0.023299,-0.221226,-0.057125,0.003150,0.392040,-0.190052,0.057232,-0.000344,0.000779,0.300000,-0.000535,0.003313,-0.000106,0.000807,-0.300000,0.000580,0.003346,0.000107,0.000003
0.573819,0.098535,0.802910,-0.004044,0.005846,0.125660,0.992048,-0.268991,0.048743,0.032247,0.434206,-0.186484,-0.023482,-0.220280,-0.057254,0.002963,0.391877,-0.190992,0.057266,-0.000355,0.000817,0.300000,-0.000536,0.003340,-0.000106,0.000844,-0.300000,0.000582,0.003372,0.000107,0.000004
0.574795,0.098560,0.802994,-0.003628,0.005917,0.125766,0.992036,-0.265768,0.048102,0.032844,0.431030,-0.186381,-0.023855,-0.218854,-0.057954,0.002636,0.391928,-0.192333,0.057157,-0.000407,0.000842,0.300000,-0.000536,0.003361,-0.000107,0.000883,-0.300000,0.000584,0.003397,0.000108,0.000005
0.576099,0.098231,0.803174,-0.002489,0.005915,0.126055,0.992003,-0.259655,0.046376,0.033849,0.423967,-0.184776,-0.024764,-0.217408,-0.059685,0.002243,0.393316,-0.194870,0.056714,-0.000514,0.000863,0.300000,-0.000534,0.003381,-0.000107,0.000933,-0.300000,0.000588,0.003428,0.000108,0.000007
0.577805,0.097109,0.803405,0.000542,-0.006023,-0.126556,-0.991941,-0.251280,0.043950,0.034965,0.413219,-0.181463,-0.026906,-0.217041,-0.062037,0.001954,0.397270,-0.199131,0.055173,-0.000653,0.000877,0.300000,-0.000526,0.003393,-0.000108,0.000977,-0.300000,0.000598,0.003450,0.000108,0.000011
0.580079,0.094634,0.803555,-0.001771,-0.006130,-0.127064,-0.991874,-0.242110,0.042880,0.035960,0.401622,-0.177865,-0.031186,-0.217620,-0.063174,0.001624,0.403883,-0.205144,0.051558,-0.000766,0.000910,0.300000,-0.000510,0.003413,-0.000108,0.001006,-0.300000,0.000615,0.003462,0.000109,0.000014
0.582931,0.090701,0.803636,-0.004053,-0.006480,-0.127608,-0.991795,-0.233582,0.044055,0.036405,0.390327,-0.174349,-0.037691,-0.218467,-0.062238,0.000593,0.410815,-0.211738,0.045932,-0.000876,0.000939,0.300000,-0.000491,0.003423,-0.000108,0.001042,-0.300000,0.000633,0.003474,0.000109,0.000016
0.586413,0.085449,0.803933,-0.005086,-0.007056,-0.128053,-0.991729,-0.225999,0.049948,0.036159,0.379309,-0.170862,-0.046333,-0.215101,-0.056616,-0.002636,0.409820,-0.215088,0.038110,-0.000896,0.000997,0.300000,-0.000471,0.003449,-0.000108,0.001089,-0.300000,0.000654,0.003501,0.000110,0.000015
0.590633,0.079418,0.804739,-0.004383,-0.007231,-0.128500,-0.991673,-0.215973,0.060930,0.035747,0.365299,-0.166336,-0.056315,-0.202643,-0.045755,-0.009348,0.395161,-0.212879,0.028520,-0.000891,0.001072,0.300000,-0.000463,0.003497,-0.000108,0.001171,-0.300000,0.000669,0.003566,0.000111,0.000011
0.595197,0.073279,0.805810,-0.002877,-0.007051,-0.128914,-0.991627,-0.203505,0.073873,0.035644,0.348478,-0.160638,-0.066343,-0.184954,-0.032561,-0.017200,0.372788,-0.207096,0.018268,-0.000839,0.001113,0.300000,-0.000466,0.003526,-0.000109,0.001202,-0.300000,0.000669,0.003595,0.000112,0.000009
0.599776,0.067603,0.806867,-0.001171,-0.006048,-0.128747,-0.991658,-0.190795,0.086936,0.035116,0.335048,-0.155187,-0.074260,-0.163474,-0.018850,-0.023737,0.346396,-0.199496,0.008536,-0.000347,0.001160,0.300000,-0.000480,0.003574,-0.000110,0.001171,-0.300000,0.000660,0.003595,0.000112,0.000009
0.604057,0.063216,0.808021,-0.000132,-0.003921,-0.128340,-0.991723,-0.187989,0.096198,0.023023,0.342233,-0.150372,-0.074282,-0.137467,-0.008002,-0.029605,0.316194,-0.190397,0.000961,0.000060,0.001169,0.300000,-0.000503,0.003602,-0.000111,0.001159,-0.300000,0.000640,0.003609,0.000113,0.000007
0.607869,0.060921,0.809049,-0.000254,0.001712,0.128625,0.991692,-0.201598,0.097330,0.004547,0.374424,-0.158224,-0.061476,-0.111563,-0.001954,-0.036148,0.287232,-0.182638,-0.002997,0.000098,0.001148,0.300000,-0.000528,0.003574,-0.000111,0.001225,-0.300000,0.000615,0.003642,0.000113,0.000001
0.611461,0.060898,0.809710,0.000218,0.000181,-0.129120,-0.991629,-0.226082,0.092552,0.001744,0.415716,-0.161240,-0.043535,-0.089427,-0.000283,-0.042019,0.264968,-0.178502,-0.003860,0.000204,0.001221,0.300000,-0.000558,0.003599,-0.000112,0.001328,-0.300000,0.000587,0.003692,0.000113,-0.000003
0.615122,0.062790,0.809918,0.000463,0.001348,-0.129417,-0.991589,-0.257774,0.087190,0.006591,0.461698,-0.162760,-0.028432,-0.071853,-0.000826,-0.046540,0.249138,-0.177528,-0.002431,0.000418,0.001353,0.300000,-0.000588,0.003645,-0.000112,0.001427,-0.300000,0.000557,0.003724,0.000113,-0.000006
0.618899,0.066441,0.809767,0.001022,0.001264,-0.129475,-0.991581,-0.294050,0.084271,0.014632,0.506564,-0.166859,-0.020797,-0.059607,-0.003512,-0.049479,0.239034,-0.179312,0.001822,0.000614,0.001500,0.300000,-0.000615,0.003695,-0.000112,0.001531,-0.300000,0.000526,0.003750,0.000112,-0.000009
0.622908,0.072015,0.809283,-0.001512,-0.000147,0.129429,0.991588,-0.331731,0.083325,0.020033,0.544325,-0.171946,-0.019220,-0.052086,-0.009368,-0.051053,0.235262,-0.184688,0.008849,0.000751,0.001661,0.300000,-0.000639,0.003762,-0.000113,0.001672,-0.300000,0.000502,0.003808,0.000112,-0.000011
0.627395,0.079710,0.808475,-0.001812,0.001392,0.129341,0.991598,-0.365714,0.083235,0.022647,0.567193,-0.176091,-0.018591,-0.046129,-0.018653,-0.052118,0.235484,-0.193115,0.018702,0.000877,0.001856,0.300000,-0.000663,0.003867,-0.000114,0.001858,-0.300000,0.000484,0.003910,0.000114,-0.000014
0.632499,0.089445,0.807123,-0.002252,0.002902,0.129115,0.991623,-0.391858,0.083198,0.024745,0.571900,-0.177309,-0.018017,-0.040870,-0.030395,-0.052852,0.240123,-0.205070,0.031262,0.001024,0.002073,0.300000,-0.000684,0.003984,-0.000116,0.002047,-0.300000,0.000470,0.004021,0.000115,-0.000017
0.638405,0.101097,0.804789,-0.003455,0.003853,0.128811,0.991656,-0.404364,0.082792,0.027685,0.554314,-0.176983,-0.017525,-0.036189,-0.042998,-0.053611,0.251387,-0.221991,0.046368,0.001156,0.002424,0.300000,-0.000699,0.004105,-0.000118,0.002302,-0.300000,0.000462,0.004152,0.000117,-0.000022
0.645367,0.114544,0.800985,-0.006215,0.003784,0.128689,0.991658,-0.389079,0.079687,0.030334,0.490855,-0.158412,-0.018566,-0.031449,-0.054496,-0.055201,0.270538,-0.244844,0.063676,0.001321,0.002970,0.300000,-0.000707,0.004221,-0.000120,0.003131,-0.300000,0.000462,0.004298,0.000119,-0.000030
0.652801,0.129458,0.798611,-0.006141,0.003067,0.129443,0.991563,-0.359259,0.063251,0.037040,0.451051,-0.097787,-0.018377,-0.025575,-0.073995,-0.058026,0.292792,-0.257387,0.082775,-0.000950,0.003809,0.300000,-0.000732,0.004327,-0.000123,0.003294,-0.300000,0.000440,0.004354,0.000121,-0.000015
0.659637,0.143049,0.802071,-0.003253,0.002226,0.131234,0.991344,-0.326181,0.041711,0.048852,0.429387,-0.111755,-0.006375,-0.039188,-0.097238,-0.047632,0.340830,-0.222609,0.098219,-0.004091,0.003155,0.300000,-0.000731,0.004265,-0.000124,0.003079,-0.300000,0.000444,0.004323,0.000122,-0.000015
0.666112,0.153603,0.806360,-0.002483,0.001708,0.132341,0.991200,-0.285575,0.027720,0.060780,0.386827,-0.112557,0.003368,-0.078878,-0.101738,-0.005630,0.410100,-0.210611,0.099088,-0.004812,0.001867,0.300000,-0.000703,0.004084,-0.000120,0.002791,-0.300000,0.000470,0.004177,0.000119,-0.000013
0.672451,0.161823,0.809807,-0.002039,0.001728,0.133339,0.991067,-0.245812,0.016837,0.071055,0.339455,-0.105995,0.010416,-0.125787,-0.096451,0.015462,0.461395,-0.216754,0.097662,-0.005027,0.001489,0.300000,-0.000664,0.003923,-0.000117,0.002652,-0.300000,0.000510,0.004063,0.000117,-0.000010
0.678664,0.168064,0.812058,-0.001717,0.001833,0.134188,0.990953,-0.212429,0.008947,0.078969,0.300218,-0.099727,0.014907,-0.180562,-0.087709,0.018470,0.510295,-0.227782,0.092785,-0.005085,0.001374,0.300000,-0.000619,0.003824,-0.000114,0.002501,-0.300000,0.000556,0.003944,0.000115,-0.000004
0.684864,0.172588,0.813108,-0.001132,0.001975,0.134837,0.990865,-0.188051,0.003348,0.084689,0.275559,-0.098750,0.017233,-0.236894,-0.077879,0.017252,0.551058,-0.239344,0.085176,-0.005128,0.001316,0.300000,-0.000573,0.003772,-0.000113,0.002401,-0.300000,0.000584,0.003864,0.000114,0.000001
0.691196,0.175432,0.813284,-0.000459,0.002186,0.135342,0.990796,-0.172175,0.000452,0.088356,0.265033,-0.103658,0.017594,-0.290360,-0.068037,0.013835,0.580136,-0.243555,0.080389,-0.005150,0.001277,0.300000,-0.000535,0.003727,-0.000111,0.002313,-0.300000,0.000601,0.003789,0.000112,0.000005
0.697826,0.176653,0.812915,-0.000259,-0.002633,-0.135753,-0.990739,-0.162518,0.000136,0.090462,0.264373,-0.112812,0.015804,-0.337706,-0.059201,0.009116,0.594511,-0.244112,0.076699,-0.005195,0.001273,0.300000,-0.000514,0.003709,-0.000111,0.002282,-0.300000,0.000616,0.003756,0.000112,0.000009
0.705075,0.176345,0.812057,-0.001117,-0.003056,-0.136296,-0.990663,-0.157011,0.002246,0.091261,0.271813,-0.125814,0.011335,-0.373841,-0.052411,0.003730,0.593083,-0.244084,0.072663,-0.005270,0.001306,0.300000,-0.000498,0.003720,-0.000111,0.002317,-0.300000,0.000633,0.003772,0.000112,0.000012
0.713219,0.174594,0.810642,-0.001936,-0.003206,-0.136773,-0.990595,-0.155044,0.007422,0.091302,0.288112,-0.143511,0.004316,-0.393922,-0.046696,-0.000390,0.573432,-0.242078,0.067418,-0.005295,0.001407,0.300000,-0.000483,0.003777,-0.000111,0.002387,-0.300000,0.000650,0.003815,0.000113,0.000016
0.722427,0.171613,0.808532,-0.003188,-0.003209,-0.137035,-0.990556,-0.155152,0.014321,0.091152,0.311185,-0.165311,-0.004936,-0.393586,-0.042508,-0.002153,0.528231,-0.228194,0.061312,-0.005291,0.001554,0.300000,-0.000474,0.003862,-0.000112,0.002479,-0.300000,0.000662,0.003865,0.000114,0.000021
0.732907,0.167595,0.805661,-0.005396,-0.003226,-0.137221,-0.990521,-0.155240,0.021339,0.090930,0.337538,-0.189790,-0.016098,-0.370392,-0.040346,-0.008325,0.464422,-0.171090,0.046933,-0.005318,0.001782,0.300000,-0.000470,0.003964,-0.000114,0.002645,-0.300000,0.000672,0.003948,0.000115,0.000025
0.744347,0.162411,0.803521,-0.006076,-0.003979,-0.136724,-0.990583,-0.151465,0.033064,0.091612,0.354535,-0.209854,-0.029468,-0.334518,-0.028659,-0.018882,0.409883,-0.078948,-0.000912,-0.004133,0.001787,0.300000,-0.000448,0.003974,-0.000114,0.002634,-0.300000,0.000691,0.003973,0.000116,0.000020
0.755496,0.156165,0.805224,-0.000499,-0.004321,-0.136361,-0.990650,-0.137956,0.057949,0.089327,0.347260,-0.209607,-0.044077,-0.305892,-0.004605,-0.032394,0.384055,-0.088112,-0.019504,-0.003146,0.001623,0.300000,-0.000425,0.003910,-0.000113,0.002496,-0.300000,0.000718,0.003952,0.000117,0.000007
0.765439,0.151894,0.808248,-0.001389,0.003500,0.136309,0.990659,-0.138518,0.071277,0.071015,0.365203,-0.189639,-0.050462,-0.268855,0.008746,-0.043514,0.345891,-0.091123,-0.025948,-0.002985,0.001452,0.300000,-0.000447,0.003882,-0.000114,0.002348,-0.300000,0.000703,0.003893,0.000116,0.000012
0.774164,0.149650,0.810598,-0.001333,0.001798,0.136563,0.990629,-0.155322,0.072314,0.033749,0.403303,-0.194544,-0.048167,-0.232238,0.015057,-0.052838,0.309511,-0.089977,-0.029686,-0.002809,0.001274,0.300000,-0.000479,0.003789,-0.000113,0.002251,-0.300000,0.000675,0.003836,0.000115,0.000008
0.782075,0.149010,0.812191,-0.001054,-0.000023,0.136973,0.990574,-0.177433,0.071511,0.019595,0.434861,-0.199381,-0.045670,-0.199709,0.018485,-0.061141,0.279276,-0.088628,-0.031923,-0.002630,0.001214,0.300000,-0.000519,0.003731,-0.000112,0.002192,-0.300000,0.000635,0.003792,0.000114,0.000004
0.789271,0.149781,0.813179,0.000937,0.001427,-0.137264,-0.990533,-0.207575,0.071231,0.018114,0.470872,-0.200289,-0.040563,-0.173188,0.020092,-0.067597,0.256769,-0.089166,-0.032360,-0.002366,0.001178,0.300000,-0.000560,0.003674,-0.000111,0.002129,-0.300000,0.000586,0.003729,0.000112,0.000001
0.795838,0.151853,0.813660,0.001040,0.001898,-0.137372,-0.990517,-0.243191,0.071233,0.017956,0.506083,-0.201020,-0.036875,-0.154169,0.019950,-0.071781,0.242986,-0.092882,-0.031136,-0.002065,0.001179,0.300000,-0.000585,0.003635,-0.000110,0.002082,-0.300000,0.000542,0.003672,0.000110,-0.000002
0.801949,0.155378,0.813762,0.001261,0.001543,-0.137383,-0.990516,-0.280821,0.071283,0.017731,0.534647,-0.201561,-0.035920,-0.141470,0.017554,-0.074095,0.236991,-0.099712,-0.027503,-0.001878,0.001206,0.300000,-0.000601,0.003617,-0.000109,0.002074,-0.300000,0.000518,0.003642,0.000109,-0.000004
0.807827,0.160504,0.813569,0.001591,0.000676,-0.137262,-0.990533,-0.316505,0.071303,0.017621,0.550634,-0.202055,-0.035283,-0.132868,0.012856,-0.075007,0.236743,-0.109125,-0.021616,-0.001705,0.001286,0.300000,-0.000617,0.003647,-0.000110,0.002116,-0.300000,0.000502,0.003659,0.000109,-0.000007
0.813754,0.167230,0.813026,-0.002155,0.000201,0.137024,0.990565,-0.346313,0.071186,0.017803,0.552892,-0.202374,-0.034688,-0.126257,0.006301,-0.075290,0.241189,-0.121188,-0.013504,-0.001545,0.001398,0.300000,-0.000633,0.003704,-0.000111,0.002199,-0.300000,0.000490,0.003711,0.000110,-0.000010
0.819948,0.175663,0.811947,-0.002947,0.000708,0.136737,0.990603,-0.365637,0.069770,0.018436,0.540452,-0.202273,-0.034144,-0.121256,-0.002248,-0.075275,0.251952,-0.137127,-0.002970,-0.001397,0.001545,0.300000,-0.000651,0.003790,-0.000112,0.002326,-0.300000,0.000479,0.003798,0.000111,-0.000014
0.826591,0.185861,0.810102,-0.004307,0.000863,0.136506,0.990630,-0.367074,0.066109,0.020446,0.502383,-0.198227,-0.033681,-0.117881,-0.012144,-0.075238,0.269455,-0.157420,0.009959,-0.001283,0.001701,0.300000,-0.000664,0.003870,-0.000114,0.002484,-0.300000,0.000472,0.003899,0.000113,-0.000019
0.833985,0.197548,0.807180,-0.007075,0.000240,0.136263,0.990647,-0.341879,0.060776,0.023642,0.429068,-0.162830,-0.030142,-0.114422,-0.020909,-0.075568,0.292541,-0.181721,0.024596,-0.001142,0.002164,0.300000,-0.000669,0.003981,-0.000115,0.002735,-0.300000,0.000475,0.004034,0.000115,-0.000024
0.841659,0.210321,0.805364,-0.007752,0.000051,0.137307,0.990498,-0.306975,0.046329,0.029871,0.378726,-0.069181,-0.012922,-0.108968,-0.035910,-0.077386,0.312450,-0.198779,0.041027,-0.003625,0.002243,0.300000,-0.000691,0.004036,-0.000117,0.002482,-0.300000,0.000453,0.004051,0.000115,-0.000013
0.848610,0.221969,0.808122,-0.004033,0.000433,0.138206,0.990395,-0.274443,0.025348,0.041755,0.352375,-0.080344,0.001717,-0.122187,-0.057555,-0.061075,0.356097,-0.186618,0.052467,-0.005404,0.001996,0.300000,-0.000696,0.003967,-0.000117,0.002070,-0.300000,0.000446,0.003971,0.000115,-0.000005
0.855582,0.230511,0.810994,-0.002200,0.000688,0.138666,0.990337,-0.239002,0.012435,0.052458,0.316266,-0.085019,0.010082,-0.155129,-0.061283,-0.024672,0.419264,-0.190971,0.053264,-0.005770,0.001820,0.300000,-0.000673,0.003831,-0.000114,0.001907,-0.300000,0.000467,0.003872,0.000113,-0.000004
0.862646,0.236711,0.812993,-0.001324,0.000959,0.139325,0.990245,-0.206901,0.004396,0.060116,0.281945,-0.084697,0.014517,-0.194217,-0.058981,-0.009885,0.473450,-0.196178,0.053067,-0.005899,0.001701,0.300000,-0.000636,0.003736,-0.000112,0.001831,-0.300000,0.000507,0.003809,0.000112,-0.000002
0.869683,0.241000,0.813976,-0.000804,0.001329,0.139916,0.990162,-0.182872,-0.000115,0.065189,0.259096,-0.085921,0.016253,-0.238879,-0.055341,-0.006016,0.521804,-0.205756,0.052749,-0.005951,0.001608,0.300000,-0.000586,0.003658,-0.000110,0.001730,-0.300000,0.000555,0.003723,0.000111,0.000001
0.876783,0.243751,0.814082,-0.000210,0.001673,0.140487,0.990081,-0.167265,-0.002291,0.068046,0.250385,-0.092578,0.016307,-0.283836,-0.052391,-0.005316,0.558699,-0.215663,0.052353,-0.006001,0.001554,0.300000,-0.000537,0.003618,-0.000109,0.001669,-0.300000,0.000596,0.003673,0.000110,0.000005
0.884109,0.244986,0.813588,-0.000544,-0.002098,-0.140911,-0.990020,-0.157820,-0.002278,0.069673,0.252051,-0.103698,0.014252,-0.325472,-0.050140,-0.004959,0.580691,-0.218966,0.052046,-0.006021,0.001533,0.300000,-0.000504,0.003595,-0.000108,0.001623,-0.300000,0.000614,0.003628,0.000109,0.000009
0.891922,0.244615,0.812578,-0.001329,-0.002601,-0.141282,-0.989965,-0.153591,0.000432,0.070133,0.262922,-0.119063,0.009540,-0.358683,-0.048266,-0.004872,0.583911,-0.219333,0.051705,-0.006041,0.001556,0.300000,-0.000486,0.003604,-0.000108,0.001630,-0.300000,0.000631,0.003624,0.000109,0.000013
0.900555,0.242758,0.810989,-0.002127,-0.002720,-0.141486,-0.989934,-0.152631,0.006105,0.070124,0.282445,-0.139021,0.002248,-0.378103,-0.046631,-0.004962,0.568248,-0.219012,0.051278,-0.006039,0.001645,0.300000,-0.000471,0.003664,-0.000109,0.001689,-0.300000,0.000648,0.003662,0.000110,0.000017
0.910191,0.239598,0.808685,-0.003344,-0.002561,-0.141508,-0.989928,-0.153573,0.013594,0.069951,0.308676,-0.162983,-0.007360,-0.378427,-0.045789,-0.005051,0.525975,-0.212987,0.050759,-0.006031,0.001769,0.300000,-0.000462,0.003741,-0.000110,0.001774,-0.300000,0.000661,0.003707,0.000111,0.000022
0.920960,0.235290,0.805517,-0.005543,-0.002525,-0.141359,-0.989940,-0.155411,0.021247,0.069697,0.339042,-0.189858,-0.018949,-0.357157,-0.045532,-0.009322,0.459129,-0.172950,0.043695,-0.006034,0.002002,0.300000,-0.000457,0.003832,-0.000111,0.001905,-0.300000,0.000670,0.003772,0.000112,0.000027
0.932692,0.229649,0.803324,-0.005667,-0.002941,-0.140618,-0.990043,-0.152006,0.035123,0.070306,0.358013,-0.211278,-0.033022,-0.326282,-0.033991,-0.020800,0.413306,-0.088429,0.010238,-0.004994,0.002060,0.300000,-0.000430,0.003844,-0.000111,0.001948,-0.300000,0.000694,0.003814,0.000113,0.000019
0.944099,0.223098,0.804953,0.000041,-0.003255,-0.140304,-0.990103,-0.138748,0.061040,0.068366,0.351299,-0.211455,-0.047960,-0.298736,-0.009114,-0.034677,0.389706,-0.098713,-0.010141,-0.004449,0.001927,0.300000,-0.000409,0.003771,-0.000110,0.001861,-0.300000,0.000718,0.003794,0.000114,0.000008
0.954226,0.218584,0.807900,-0.001818,0.002755,0.140022,0.990143,-0.139948,0.074794,0.054121,0.369693,-0.190568,-0.055698,-0.262509,0.004874,-0.045364,0.351735,-0.101625,-0.020305,-0.004239,0.001754,0.300000,-0.000431,0.003748,-0.000112,0.001723,-0.300000,0.000702,0.003736,0.000114,0.000013
0.963137,0.216085,0.810264,-0.001696,0.001433,0.140192,0.990122,-0.157221,0.076050,0.022133,0.408126,-0.194937,-0.051813,-0.226311,0.011688,-0.054572,0.314771,-0.100072,-0.025456,-0.004108,0.001556,0.300000,-0.000464,0.003654,-0.000111,0.001649,-0.300000,0.000674,0.003693,0.000112,0.000009
0.971244,0.215226,0.811869,-0.001359,-0.000062,0.140602,0.990065,-0.179719,0.074672,0.011595,0.438912,-0.200287,-0.046727,-0.194040,0.015471,-0.062913,0.284046,-0.098566,-0.028165,-0.003927,0.001490,0.300000,-0.000508,0.003602,-0.000110,0.001616,-0.300000,0.000633,0.003668,0.000111,0.000004
0.978670,0.215817,0.812859,0.001196,0.001277,-0.140896,-0.990023,-0.210488,0.073052,0.011043,0.474767,-0.201306,-0.039828,-0.167323,0.017415,-0.069474,0.260931,-0.099063,-0.028873,-0.003566,0.001456,0.300000,-0.000553,0.003553,-0.000109,0.001573,-0.300000,0.000585,0.003621,0.000110,0.000000
0.985508,0.217705,0.813314,0.001321,0.001667,-0.141008,-0.990006,-0.247035,0.072328,0.011356,0.510453,-0.202292,-0.035254,-0.147690,0.017775,-0.073910,0.246318,-0.102727,-0.028041,-0.003127,0.001458,0.300000,-0.000579,0.003523,-0.000108,0.001544,-0.300000,0.000540,0.003576,0.000109,-0.000002
0.991919,0.221059,0.813363,0.001569,0.001285,-0.140992,-0.990009,-0.285758,0.072309,0.011516,0.539627,-0.202871,-0.034184,-0.134272,0.015882,-0.076439,0.239623,-0.109635,-0.024818,-0.002831,0.001492,0.300000,-0.000596,0.003517,-0.000108,0.001545,-0.300000,0.000516,0.003552,0.000108,-0.000004
0.998111,0.226065,0.813108,0.001831,0.000399,-0.140825,-0.990033,-0.322670,0.072306,0.011729,0.556227,-0.203382,-0.033565,-0.125120,0.011391,-0.077471,0.239163,-0.119399,-0.019209,-0.002630,0.001577,0.300000,-0.000613,0.003557,-0.000108,0.001596,-0.300000,0.000500,0.003572,0.000108,-0.000007
1.004369,0.232721,0.812503,-0.002264,0.000495,0.140513,0.990076,-0.353627,0.072028,0.012331,0.558766,-0.203708,-0.032999,-0.117907,0.004846,-0.077823,0.243446,-0.131881,-0.011308,-0.002450,0.001694,0.300000,-0.000630,0.003623,-0.000109,0.001690,-0.300000,0.000488,0.003630,0.000109,-0.000010
1.010912,0.241131,0.811356,-0.002883,0.001029,0.140142,0.990127,-0.374032,0.070341,0.014764,0.546594,-0.203594,-0.032497,-0.112245,-0.003838,-0.077883,0.254033,-0.148282,-0.000920,-0.002288,0.001843,0.300000,-0.000648,0.003716,-0.000111,0.001830,-0.300000,0.000477,0.003723,0.000110,-0.000013
1.017928,0.251333,0.809428,-0.004097,0.001203,0.139819,0.990168,-0.376450,0.066142,0.019018,0.509027,-0.198601,-0.032088,-0.107976,-0.013830,-0.077980,0.271071,-0.168955,0.011904,-0.002158,0.002002,0.300000,-0.000661,0.003802,-0.000113,0.002001,-0.300000,0.000469,0.003830,0.000112,-0.000018
1.025714,0.263033,0.806406,-0.006786,0.000585,0.139464,0.990204,-0.351952,0.060052,0.023348,0.436169,-0.160247,-0.028637,-0.103340,-0.022517,-0.078519,0.293262,-0.193443,0.026452,-0.001980,0.002471,0.300000,-0.000666,0.003917,-0.000114,0.002273,-0.300000,0.000473,0.003969,0.000114,-0.000024
1.033764,0.275755,0.804525,-0.007595,0.000297,0.140480,0.990054,-0.316638,0.046086,0.029379,0.386105,-0.065535,-0.012077,-0.097598,-0.036959,-0.080694,0.314049,-0.209723,0.042709,-0.004540,0.002378,0.300000,-0.000688,0.003979,-0.000116,0.002022,-0.300000,0.000453,0.003993,0.000115,-0.000013
1.041001,0.287293,0.807545,-0.004176,0.000418,0.141385,0.989946,-0.282892,0.026272,0.041360,0.359546,-0.078488,0.001949,-0.113294,-0.057574,-0.062320,0.362873,-0.193939,0.053693,-0.006241,0.001866,0.300000,-0.000693,0.003894,-0.000116,0.001599,-0.300000,0.000445,0.003913,0.000114,-0.000006
1.048165,0.295786,0.810648,-0.002442,0.000607,0.141905,0.989877,-0.246280,0.013821,0.052254,0.322264,-0.083609,0.010037,-0.148168,-0.060595,-0.023909,0.426698,-0.197808,0.054394,-0.006586,0.001617,0.300000,-0.000671,0.003739,-0.000113,0.001429,-0.300000,0.000465,0.003802,0.000112,-0.000005
1.055355,0.301973,0.812800,-0.001573,0.000877,0.142631,0.989774,-0.213284,0.005914,0.060062,0.286779,-0.083192,0.014271,-0.188900,-0.058303,-0.008906,0.479514,-0.202469,0.054190,-0.006704,0.001484,0.300000,-0.000633,0.003636,-0.000111,0.001349,-0.300000,0.000505,0.003732,0.000111,-0.000003
1.062478,0.306258,0.813872,-0.001011,0.001246,0.143276,0.989681,-0.188570,0.001398,0.065276,0.262990,-0.084172,0.015867,-0.235214,-0.054962,-0.005136,0.526661,-0.211738,0.053858,-0.006744,0.001388,0.300000,-0.000584,0.003558,-0.000109,0.001247,-0.300000,0.000552,0.003644,0.000110,0.000000
1.069637,0.309009,0.814035,-0.000342,0.001578,0.143900,0.989591,-0.172347,-0.000862,0.068272,0.253404,-0.090481,0.015824,-0.281458,-0.052434,-0.004521,0.562183,-0.220782,0.053445,-0.006781,0.001331,0.300000,-0.000534,0.003517,-0.000108,0.001186,-0.300000,0.000593,0.003592,0.000109,0.000004
1.076994,0.310227,0.813577,-0.000466,-0.001994,-0.144344,-0.989525,-0.162545,-0.000858,0.070001,0.254527,-0.101351,0.013614,-0.324251,-0.050549,-0.004185,0.583021,-0.223358,0.053125,-0.006783,0.001310,0.300000,-0.000500,0.003495,-0.000107,0.001138,-0.300000,0.000611,0.003544,0.000108,0.000009
1.084827,0.309825,0.812598,-0.001303,-0.002466,-0.144746,-0.989465,-0.157989,0.001862,0.070512,0.264917,-0.116463,0.008764,-0.358309,-0.049049,-0.004113,0.585347,-0.223647,0.052765,-0.006796,0.001332,0.300000,-0.000481,0.003505,-0.000107,0.001149,-0.300000,0.000628,0.003542,0.000108,0.000012
1.093474,0.307928,0.811030,-0.002143,-0.002553,-0.144978,-0.989429,-0.156886,0.007600,0.070500,0.284210,-0.136248,0.001330,-0.378039,-0.047744,-0.004204,0.568443,-0.223192,0.052316,-0.006784,0.001422,0.300000,-0.000467,0.003567,-0.000108,0.001212,-0.300000,0.000646,0.003580,0.000109,0.000016
1.103114,0.304728,0.808730,-0.003413,-0.002390,-0.145007,-0.989422,-0.157916,0.015145,0.070301,0.310481,-0.160133,-0.008415,-0.378176,-0.047184,-0.004275,0.524467,-0.215868,0.051780,-0.006760,0.001548,0.300000,-0.000458,0.003646,-0.000109,0.001300,-0.300000,0.000659,0.003625,0.000110,0.000021
1.113897,0.300380,0.805568,-0.005656,-0.002353,-0.144846,-0.989435,-0.159821,0.022888,0.070024,0.340858,-0.186919,-0.020156,-0.356282,-0.046933,-0.008952,0.456786,-0.171846,0.043854,-0.006750,0.001801,0.300000,-0.000453,0.003742,-0.000110,0.001441,-0.300000,0.000668,0.003693,0.000111,0.000027
1.125626,0.294695,0.803512,-0.005632,-0.002781,-0.144111,-0.989542,-0.156058,0.037195,0.070587,0.358718,-0.207657,-0.034413,-0.325559,-0.034820,-0.020261,0.411506,-0.087764,0.011133,-0.005699,0.001883,0.300000,-0.000426,0.003751,-0.000110,0.001489,-0.300000,0.000693,0.003738,0.000112,0.000018
1.137024,0.288172,0.805167,0.000090,-0.003127,-0.143847,-0.989595,-0.142069,0.063071,0.068873,0.350299,-0.207899,-0.049326,-0.297936,-0.009914,-0.034284,0.387392,-0.097473,-0.009107,-0.005186,0.001764,0.300000,-0.000406,0.003681,-0.000109,0.001412,-0.300000,0.000716,0.003721,0.000113,0.000007
1.147124,0.283684,0.808023,-0.001954,0.002675,0.143591,0.989632,-0.142299,0.076972,0.054912,0.366728,-0.188279,-0.057133,-0.262157,0.004264,-0.044992,0.349769,-0.100072,-0.019337,-0.004946,0.001602,0.300000,-0.000428,0.003661,-0.000110,0.001283,-0.300000,0.000700,0.003667,0.000113,0.000012
1.156000,0.281249,0.810327,-0.001851,0.001308,0.143787,0.989606,-0.159031,0.078267,0.023064,0.404806,-0.192952,-0.053522,-0.226240,0.011087,-0.054209,0.313356,-0.098544,-0.024490,-0.004791,0.001420,0.300000,-0.000462,0.003575,-0.000110,0.001218,-0.300000,0.000672,0.003631,0.000112,0.000008
1.164064,0.280478,0.811909,-0.001514,-0.000247,0.144203,0.989547,-0.181200,0.076724,0.012405,0.436493,-0.198380,-0.048060,-0.194094,0.014816,-0.062544,0.283010,-0.097115,-0.027142,-0.004577,0.001360,0.300000,-0.000506,0.003528,-0.000109,0.001193,-0.300000,0.000631,0.003609,0.000111,0.000003
1.171438,0.281167,0.812894,0.001345,0.001489,-0.144490,-0.989504,-0.211506,0.074885,0.011834,0.473056,-0.199422,-0.040696,-0.167484,0.016673,-0.069078,0.260113,-0.097665,-0.027789,-0.004146,0.001328,0.300000,-0.000551,0.003483,-0.000108,0.001159,-0.300000,0.000581,0.003566,0.000109,0.000000
1.178216,0.283153,0.813346,0.001482,0.001870,-0.144599,-0.989488,-0.247520,0.074009,0.012150,0.509209,-0.200458,-0.035737,-0.148010,0.016966,-0.073477,0.245663,-0.101354,-0.026879,-0.003613,0.001332,0.300000,-0.000578,0.003454,-0.000107,0.001139,-0.300000,0.000538,0.003524,0.000108,-0.000003
1.184559,0.286609,0.813393,0.001752,0.001466,-0.144607,-0.989487,-0.285683,0.073973,0.012323,0.538676,-0.201047,-0.034572,-0.134750,0.015004,-0.076016,0.239096,-0.108272,-0.023558,-0.003265,0.001369,0.300000,-0.000595,0.003451,-0.000107,0.001148,-0.300000,0.000514,0.003503,0.000107,-0.000005
1.190667,0.291733,0.813144,0.002018,0.000549,-0.144476,-0.989506,-0.322073,0.073965,0.012536,0.555527,-0.201575,-0.033942,-0.125725,0.010372,-0.077062,0.238682,-0.118008,-0.017832,-0.003046,0.001458,0.300000,-0.000612,0.003493,-0.000107,0.001205,-0.300000,0.000498,0.003525,0.000107,-0.000007
1.196821,0.298527,0.812549,-0.002433,0.000379,0.144197,0.989546,-0.352600,0.073642,0.013068,0.558257,-0.201928,-0.033367,-0.118646,0.003615,-0.077407,0.243004,-0.130453,-0.009785,-0.002856,0.001576,0.300000,-0.000630,0.003562,-0.000109,0.001304,-0.300000,0.000485,0.003584,0.000108,-0.000010
1.203238,0.307088,0.811412,-0.003029,0.000942,0.143860,0.989593,-0.372713,0.071865,0.015314,0.546226,-0.201848,-0.032856,-0.113110,-0.005311,-0.077452,0.253624,-0.146806,0.000768,-0.002687,0.001727,0.300000,-0.000648,0.003657,-0.000110,0.001449,-0.300000,0.000474,0.003679,0.000109,-0.000014
1.210107,0.317452,0.809486,-0.004232,0.001134,0.143569,0.989631,-0.374925,0.067592,0.019438,0.508544,-0.197358,-0.032435,-0.108979,-0.015520,-0.077525,0.270723,-0.167437,0.013765,-0.002550,0.001887,0.300000,-0.000661,0.003745,-0.000112,0.001625,-0.300000,0.000467,0.003787,0.000111,-0.000019
1.217734,0.329320,0.806450,-0.006935,0.000504,0.143232,0.989665,-0.350150,0.061442,0.023730,0.435162,-0.159749,-0.029013,-0.104482,-0.024359,-0.078019,0.293058,-0.191927,0.028476,-0.002350,0.002366,0.300000,-0.000666,0.003862,-0.000114,0.001917,-0.300000,0.000471,0.003928,0.000114,-0.000025
1.225601,0.342155,0.804675,-0.007787,0.000216,0.144463,0.989480,-0.314205,0.047272,0.029455,0.383592,-0.064332,-0.012726,-0.099905,-0.038925,-0.080138,0.315644,-0.207032,0.044821,-0.005264,0.002191,0.300000,-0.000688,0.003928,-0.000116,0.001666,-0.300000,0.000452,0.003953,0.000114,-0.000014
1.232332,0.353385,0.808238,-0.004685,0.000831,0.145492,0.989348,-0.278993,0.027954,0.041417,0.350603,-0.073514,0.000835,-0.126861,-0.057674,-0.053904,0.378764,-0.189173,0.054547,-0.007155,0.000600,0.300000,-0.000691,0.003827,-0.000116,0.000585,-0.300000,0.000443,0.003837,0.000113,-0.000007
1.238668,0.361341,0.811573,-0.003488,0.001598,0.146382,0.989221,-0.244656,0.016561,0.050991,0.311637,-0.075645,0.008594,-0.171881,-0.058419,-0.015585,0.449184,-0.194276,0.054974,-0.007498,-0.001520,0.300000,-0.000666,0.003631,-0.000112,0.000207,-0.300000,0.000464,0.003682,0.000110,-0.000008
1.244592,0.367013,0.813327,-0.003066,0.002003,0.147829,0.989006,-0.219560,0.009652,0.055584,0.285092,-0.076145,0.012775,-0.215776,-0.056270,-0.004180,0.493053,-0.195622,0.054816,-0.007764,-0.003079,0.300000,-0.000625,0.003438,-0.000108,0.000065,-0.300000,0.000505,0.003574,0.000108,-0.000007
1.249782,0.370955,0.813290,-0.002120,0.002098,0.149249,0.988795,-0.208527,0.004409,0.056868,0.281624,-0.083211,0.015111,-0.256388,-0.055330,-0.002183,0.513310,-0.196180,0.054817,-0.007832,-0.003660,0.300000,-0.000574,0.003264,-0.000104,-0.000152,-0.300000,0.000548,0.003426,0.000106,-0.000002
1.254480,0.373748,0.811522,-0.000661,-0.001596,-0.150346,-0.988632,-0.208116,-0.002347,0.057331,0.299269,-0.099139,0.016645,-0.283845,-0.056938,-0.001917,0.504478,-0.194640,0.054846,-0.007802,-0.003721,0.300000,-0.000532,0.003212,-0.000103,-0.000297,-0.300000,0.000565,0.003321,0.000104,0.000007
1.258883,0.375304,0.808216,-0.005439,-0.000821,-0.151007,-0.988518,-0.215372,-0.011040,0.057586,0.332167,-0.121833,0.017203,-0.295934,-0.058630,-0.001600,0.468969,-0.175561,0.055201,-0.007730,-0.003718,0.300000,-0.000516,0.003183,-0.000102,-0.000429,-0.300000,0.000566,0.003213,0.000103,0.000016
1.263212,0.375630,0.803958,0.011310,-0.000011,0.151215,0.988436,-0.226338,-0.020006,0.057876,0.372133,-0.147703,0.016639,-0.295628,-0.060350,-0.001720,0.431852,-0.146216,0.035090,-0.007553,-0.003659,0.300000,-0.000504,0.003191,-0.000103,-0.000476,-0.300000,0.000574,0.003177,0.000102,0.000019
1.267781,0.374385,0.802904,0.010430,-0.001704,0.151440,0.988410,-0.227127,-0.012884,0.056521,0.390219,-0.162104,0.012482,-0.293631,-0.053899,-0.004354,0.443057,-0.155128,0.018266,-0.007168,-0.003640,0.300000,-0.000468,0.003154,-0.000102,-0.000454,-0.300000,0.000617,0.003224,0.000104,0.000001
1.271613,0.372970,0.803312,0.007850,-0.001294,0.151636,0.988405,-0.226012,-0.003844,0.054664,0.392708,-0.167624,0.008260,-0.289195,-0.045634,-0.008441,0.442318,-0.159168,0.015716,-0.006964,-0.003645,0.300000,-0.000459,0.003070,-0.000100,-0.000548,-0.300000,0.000615,0.003115,0.000102,0.000001
1.274794,0.371908,0.803751,0.005805,0.000041,0.151338,0.988465,-0.225948,0.003039,0.053882,0.392807,-0.171215,0.004820,-0.284497,-0.038935,-0.011064,0.435518,-0.159600,0.013662,-0.006606,-0.003588,0.300000,-0.000466,0.003065,-0.000100,-0.000611,-0.300000,0.000608,0.003055,0.000101,0.000003
1.277614,0.371156,0.804060,-0.004106,-0.001220,-0.150962,-0.988530,-0.225976,0.008698,0.053369,0.393418,-0.174687,0.002032,-0.279283,-0.033353,-0.013159,0.427672,-0.159341,0.011648,-0.006449,-0.003535,0.300000,-0.000483,0.003074,-0.000100,-0.000622,-0.300000,0.000596,0.003048,0.000101,0.000002
1.280159,0.370614,0.804245,-0.002395,-0.001941,-0.150753,-0.988567,-0.226259,0.014101,0.052425,0.395711,-0.178609,-0.000315,-0.273575,-0.028111,-0.015471,0.420329,-0.159197,0.009785,-0.006363,-0.003504,0.300000,-0.000502,0.003072,-0.000100,-0.000607,-0.300000,0.000582,0.003066,0.000101,0.000000
1.282390,0.370255,0.804286,-0.000686,-0.002333,-0.150708,-0.988575,-0.227182,0.019202,0.050998,0.399759,-0.183083,-0.002305,-0.268319,-0.023245,-0.017784,0.414507,-0.159470,0.008202,-0.006275,-0.003480,0.300000,-0.000519,0.003061,-0.000101,-0.000604,-0.300000,0.000566,0.003071,0.000101,-0.000001
1.284316,0.370128,0.804250,-0.000794,0.002503,0.150597,0.988592,-0.227861,0.023506,0.049949,0.403959,-0.187492,-0.003845,-0.263725,-0.019195,-0.019487,0.410105,-0.160071,0.007098,-0.006150,-0.003438,0.300000,-0.000528,0.003064,-0.000101,-0.000618,-0.300000,0.000554,0.003063,0.000101,-0.000001
1.285941,0.370243,0.804184,-0.002016,0.002558,0.150411,0.988618,-0.228192,0.026879,0.049333,0.407732,-0.191510,-0.004876,-0.259788,-0.016046,-0.020579,0.406718,-0.160814,0.006437,-0.006037,-0.003397,0.300000,-0.000535,0.003065,-0.000101,-0.000631,-0.300000,0.000548,0.003052,0.000101,-0.000001
1.287267,0.370570,0.804103,-0.002970,0.002597,0.150260,0.988639,-0.228339,0.029229,0.048886,0.410877,-0.194972,-0.005493,-0.256706,-0.013866,-0.021249,0.404366,-0.161687,0.006105,-0.005954,-0.003365,0.300000,-0.000540,0.003058,-0.000101,-0.000637,-0.300000,0.000543,0.003046,0.000101,-0.000001
1.288330,0.371047,0.804019,-0.003674,0.002681,0.150206,0.988644,-0.228426,0.030644,0.048472,0.413338,-0.197818,-0.005817,-0.254488,-0.012579,-0.021692,0.402923,-0.162668,0.006095,-0.005893,-0.003338,0.300000,-0.000544,0.003047,-0.000101,-0.000635,-0.300000,0.000539,0.003042,0.000101,-0.000001
1.289157,0.371618,0.803941,-0.004146,0.002820,0.150259,0.988634,-0.228469,0.031236,0.048060,0.415091,-0.200016,-0.005847,-0.253053,-0.012080,-0.021993,0.402246,-0.163713,0.006369,-0.005840,-0.003310,0.300000,-0.000546,0.003037,-0.000101,-0.000631,-0.300000,0.000537,0.003040,0.000101,-0.000001
1.289784,0.372208,0.803877,-0.004469,0.002973,0.150366,0.988616,-0.228482,0.031345,0.047675,0.416314,-0.201682,-0.005647,-0.252114,-0.012024,-0.022170,0.401961,-0.164665,0.006825,-0.005776,-0.003276,0.300000,-0.000547,0.003032,-0.000101,-0.000631,-0.300000,0.000536,0.003038,0.000101,-0.000001
1.290258,0.372739,0.803826,-0.004740,0.003090,0.150450,0.988601,-0.228481,0.031371,0.047376,0.417271,-0.203010,-0.005356,-0.251356,-0.012028,-0.022242,0.401701,-0.165387,0.007326,-0.005702,-0.003234,0.300000,-0.000546,0.003033,-0.000101,-0.000634,-0.300000,0.000538,0.003033,0.000101,0.000000
1.290604,0.373171,0.803790,-0.004950,0.003169,0.150505,0.988592,-0.228459,0.031367,0.047166,0.417979,-0.204014,-0.005059,-0.250753,-0.012048,-0.022228,0.401462,-0.165925,0.007796,-0.005631,-0.003191,0.300000,-0.000545,0.003036,-0.000101,-0.000636,-0.300000,0.000539,0.003030,0.000101,0.000000
1.290839,0.373483,0.803767,-0.005091,0.003222,0.150541,0.988586,-0.228413,0.031338,0.047023,0.418418,-0.204694,-0.004810,-0.250311,-0.012079,-0.022149,0.401264,-0.166302,0.008182,-0.005566,-0.003147,0.300000,-0.000544,0.003040,-0.000101,-0.000634,-0.300000,0.000542,0.003028,0.000101,0.000001
1.290990,0.373680,0.803752,-0.005169,0.003245,0.150569,0.988581,-0.228347,0.031303,0.046913,0.418677,-0.205141,-0.004632,-0.249993,-0.012110,-0.022041,0.401132,-0.166563,0.008469,-0.005505,-0.003101,0.300000,-0.000542,0.003045,-0.000102,-0.000628,-0.300000,0.000544,0.003030,0.000101,0.000001
1.291072,0.373783,0.803740,-0.005199,0.003227,0.150599,0.988576,-0.228272,0.031272,0.046807,0.418853,-0.205412,-0.004524,-0.249756,-0.012136,-0.021929,0.401088,-0.166750,0.008660,-0.005444,-0.003052,0.300000,-0.000541,0.003052,-0.000102,-0.000617,-0.300000,0.000546,0.003035,0.000102,0.000002
1.291097,0.373814,0.803729,-0.005196,0.003176,0.150634,0.988571,-0.228192,0.031247,0.046697,0.418964,-0.205538,-0.004478,-0.249590,-0.012156,-0.021822,0.401125,-0.166878,0.008769,-0.005384,-0.003001,0.300000,-0.000540,0.003060,-0.000102,-0.000602,-0.300000,0.000548,0.003041,0.000102,0.000002
1.291077,0.373796,0.803721,-0.005170,0.003096,0.150676,0.988565,-0.228105,0.031228,0.046580,0.419027,-0.205557,-0.004476,-0.249464,-0.012172,-0.021726,0.401216,-0.166961,0.008816,-0.005324,-0.002948,0.300000,-0.000540,0.003069,-0.000102,-0.000585,-0.300000,0.000549,0.003050,0.000102,0.000002
1.291025,0.373744,0.803713,-0.005130,0.002995,0.150726,0.988558,-0.228012,0.031212,0.046452,0.419056,-0.205500,-0.004507,-0.249359,-0.012184,-0.021645,0.401340,-0.167008,0.008820,-0.005264,-0.002892,0.300000,-0.000540,0.003080,-0.000102,-0.000564,-0.300000,0.000551,0.003061,0.000102,0.000002
1.290951,0.373670,0.803707,-0.005081,0.002882,0.150783,0.988550,-0.227919,0.031198,0.046318,0.419060,-0.205388,-0.004558,-0.249275,-0.012195,-0.021573,0.401484,-0.167027,0.008793,-0.005203,-0.002835,0.300000,-0.000540,0.003092,-0.000103,-0.000541,-0.300000,0.000552,0.003072,0.000102,0.000003
1.290865,0.373584,0.803702,-0.005027,0.002767,0.150843,0.988541,-0.227832,0.031184,0.046180,0.419043,-0.205241,-0.004623,-0.249210,-0.012205,-0.021507,0.401640,-0.167030,0.008746,-0.005143,-0.002775,0.300000,-0.000540,0.003106,-0.000103,-0.000515,-0.300000,0.000554,0.003085,0.000103,0.000003
1.290777,0.373491,0.803698,-0.004971,0.002657,0.150905,0.988532,-0.227756,0.031169,0.046038,0.419009,-0.205074,-0.004698,-0.249164,-0.012214,-0.021444,0.401798,-0.167025,0.008688,-0.005083,-0.002714,0.300000,-0.000540,0.003120,-0.000103,-0.000488,-0.300000,0.000555,0.003098,0.000103,0.000003
1.290694,0.373397,0.803695,-0.004916,0.002559,0.150970,0.988523,-0.227691,0.031154,0.045891,0.418958,-0.204898,-0.004779,-0.249136,-0.012223,-0.021384,0.401955,-0.167021,0.008623,-0.005023,-0.002651,0.300000,-0.000540,0.003135,-0.000103,-0.000460,-0.300000,0.000556,0.003112,0.000103,0.000003
1.290623,0.373303,0.803693,-0.004861,0.002479,0.151036,0.988513,-0.227641,0.031137,0.045741,0.418894,-0.204723,-0.004865,-0.249125,-0.012231,-0.021325,0.402107,-0.167026,0.008555,-0.004964,-0.002588,0.300000,-0.000540,0.003150,-0.000104,-0.000430,-0.300000,0.000557,0.003127,0.000103,0.000003
1.290568,0.373213,0.803692,-0.004810,0.002419,0.151104,0.988503,-0.227606,0.031119,0.045585,0.418816,-0.204557,-0.004955,-0.249130,-0.012237,-0.021268,0.402250,-0.167045,0.008485,-0.004905,-0.002525,0.300000,-0.000540,0.003165,-0.000104,-0.000399,-0.300000,0.000559,0.003142,0.000104,0.000003
1.290533,0.373129,0.803691,-0.004762,0.002381,0.151174,0.988493,-0.227586,0.031101,0.045424,0.418725,-0.204405,-0.005047,-0.249150,-0.012242,-0.021212,0.402383,-0.167083,0.008417,-0.004847,-0.002462,0.300000,-0.000540,0.003181,-0.000104,-0.000368,-0.300000,0.000560,0.003156,0.000104,0.000003
1.290520,0.373053,0.803692,-0.004719,0.002367,0.151245,0.988482,-0.227580,0.031081,0.045257,0.418625,-0.204271,-0.005141,-0.249181,-0.012246,-0.021158,0.402504,-0.167141,0.008350,-0.004790,-0.002399,0.300000,-0.000541,0.003196,-0.000104,-0.000337,-0.300000,0.000561,0.003171,0.000104,0.000003
1.290528,0.372984,0.803693,-0.004680,0.002375,0.151318,0.988471,-0.227587,0.031061,0.045085,0.418515,-0.204156,-0.005237,-0.249222,-0.012249,-0.021105,0.402614,-0.167221,0.008286,-0.004734,-0.002337,0.300000,-0.000541,0.003210,-0.000105,-0.000306,-0.300000,0.000562,0.003185,0.000104,0.000003
1.290558,0.372924,0.803695,-0.004647,0.002404,0.151391,0.988460,-0.227606,0.031040,0.044908,0.418398,-0.204064,-0.005332,-0.249272,-0.012250,-0.021054,0.402711,-0.167323,0.008226,-0.004678,-0.002276,0.300000,-0.000541,0.003224,-0.000105,-0.000276,-0.300000,0.000563,0.003198,0.000105,0.000003
1.290608,0.372873,0.803697,-0.004618,0.002453,0.151466,0.988449,-0.227636,0.031019,0.044726,0.418277,-0.203992,-0.005428,-0.249326,-0.012250,-0.021004,0.402797,-0.167445,0.008170,-0.004622,-0.002217,0.300000,-0.000541,0.003237,-0.000105,-0.000247,-0.300000,0.000563,0.003211,0.000105,0.000003
1.290674,0.372829,0.803700,-0.004594,0.002517,0.151541,0.988437,-0.227674,0.030998,0.044540,0.418154,-0.203940,-0.005522,-0.249383,-0.012249,-0.020954,0.402872,-0.167585,0.008119,-0.004567,-0.002159,0.300000,-0.000541,0.003250,-0.000105,-0.000219,-0.300000,0.000564,0.003223,0.000105,0.000003
1.290756,0.372793,0.803702,-0.004574,0.002595,0.151617,0.988425,-0.227718,0.030977,0.044351,0.418030,-0.203907,-0.005615,-0.249441,-0.012247,-0.020906,0.402936,-0.167740,0.008073,-0.004513,-0.002103,0.300000,-0.000542,0.003261,-0.000105,-0.000193,-0.300000,0.000565,0.003235,0.000105,0.000003
1.290850,0.372764,0.803705,-0.004557,0.002682,0.151693,0.988414,-0.227767,0.030957,0.044159,0.417907,-0.203889,-0.005706,-0.249498,-0.012244,-0.020858,0.402992,-0.167907,0.008031,-0.004459,-0.002048,0.300000,-0.000542,0.003272,-0.000106,-0.000167,-0.300000,0.000566,0.003245,0.000105,0.000003
1.290951,0.372740,0.803708,-0.004544,0.002775,0.151769,0.988402,-0.227819,0.030936,0.043967,0.417789,-0.203885,-0.005794,-0.249551,-0.012240,-0.020811,0.403040,-0.168081,0.007993,-0.004406,-0.001996,0.300000,-0.000542,0.003282,-0.000106,-0.000143,-0.300000,0.000566,0.003254,0.000106,0.000003
1.291057,0.372720,0.803710,-0.004533,0.002871,0.151845,0.988390,-0.227872,0.030917,0.043773,0.417676,-0.203890,-0.005879,-0.249598,-0.012236,-0.020764,0.403081,-0.168260,0.007960,-0.004353,-0.001945,0.300000,-0.000542,0.003290,-0.000106,-0.000121,-0.300000,0.000567,0.003263,0.000106,0.000004
1.291163,0.372704,0.803713,-0.004525,0.002966,0.151920,0.988378,-0.227926,0.030898,0.043579,0.417570,-0.203902,-0.005961,-0.249640,-0.012231,-0.020717,0.403117,-0.168438,0.007930,-0.004301,-0.001896,0.300000,-0.000542,0.003298,-0.000106,-0.000099,-0.300000,0.000568,0.003270,0.000106,0.000004
1.291269,0.372691,0.803715,-0.004517,0.003058,0.151995,0.988366,-0.227977,0.030881,0.043386,0.417472,-0.203918,-0.006039,-0.249674,-0.012226,-0.020670,0.403148,-0.168614,0.007903,-0.004249,-0.001848,0.300000,-0.000542,0.003305,-0.000106,-0.000080,-0.300000,0.000568,0.003277,0.000106,0.000004
1.291369,0.372678,0.803717,-0.004511,0.003143,0.152068,0.988355,-0.228027,0.030864,0.043195,0.417383,-0.203934,-0.006114,-0.249699,-0.012221,-0.020623,0.403177,-0.168783,0.007880,-0.004198,-0.001803,0.300000,-0.000542,0.003312,-0.000106,-0.000061,-0.300000,0.000568,0.003283,0.000106,0.000004
1.291461,0.372666,0.803718,-0.004504,0.003220,0.152141,0.988343,-0.228073,0.030848,0.043005,0.417305,-0.203948,-0.006184,-0.249716,-0.012215,-0.020575,0.403203,-0.168943,0.007859,-0.004148,-0.001758,0.300000,-0.000542,0.003317,-0.000106,-0.000043,-0.300000,0.000569,0.003288,0.000106,0.000004
1.291545,0.372654,0.803720,-0.004498,0.003287,0.152213,0.988332,-0.228116,0.030834,0.042817,0.417236,-0.203958,-0.006251,-0.249723,-0.012210,-0.020527,0.403228,-0.169090,0.007839,-0.004098,-0.001715,0.300000,-0.000542,0.003322,-0.000106,-0.000027,-0.300000,0.000569,0.003293,0.000106,0.000004
1.291617,0.372640,0.803721,-0.004492,0.003343,0.152283,0.988321,-0.228155,0.030821,0.042633,0.417178,-0.203961,-0.006313,-0.249722,-0.012205,-0.020478,0.403252,-0.169225,0.007822,-0.004049,-0.001674,0.300000,-0.000542,0.003326,-0.000106,-0.000011,-0.300000,0.000570,0.003297,0.000106,0.000004
1.291678,0.372624,0.803721,-0.004485,0.003387,0.152352,0.988310,-0.228190,0.030809,0.042451,0.417129,-0.203957,-0.006372,-0.249712,-0.012199,-0.020429,0.403276,-0.169344,0.007806,-0.004001,-0.001633,0.300000,-0.000542,0.003330,-0.000106,0.000004,-0.300000,0.000570,0.003301,0.000106,0.000004
1.291726,0.372607,0.803721,-0.004477,0.003418,0.152420,0.988300,-0.228221,0.030798,0.042272,0.417091,-0.203944,-0.006427,-0.249695,-0.012194,-0.020379,0.403300,-0.169448,0.007791,-0.003953,-0.001593,0.300000,-0.000542,0.003334,-0.000106,0.000019,-0.300000,0.000570,0.003304,0.000106,0.000004
1.291761,0.372588,0.803721,-0.004468,0.003438,0.152487,0.988289,-0.228249,0.030788,0.042096,0.417062,-0.203922,-0.006478,-0.249670,-0.012189,-0.020329,0.403324,-0.169536,0.007777,-0.003906,-0.001554,0.300000,-0.000542,0.003337,-0.000107,0.000033,-0.300000,0.000571,0.003307,0.000106,0.000004
1.291784,0.372566,0.803721,-0.004458,0.003447,0.152553,0.988279,-0.228274,0.030778,0.041924,0.417042,-0.203891,-0.006526,-0.249638,-0.012184,-0.020277,0.403348,-0.169609,0.007765,-0.003859,-0.001516,0.300000,-0.000542,0.003340,-0.000107,0.000047,-0.300000,0.000571,0.003311,0.000106,0.000004
1.291796,0.372542,0.803721,-0.004448,0.003445,0.152617,0.988269,-0.228296,0.030770,0.041754,0.417029,-0.203851,-0.006572,-0.249602,-0.012179,-0.020225,0.403373,-0.169667,0.007752,-0.003813,-0.001478,0.300000,-0.000542,0.003343,-0.000107,0.000061,-0.300000,0.000571,0.003314,0.000106,0.000004
1.291797,0.372516,0.803720,-0.004437,0.003434,0.152681,0.988260,-0.228317,0.030763,0.041587,0.417023,-0.203803,-0.006614,-0.249560,-0.012174,-0.020173,0.403398,-0.169712,0.007741,-0.003767,-0.001440,0.300000,-0.000542,0.003346,-0.000107,0.000075,-0.300000,0.000571,0.003317,0.000107,0.000004
1.291789,0.372489,0.803719,-0.004425,0.003415,0.152743,0.988250,-0.228337,0.030756,0.041423,0.417024,-0.203748,-0.006654,-0.249516,-0.012169,-0.020119,0.403423,-0.169745,0.007730,-0.003723,-0.001403,0.300000,-0.000542,0.003349,-0.000107,0.000089,-0.300000,0.000572,0.003320,0.000107,0.000004
1.291774,0.372460,0.803718,-0.004413,0.003390,0.152805,0.988241,-0.228357,0.030750,0.041262,0.417029,-0.203687,-0.006692,-0.249469,-0.012164,-0.020065,0.403448,-0.169768,0.007720,-0.003679,-0.001366,0.300000,-0.000542,0.003352,-0.000107,0.000104,-0.300000,0.000572,0.003323,0.000107,0.000004
1.291752,0.372431,0.803717,-0.004401,0.003361,0.152866,0.988232,-0.228377,0.030744,0.041102,0.417038,-0.203621,-0.006727,-0.249421,-0.012160,-0.020010,0.403471,-0.169782,0.007711,-0.003635,-0.001329,0.300000,-0.000542,0.003355,-0.000107,0.000118,-0.300000,0.000572,0.003326,0.000107,0.000004
1.291726,0.372401,0.803717,-0.004389,0.003328,0.152925,0.988222,-0.228398,0.030739,0.040945,0.417051,-0.203552,-0.006761,-0.249373,-0.012155,-0.019955,0.403494,-0.169789,0.007703,-0.003592,-0.001292,0.300000,-0.000542,0.003359,-0.000107,0.000133,-0.300000,0.000572,0.003329,0.000107,0.000004
1.291697,0.372372,0.803716,-0.004377,0.003295,0.152985,0.988213,-0.228422,0.030733,0.040789,0.417066,-0.203482,-0.006793,-0.249324,-0.012151,-0.019899,0.403515,-0.169792,0.007696,-0.003550,-0.001255,0.300000,-0.000542,0.003362,-0.000107,0.000148,-0.300000,0.000573,0.003333,0.000107,0.000004
1.291667,0.372343,0.803715,-0.004366,0.003261,0.153044,0.988204,-0.228447,0.030728,0.040635,0.417083,-0.203411,-0.006824,-0.249277,-0.012146,-0.019842,0.403535,-0.169792,0.007691,-0.003508,-0.001219,0.300000,-0.000542,0.003365,-0.000107,0.000163,-0.300000,0.000573,0.003337,0.000107,0.000004
1.291637,0.372315,0.803714,-0.004356,0.003229,0.153102,0.988196,-0.228475,0.030723,0.040482,0.417101,-0.203342,-0.006854,-0.249231,-0.012141,-0.019785,0.403552,-0.169792,0.007686,-0.003467,-0.001183,0.300000,-0.000542,0.003369,-0.000107,0.000178,-0.300000,0.000573,0.003340,0.000107,0.000004
1.291609,0.372289,0.803714,-0.004346,0.003199,0.153159,0.988187,-0.228506,0.030718,0.040330,0.417119,-0.203274,-0.006883,-0.249187,-0.012136,-0.019728,0.403567,-0.169791,0.007683,-0.003427,-0.001147,0.300000,-0.000542,0.003372,-0.000107,0.000193,-0.300000,0.000573,0.003344,0.000107,0.000004
1.291583,0.372264,0.803713,-0.004338,0.003172,0.153217,0.988178,-0.228541,0.030714,0.040179,0.417137,-0.203210,-0.006911,-0.249146,-0.012131,-0.019670,0.403579,-0.169793,0.007681,-0.003387,-0.001111,0.300000,-0.000542,0.003376,-0.000107,0.000209,-0.300000,0.000574,0.003348,0.000107,0.000004
1.291561,0.372242,0.803713,-0.004330,0.003150,0.153273,0.988169,-0.228578,0.030709,0.040029,0.417154,-0.203151,-0.006939,-0.249106,-0.012126,-0.019611,0.403589,-0.169797,0.007681,-0.003347,-0.001075,0.300000,-0.000542,0.003379,-0.000107,0.000224,-0.300000,0.000574,0.003352,0.000107,0.000004
1.291543,0.372222,0.803712,-0.004324,0.003132,0.153330,0.988161,-0.228619,0.030703,0.039879,0.417171,-0.203096,-0.006966,-0.249069,-0.012121,-0.019552,0.403596,-0.169805,0.007683,-0.003308,-0.001040,0.096198,-0.000542,0.003383,-0.000107,0.000240,-0.090894,0.000574,0.003356,0.000107,0.000004
