-0.0032094358863257247,-0.00783392240000063,0.8050978873844681,0.04776822589632424,0.0856096414549851,-0.24253384009321263,0.9651769383353017,-0.4668171692912813,-0.03049050361057511,0.28958075247590265,0.1375101829730817,-0.10507528937407593,0.023898097044742675,-0.11825891570802977,-0.058187786641077315,-0.023454381916456053,0.13964720465483738,-0.13153538928617398,0.09715608099286273,0.16780701746183097,0.0014341528987437064,0.4451817600807899,-0.7791209798437261,-0.6027419891705539,-0.11354501129009266,0.03232753883577408,-0.5939452981458841,0.7100698951837001,-0.5717148480655925,0.07273879429095423,0.0
0.008304255395616985,-0.014311957220113566,0.8033423312972495,0.046047466960388195,0.08640239846340267,-0.24285757446571793,0.9651085197276689,-0.46527009310439954,-0.03912113626900748,0.31897808314665754,0.12951879928890064,-0.11213799944778163,0.026461400605130577,-0.09723087620478502,-0.05422318154470156,-0.03224804164852564,0.13678838555687628,-0.13655227566404426,0.09866837826049936,0.18825999381029,-0.001473138141234712,0.44857784898824854,-0.7796134074549207,-0.6184390865126983,-0.1142135135684605,0.01749930982265105,-0.5921689001564493,0.6886586779755431,-0.5874123536063924,0.0803218927821867,0.0
0.021819780739209333,-0.019660699359117295,0.8015798256475655,0.043642834435705415,0.08711896244300475,-0.2456106922846702,0.9644589038526825,-0.4623457081219573,-0.04400166151774655,0.32320066893609695,0.12993803202731094,-0.12560673638861145,0.03353476811679834,-0.0781686842291247,-0.05147864441445296,-0.034390804724607794,0.13929857084496494,-0.1403851403937577,0.09949413895093359,0.20668261104674895,-0.0034872709882070216,0.442649311822961,-0.7706316201013047,-0.6171763664263481,-0.11819386902235332,-0.009640269158033694,-0.5806633396676615,0.6528791533596936,-0.5921842669609468,0.08027852767497626,0.0
0.036759244221860506,-0.025620811982465803,0.7996699197753919,0.040136286263279024,0.08817529173715785,-0.24287601468172032,0.9652074585001842,-0.45477713019173693,-0.0482849549989398,0.3138364159514454,0.14216779258508994,-0.13259040515363724,0.03893365113215747,-0.06220263057112608,-0.046422801678276,-0.032651507917852395,0.15357671305760934,-0.1398232015156605,0.10450353067371618,0.2269241482080413,-0.014276104243867778,0.43085641203017816,-0.7609787130751897,-0.6023960740164954,-0.12758061046910954,-0.04250023969684079,-0.5719522174275935,0.6191244315018178,-0.5851403128148729,0.09281494680237762,0.0
0.05728005651256801,-0.03364842397593036,0.798556498213455,0.03976727909669844,0.09063284100194266,-0.24632110003124863,0.9641214484309321,-0.4419270869323484,-0.052005189936023766,0.30285875850198296,0.152615554550792,-0.15021248100634949,0.05497270472341509,-0.04536715343519875,-0.0487319554589837,-0.027352109059935494,0.1670171526228327,-0.12516499809580853,0.11425211013418086,0.24667823248830562,-0.01868757412830849,0.4204500255485032,-0.7564226417990729,-0.5953154010050199,-0.12652059977303381,-0.06169398263777187,-0.5645750012931483,0.5963222556551964,-0.5906158875476125,0.0901299861434815,0.0
0.0767862417071617,-0.03881699008026337,0.7981016486907518,0.03994276139481323,0.0935689909909481,-0.24406151129639145,0.9644083152072129,-0.4296713459072938,-0.057723970350757006,0.28890120373872896,0.1649525407424121,-0.17137313645913024,0.07534490652750744,-0.031766454854235265,-0.05352852467001343,-0.021060145884405364,0.18411142028774952,-0.1075633801946688,0.12261974715842908,0.26234139842972837,-0.027210840179011164,0.40615089965768353,-0.7554932820834167,-0.5762160891539481,-0.12633810702577716,-0.07669463853263458,-0.5579862294829836,0.592397267473092,-0.5937591259078521,0.09117156827715266,0.0
0.09542222274073459,-0.044043346523829296,0.7982142398578432,0.041052293591938294,0.09579788264869175,-0.23799365157135435,0.9656585818407052,-0.4135693041338442,-0.06674663355916924,0.26870103208846496,0.1717079709433633,-0.19295028869594993,0.09676809149210527,-0.028064699651617016,-0.059255567980958754,-0.005276253308622907,0.21667128390681414,-0.0714968085549406,0.13616621782735142,0.2722864044039522,-0.03634675607859816,0.3926163143992097,-0.7540550860381625,-0.5673965312678291,-0.1349967551724647,-0.07670528410950231,-0.5548907362247439,0.5984516810953733,-0.5933775814119855,0.10332914444167852,0.0
0.11419581150454433,-0.04553046653349472,0.7986906051514039,0.039695239679656935,0.09807658318815211,-0.2300785080566664,0.9674033036471044,-0.39823093028245643,-0.07612012836878054,0.24975777229643603,0.17895421215451462,-0.2176204893138904,0.11750625615608792,-0.035732923118211926,-0.06407071933390346,-0.0034239676753463413,0.269211763270537,-0.017207447275605525,0.15491660858011516,0.27280287687594734,-0.04468652667791121,0.3854124430609341,-0.7501825680499211,-0.5700541296495563,-0.13805412747148052,-0.07283645638282008,-0.5562399155214709,0.607053002194727,-0.6007296114094215,0.1111802871927744,0.0
0.1346735403160289,-0.04584595341093868,0.8003306032833845,0.03539099213570722,0.10000812209696776,-0.21601230643973873,0.9706103938537203,-0.3755583445452395,-0.08615913240961037,0.22220418736563358,0.17754010009175133,-0.23319949687909794,0.13505714286061749,-0.05208839067876441,-0.06685258967272223,-0.008713958064904565,0.34696206862606577,0.06138190365473553,0.16985635277520578,0.2617199238851695,-0.05356744397988668,0.3831483943168394,-0.756640727881928,-0.5702707397992772,-0.14933117393743428,-0.06058852254783003,-0.5521341609355221,0.6284614555498858,-0.5990372921612171,0.12518085711261556,0.0
0.15420407871482092,-0.04596978652370659,0.8025357608774215,0.02868585559935432,0.09990125631114265,-0.19515993509619808,0.9752484095907243,-0.3465361924803553,-0.09419022781421253,0.18518645249380836,0.1703210615090294,-0.24062366865087761,0.1466913861880886,-0.0847039711327354,-0.07160891516946338,-0.022461906033093317,0.4360614288064021,0.10358923017277086,0.1637589062878916,0.24257305097597578,-0.06274034011850392,0.3846546389825826,-0.7548949249203523,-0.578951340493149,-0.14560819327699054,-0.040030709783869564,-0.5485678126327654,0.6447683791255395,-0.6050873280423478,0.12512199964360202,0.0
0.17184705316580132,-0.046051449799983574,0.8046645387118464,0.023759372912074382,0.09863289903336603,-0.1744403541604188,0.9794271827285007,-0.3203918652401094,-0.10274098123751897,0.14531135268417114,0.16846249984117118,-0.24262059511273568,0.15397859777788267,-0.13151700400278202,-0.07218686446033713,-0.025753356943635404,0.5430683281189719,0.1252069084504464,0.1506787476058898,0.21514886223706553,-0.06871448924784762,0.393531193819045,-0.7564217244182859,-0.5866412398185274,-0.143814480426063,-0.021428620272122726,-0.5412835040130042,0.6639248863667988,-0.6084085615684981,0.12421958023306559,0.0
0.189225090336744,-0.04798598564131175,0.8063420713724173,0.020006542471322736,0.09624023213752399,-0.1441730372532691,0.9846581596196861,-0.29131080540086146,-0.11374745921215887,0.08535777294102674,0.1637844772919993,-0.2410105558252194,0.15767689490702344,-0.1786286932313586,-0.07655949498670488,-0.03811068313869504,0.6297084541762487,0.12506020859074055,0.13385140765968004,0.1801632854016823,-0.08143167231607451,0.3999393928881419,-0.7457161761490199,-0.5920432455069933,-0.16019353040851966,0.0032071104590891165,-0.5392550723929012,0.6653264373314836,-0.6200587924477456,0.13089849902184503,0.0
0.20463265962722735,-0.0488700191572892,0.8079460184982868,0.015053991953409878,0.09073372848739512,-0.11967086002188343,0.9885442089773558,-0.25789802983822624,-0.11819498355375066,0.030576799105496044,0.16004899444947523,-0.24070163643458814,0.16493390514500225,-0.23589048600952378,-0.0844452185616821,-0.0422965948451708,0.7059009424843111,0.09276180694683783,0.10378159069664417,0.13701870256877743,-0.08271808213712452,0.4067433462997706,-0.7372758630306481,-0.5916952323794684,-0.1678906554832907,0.02386587975994487,-0.535932807121073,0.6641120235723339,-0.6204908951803342,0.13502831064647913,0.0
0.22131059029533778,-0.051256600795880305,0.8090082685257775,0.012666413843002086,0.08572768733038501,-0.08757988466516146,0.9923810202676084,-0.22294747755391325,-0.12593223791309044,-0.030244981612201387,0.15398897263921746,-0.23759512725595155,0.1670095914838936,-0.3066469514728266,-0.0983361798556387,-0.06503122636491455,0.7710033654787297,0.06573768357703458,0.07557380621023346,0.08330310642297405,-0.08743391504271777,0.4121645284523525,-0.7181909752964266,-0.6005491853125489,-0.16984961668573065,0.049514040991415154,-0.533836365993011,0.6527210540000756,-0.6293699372751949,0.13782427720805665,0.0
0.23723119151191077,-0.0549819930778727,0.8092004805341217,0.009777011690391156,0.08265739346912597,-0.05934725644817608,0.9947613123254098,-0.19119458939147926,-0.1255172319700768,-0.07698451676719797,0.14568373256143385,-0.24436383303648504,0.164679658548846,-0.37193306340571286,-0.10361038795746119,-0.0803526164724985,0.7969981175444996,0.03974290962554865,0.06349045063702331,0.032864599000385096,-0.08885607242676805,0.43046452241717603,-0.7138239708386028,-0.6149205685276258,-0.15935433932193707,0.07548766319643592,-0.5338154128600469,0.6585045252018595,-0.6339148749776937,0.1307962206726474,0.0
0.25434595625058126,-0.060263891733204,0.80860521797036,0.008693832301965947,0.07944238893054596,-0.03510881389695231,0.9961830631503745,-0.1602206356209313,-0.12349293452303203,-0.12330176114891828,0.14229318461605728,-0.2524783109298795,0.15724858603789355,-0.43290710942920024,-0.11220529752233199,-0.08362978871610749,0.7696706641978283,0.0006728237990776507,0.05492210928292283,-0.01802431831252912,-0.08297015575416843,0.442658098950456,-0.6972202991387475,-0.6249972022752418,-0.14874340095885355,0.10125036976330448,-0.5416761946150999,0.6506585324048507,-0.6344419228707434,0.12328894319058382,0.0
0.27393819222760973,-0.06600151769824218,0.8072982882626928,0.00900865910299437,0.07966945820521694,-0.014034389848232071,0.9966818235485392,-0.13815427532954555,-0.12164715811672133,-0.16463002864458665,0.14794883903972994,-0.2635983240579078,0.14975271875373652,-0.4793635704790778,-0.11809434884169764,-0.08126843318370486,0.7091559961848211,-0.03752170204797948,0.05137702611788301,-0.05994131328118983,-0.07592229078044911,0.4452319055491349,-0.6803061458484303,-0.6307425879675014,-0.1470977366718377,0.12576781364283557,-0.5533864896292549,0.6467838659989164,-0.6342415466615333,0.11981471027489592,0.0
0.2939684330942874,-0.06730573847013042,0.8053250489174276,0.00813581628196533,0.08012742570877922,0.006236677108890828,0.9967319138069926,-0.1127932839208367,-0.12094405227815062,-0.20223869048056362,0.14741672579718326,-0.272889663109838,0.14144010158711662,-0.5251623443224674,-0.11779319807294283,-0.0673446102457779,0.6264492780487909,-0.04276715033625446,0.062009716051410306,-0.09911871174315193,-0.06718063119254108,0.44604191748898403,-0.6663053129406395,-0.6394195164748542,-0.13030462735796677,0.14549759007276636,-0.5557688468345977,0.6341114553339529,-0.6234927371746828,0.10687670855373348,0.0
0.3160632834491378,-0.06448220365976393,0.8025381460677279,0.00596658054842675,0.08134790620330647,0.025523603650937473,0.9963410378628231,-0.08675483597865709,-0.121370826395642,-0.24252888454171012,0.14829143893391522,-0.2827184704069449,0.13711800506159955,-0.5546307838649568,-0.1235581101775593,-0.06201031227841433,0.5088828743666889,-0.04893461809956377,0.08088149476476142,-0.12936579717080748,-0.06383105658032114,0.4426991211444585,-0.6479758293862053,-0.6421519522841785,-0.1186944135285985,0.16390487060212616,-0.5582302763575862,0.6200836902496222,-0.612287880103797,0.10170845533295873,0.0
0.3385829947821838,-0.06642095079706621,0.7995183651391947,0.006229348353536842,0.08285557926966763,0.04436550390836842,0.9955540418610811,-0.06054277437542156,-0.11812045996045144,-0.2813840191407331,0.14822347460221863,-0.28983708865776503,0.1279534132079226,-0.5833449120864693,-0.13572039612544795,-0.04108007352914358,0.39585258998483,-0.04246724248372279,0.10277646461660976,-0.15527401519793416,-0.06654255304160885,0.43821569112214154,-0.6424223057429785,-0.6426157229763849,-0.1159406867917183,0.1813582226408837,-0.5584859232443395,0.6171940612123309,-0.6001502866211736,0.10877072973540938,0.0
0.3587080182686249,-0.06829013765981304,0.7966782034696579,0.00581458778267956,0.08294921596592361,0.06245300582354843,0.9945779206292288,-0.0371148286062738,-0.11245665620112856,-0.31894810206298785,0.15231047363647113,-0.2953009545335786,0.12064769028173174,-0.6041267582247718,-0.14570011572159902,-0.01116093769302668,0.2852937311142685,-0.03662173258368662,0.1274931665819665,-0.17512585245874118,-0.06926618361205375,0.43490646734197125,-0.6352533391610233,-0.6402723394974105,-0.11299172963376476,0.1943678259167912,-0.5557993146945623,0.6084282448245897,-0.5915360917893374,0.10861137078635638,0.0
0.379107376555239,-0.07351695892903612,0.79409590938772,0.005852684026404002,0.08492968059249335,0.07669217978030125,0.993413813576543,-0.01245910699889076,-0.09994206996847892,-0.34843883735697057,0.14535004957700243,-0.2971436749138643,0.10824226909705055,-0.6253896832814524,-0.1540716399517008,0.011837390479573814,0.199846086606116,-0.04295756324346034,0.1441303467721262,-0.1891845351836361,-0.07214550947752232,0.4403011339196422,-0.63857013604551,-0.6455863633541137,-0.1148602573305471,0.2028383528669234,-0.5479965714694711,0.6058168008664602,-0.5803600072614135,0.10795074815465573,0.0
0.3965999006985765,-0.08063994598447877,0.791734424398856,0.00550126152057267,0.08625543496213409,0.08803064911648342,0.9923609932264096,0.006604034673450457,-0.08397247875815309,-0.36520326771900574,0.1432731772436403,-0.29986268903017343,0.09502414881950157,-0.6391111866279837,-0.15911788289622195,0.024352111585662452,0.1393729546900056,-0.047478409048793,0.15996379023103519,-0.1983746890598839,-0.07416102699098985,0.4457951974946874,-0.6256330652511797,-0.6479243881983517,-0.1008448991591683,0.20507566404217775,-0.53962105625242,0.5946407310853413,-0.5707063676515537,0.0968841692437218,0.0
0.4197125450323606,-0.0890403676007979,0.7891350252462894,0.005454907094536343,0.0896742514863006,0.09561036298268084,0.9913563592872556,0.02682338017091788,-0.06615875842708356,-0.37064628845135106,0.1452855380580635,-0.29425614785767484,0.08211774680975022,-0.6443623513337214,-0.1582324442207628,0.05038351801192703,0.1156320895863339,-0.03645702200104137,0.17355485133004833,-0.21230564053711265,-0.07170201097547654,0.4487203772299607,-0.6148976109039304,-0.6462937836573541,-0.0861914708977136,0.2058985135340848,-0.5333569219464888,0.5872083046635146,-0.5601910707961253,0.08615689253316929,0.0
0.44496282233439755,-0.0983753553201095,0.7865589830031996,0.00785203162108374,0.09221771596953748,0.10637109980264346,0.9900098118642866,0.04813728583707669,-0.05141278231639919,-0.3817511997844168,0.15348520369066637,-0.27609199549561214,0.06475008677022073,-0.6403801356331768,-0.16099289891619256,0.06573167304634589,0.12505312343231362,-0.01974850844302497,0.17711099140043532,-0.2253457037530052,-0.06291188030744888,0.45069722189962574,-0.6079949309193368,-0.6407763411775049,-0.08128478229983328,0.20816174000393842,-0.5334921448808458,0.5827031447435617,-0.5547963618729926,0.08138907253364029,0.0
0.47042366021699217,-0.10638835114537105,0.7848800023538594,0.009921000906717744,0.09270400349654206,0.11497604931386264,0.988983341397063,0.07069499785490607,-0.038671068605760806,-0.3886023033630467,0.1702279294876528,-0.24347614140282361,0.04819023100786878,-0.6259672691836029,-0.15897182505110427,0.08057941252749282,0.15240306538283466,0.005239505625983697,0.17643873675996968,-0.23744292007400372,-0.0506825203350235,0.4500413274134689,-0.6015308414649656,-0.623592457289978,-0.07036904146017654,0.20798198968603798,-0.532697671146296,0.5816836646024333,-0.5420081771809557,0.07728626223459908,0.0
0.49247658040878356,-0.11691605331588482,0.7848351100445848,0.0143274598268478,0.09096840251105705,0.12311632090470764,0.9881102393793858,0.0846022744829162,-0.03098681905199949,-0.398304770440058,0.19987674926510143,-0.19116898618392095,0.025842572478547123,-0.5993085109440173,-0.16213395372128175,0.08995216204649925,0.1862890125350024,0.02645752751723604,0.1703595644204348,-0.24072531465327424,-0.04335264327191518,0.44208536912308366,-0.5995341793094787,-0.6031674912723771,-0.07320361587119688,0.20975404772782408,-0.5331557472937588,0.574822236891167,-0.5342469979847994,0.07483288121390554,0.0
0.5154167914309855,-0.1233062878123465,0.7864374538572207,0.018239516674965817,0.08816068224072432,0.12976226076836134,0.987449629003221,0.0947033717388771,-0.030962559785194934,-0.4114648342944886,0.24453692590579162,-0.11864301765928115,-0.0066295263276827015,-0.5693251871446625,-0.15798386505767018,0.09713388443071272,0.22100154171788622,0.040962679256928036,0.15881689747676647,-0.23751188195017134,-0.029632465071712237,0.435442956032558,-0.5948375467308208,-0.5841820118127983,-0.07100462729206397,0.2093264152735687,-0.5334869076087544,0.5691676492746023,-0.5272717519772716,0.07534183097722716,0.0
0.5392273257693613,-0.12932073833355515,0.7899346155221824,0.025859526312425468,0.0835143700857928,0.1320132375279215,0.9873850009016074,0.08186899558032029,-0.04066304116718477,-0.4029774424558923,0.32256385772685336,-0.024597662988243743,-0.041699100996230025,-0.5358188373408432,-0.15576164162024703,0.11187173605178685,0.24647578759636712,0.022963460175560408,0.13719341411527805,-0.21701108390163362,-0.02041139530643811,0.4242404679534586,-0.5901637671255464,-0.5731190435559445,-0.06847413342724636,0.21043859704207546,-0.5377296923017505,0.562298404381787,-0.525531834955903,0.07046898756269943,0.0
0.5632458659201957,-0.13454468196022573,0.7949767909823465,0.03670869019538951,0.07632314262615868,0.13006758276193672,0.9878814067884227,0.04118686651848104,-0.06301836119041092,-0.3839924889890418,0.4380435259265718,0.08928698753105445,-0.07659000992711493,-0.4883438700672665,-0.1610788242257837,0.11559887104018421,0.2525794828416489,-0.0025420978899321897,0.10663255655748942,-0.183901643441043,-0.013360558632332027,0.4116473347875091,-0.5951398610058193,-0.5628192933410625,-0.06337560072630191,0.20359142624604812,-0.5474111615473795,0.5566172098927457,-0.528466439011174,0.06937280201497434,0.0
0.5883363220175547,-0.146331273767739,0.7994867580011967,0.048975448640953656,0.07234324962141359,0.12814364865951888,0.9879003314974931,-0.03397129139604945,-0.09394345682599216,-0.3204444151526019,0.5706694733538034,0.16569287839486907,-0.09415012196863815,-0.43829214386296544,-0.165096341208905,0.10500675207751689,0.24271336908758745,-0.035519436100244724,0.0831650248290397,-0.14701422519734778,-0.007259790703090553,0.3939996351905732,-0.6050334408267456,-0.553554037325027,-0.0604717215620813,0.1879654807170538,-0.5628404569499021,0.5609163558473449,-0.538300693383941,0.07335076927427579,0.0
0.6111568510604498,-0.15386063776846057,0.8028961374418094,0.05671312238733415,0.0691896681165797,0.1274180949896559,0.9878061756459127,-0.11950745488441065,-0.09883251872766956,-0.23874583153217105,0.6787257302560976,0.16192078722273542,-0.06658985866716544,-0.3932579812977398,-0.1673253776853287,0.08968832640002238,0.23653849687717537,-0.0646962656525253,0.06435043995645386,-0.10817354428171584,-0.00879799324035945,0.38531067576624045,-0.6198897095860623,-0.5551025449485537,-0.07166591729826267,0.16723742604907016,-0.5755981969102039,0.5522029879120836,-0.5577808277155147,0.08341366614174649,0.0
0.632363991121184,-0.1543745117235996,0.8042840617858649,0.056961285201283886,0.06706011722455965,0.11494332907073732,0.9894677275021064,-0.19621947952043517,-0.09846827089098273,-0.14844074090576098,0.7206806286946762,0.09364740083237513,-0.021153219076094593,-0.35412008381205967,-0.15695062324853132,0.07911006611142743,0.2259409109960192,-0.08694727708307325,0.07273495000065495,-0.05291276845537577,-0.006718192935912392,0.378784663580874,-0.6163453451058631,-0.5446653652677527,-0.08877128032418515,0.12644027164356447,-0.5761300607423914,0.5083555931371109,-0.5609763797323526,0.10810947510751963,0.0
0.6591330975502904,-0.1573978470260382,0.8052656851248231,0.05637283730618147,0.06968327572306222,0.10231459993299157,0.9907058427904352,-0.26010216513766,-0.0895773119718403,-0.06592673809810498,0.7151067363737016,0.01732154723550019,0.022724880881359526,-0.3144167737016055,-0.14147360134035855,0.07398742369196887,0.20737147161381447,-0.1094606315495134,0.07036004363096299,-0.006468699561366216,0.002380087684169842,0.38082686126824,-0.6197744897211905,-0.548704713357853,-0.09136865905989139,0.09235277434657321,-0.5759790231096571,0.48883027954322045,-0.5775589968939618,0.11639016938696915,0.0
0.6679383378765439,-0.15952252432247652,0.8059256360564003,0.054577483223408815,0.06820250726283465,0.09344646258440413,0.9917849943201016,-0.318391775067059,-0.08788701924208073,-0.0010406449083641238,0.6974204739636275,-0.022534189638526735,0.043377166925436014,-0.2904217122107772,-0.12952162741074813,0.06604694652125374,0.18984392591279448,-0.10504616929685592,0.07702443429538912,0.03836456882874394,0.012754857553238172,0.3859765210605252,-0.6305045373662435,-0.5490955783139454,-0.10537650981369293,0.0591233084417727,-0.5858735618644607,0.48261576620462665,-0.608016460899001,0.12986466664007013,0.0
0.673870297741895,-0.1589428406791997,0.8061141613406699,0.05085358835842399,0.06542497887934053,0.08482523919967437,0.992944189511389,-0.3691304130901715,-0.08761159198522947,0.03645495084623662,0.6671418575836293,-0.05222990586957609,0.0477572751707245,-0.2549521338652794,-0.11841860834295838,0.05303299439633945,0.1512884582114791,-0.09795206807129422,0.09345638164854633,0.08539984063582623,0.024055002478510626,0.39844939554066583,-0.6373614706899949,-0.5498780031391228,-0.12241373092093409,0.02846655742242341,-0.596009566489568,0.479914023466348,-0.644417572347566,0.1335770151149433,0.0
0.6936024720999783,-0.16211698432260965,0.8050219212113128,0.045857741596619234,0.06546356922592289,0.07500773309620597,0.993974561352367,-0.40411614732429657,-0.08264120057202701,0.07932029133645886,0.5930318668230198,-0.06997864824896523,0.050953237014270986,-0.2192874229098375,-0.09688244695162107,0.050385330567522486,0.1337674783742897,-0.10826830051750204,0.09828801450934886,0.12630536440089893,0.04100705231517935,0.40998242437623283,-0.6421425861542984,-0.543318006062761,-0.11551480936440585,-0.005552319658303401,-0.6001099182449591,0.46802321142251835,-0.6718663599459476,0.11665433248647739,0.0
0.7116876544397309,-0.163290467366627,0.8029643202923996,0.03914172879796297,0.0648536764302501,0.06377950913332511,0.9950849712134641,-0.4445878508409649,-0.07526646787716233,0.10719086087119113,0.5241849107174966,-0.08110211122935601,0.051763228943882605,-0.18895031640811952,-0.07470791953093597,0.05375411328042247,0.12336386980464129,-0.12313987944699246,0.09856997033658267,0.16526330513378246,0.0587373682073102,0.42345226493443244,-0.6579717790951253,-0.5385699910278802,-0.10645722530599407,-0.04222045563806873,-0.5990982732043054,0.470394032290143,-0.6941589117309609,0.1043561573539113,0.0
0.7327040048784667,-0.1652671373345785,0.799666105844952,0.031147095800583367,0.062384998010928255,0.05260246220143717,0.9961781725257353,-0.4687750574656607,-0.06454155127295028,0.1473395673865718,0.4199563251612199,-0.08190532193547045,0.04534310799622298,-0.15772072003604945,-0.048648318210865835,0.061999219508981955,0.12648937992321027,-0.14235119109833588,0.0988793902425469,0.19551212443040514,0.0773982389004884,0.43703373652915534,-0.659305160252402,-0.5244526653461288,-0.08996040491536346,-0.08272212047987927,-0.5789057226241219,0.4600126808570969,-0.7138871643225905,0.10485693810435713,0.0
0.7531229814298137,-0.16637789503093023,0.7963588082956727,0.02358733493958132,0.060460690937471785,0.04208238238356854,0.997004120139298,-0.493210268884722,-0.0542037942123103,0.15720651426874768,0.3130705766169628,-0.08803629725463495,0.029594885664916554,-0.12417121834636213,-0.026022070756081588,0.0784040404405351,0.12173519885780837,-0.15637930937199707,0.0950276732905084,0.22073365543815132,0.09080658014496377,0.44779841800899345,-0.6765863687783937,-0.5083113888584586,-0.08926510837461944,-0.11849615929430989,-0.5646114328768842,0.46136617851063844,-0.7186878749418291,0.09968233403707333,0.0
0.7760087857860892,-0.16797238277840337,0.7934183047833141,0.0181825331860373,0.05868977725117471,0.0321831451288408,0.9975916753375418,-0.5150206777360268,-0.046772169251786525,0.17645902649269396,0.21518294532570023,-0.09290486257173326,0.010154448253316434,-0.08369234007540859,-0.008723096455317787,0.08702857550811526,0.1116264657244183,-0.16525551327255328,0.09541518024301048,0.24339511306582118,0.10263987118570544,0.44726209192850475,-0.6724555600680893,-0.4885576889671296,-0.08237027675835318,-0.1445674052268814,-0.5545497404097298,0.45220285678651045,-0.7280075289659944,0.09730958916308842,0.0
0.7968370366141715,-0.17065947834368264,0.7910978631265992,0.015592102782300806,0.05574531622224351,0.026388362133611832,0.9979744487681107,-0.5312645769095649,-0.03593793092165011,0.18600508151618828,0.14437510495606592,-0.09668009849319767,-0.008149173231301725,-0.044310147728540694,0.002831900007003653,0.09634334583550658,0.10498177607301291,-0.1744603047381224,0.09081449250031222,0.25874063383567397,0.11621042799312667,0.445471181859274,-0.6772869048653459,-0.47899165841809727,-0.08105740919860416,-0.16275716301604087,-0.5377901442136377,0.45132945054132123,-0.7334894980857583,0.08410474705051366,0.0
0.8215324008560767,-0.1729451804850364,0.7891179056630699,0.013881111747243638,0.05487084911836442,0.02134844793085252,0.9981686973776701,-0.5375293966925643,-0.027273754742177747,0.20559602883539385,0.1142645704722201,-0.09158374689087483,-0.013593787933554884,-0.006616386530741314,0.011667931336841367,0.10235759802397597,0.10368779901637083,-0.17986149953592068,0.0868861352309913,0.2672706027159978,0.12439583168036632,0.4400741820578952,-0.6765749407501904,-0.4673782690158404,-0.07679223139698707,-0.17605170628870387,-0.5214380389283926,0.4541554883194787,-0.7359871278331503,0.08272319121890133,0.0
0.84459257817927,-0.17235906026980816,0.7872039999900546,0.011245330282758575,0.05434614777905934,0.018668610188368583,0.9982842890489881,-0.5317093606227661,-0.018860323062520223,0.22390528813070215,0.11806964235215424,-0.08573493182236208,-0.01000028964713396,0.024743419023227492,0.018350196956728702,0.11003615428360136,0.10880022708267217,-0.18077316921746428,0.08565806816717877,0.27138485621034647,0.12778815510941602,0.4311832770542179,-0.6734633473503595,-0.4560324012741754,-0.06480338043484071,-0.17842764422183516,-0.5043104596411246,0.46051706083591104,-0.7286355188311532,0.0799413612518287,0.0
0.8689305038197457,-0.1696844971973861,0.7859779542798533,0.009581788504937499,0.053751206725489414,0.017558268158474333,0.998353997499823,-0.516027987318653,-0.014603105405400177,0.2385448462267827,0.13731605102807615,-0.08214577592821021,0.0026347991816132402,0.052129890279544136,0.020731165068054003,0.11780489032222946,0.12463219506311386,-0.1713021827148669,0.08956319610079311,0.2710729523001695,0.11846653373599707,0.41345197817456447,-0.6629546710930758,-0.44012392903470376,-0.05728388523507987,-0.17159859120320367,-0.4857360405189924,0.47227622704504485,-0.7023275785803211,0.08234008397827355,0.0
0.8967450715368671,-0.16593955909713676,0.7858091442037353,0.009595707986111047,0.05525533919527637,0.015971298994209904,0.9982983960154895,-0.49135776417625476,-0.015401445846712311,0.24158644642236243,0.1551764866248421,-0.07500098716894027,0.015494122176016584,0.07286866268221212,0.018830269683912812,0.1303687431868089,0.1501535356525491,-0.13966710552296893,0.10237932280027384,0.267665096946786,0.10904705651091258,0.397873558366447,-0.6589722298971354,-0.43327381231768675,-0.05709003245101925,-0.15240145796722784,-0.4741578803470405,0.4862953847200571,-0.6792461753702441,0.0810798968758741,0.0
0.921480668544549,-0.15899375857035375,0.7867758355959941,0.011343874412842894,0.05491980991216209,0.018734991282035155,0.9982505352336061,-0.4598211630469548,-0.023327764529059575,0.2364799702550059,0.1718323214713765,-0.07446723867518915,0.03213433754391852,0.08709347294684289,0.011277498970038727,0.14355285026869136,0.18691050013526617,-0.08992630738206843,0.12601151742762873,0.2611328176291764,0.09053214336108517,0.375538703770564,-0.6485702991901258,-0.42965769478328275,-0.057249824791609324,-0.12369425206376239,-0.46459423992653587,0.4984703795410815,-0.6473669279166606,0.07386544113674096,0.0
0.942961769855687,-0.14956942898955275,0.789109744610501,0.011998016424829882,0.05751011707537568,0.02326797480385924,0.9980016209327387,-0.4367001738271305,-0.036738241203986846,0.2274520793851878,0.18638042397302512,-0.09902542574078876,0.05559251342408727,0.08437766346950087,0.005157049283660779,0.15304544980950946,0.24412062253105088,-0.027272677841550727,0.15887650223143465,0.24715824912746692,0.06219695576725671,0.3527141368791491,-0.6327718564962885,-0.4232085340222219,-0.06112106629093793,-0.08369029661024399,-0.4698966546149442,0.5055415528243757,-0.6121402935509431,0.06651846885645565,0.0
0.9705534780095018,-0.13965199567296324,0.7930109636506681,0.011074765859258503,0.059362913576920064,0.03165471056905862,0.9976729791628175,-0.4035610027696759,-0.0502021998386511,0.20316863443439187,0.19004278101000643,-0.133091432473813,0.08968689986342404,0.06491963239949679,0.006508606441087597,0.1575869613334346,0.33925034318299824,0.10603173669592367,0.20023632668083546,0.22361840243619607,0.0263984001430358,0.33127768248670425,-0.6215673829142279,-0.42498762632785425,-0.0736815362755342,-0.044798952779563,-0.4661349052143221,0.5078654522845848,-0.5752900636426443,0.06954516945315413,0.0
0.9964838721399931,-0.13067868952123268,0.7977133220126577,0.006100413419691957,0.058973897584703935,0.04367718021586532,0.9972848982553423,-0.36456639845437977,-0.05635616480282709,0.17261107632422257,0.18365874018189343,-0.15812748245900413,0.1147257813037061,0.0164696395275961,0.017590567607815147,0.1569703071960679,0.46263678793464513,0.20185948249324137,0.22586421422588854,0.1862503202001044,-0.0001798061569475394,0.32957947030244217,-0.6041860855949395,-0.43839820078960506,-0.08524951537155126,-0.013592450222583161,-0.45516049786902724,0.5060833963532172,-0.5328702200844028,0.06837729848529833,0.0
1.0256306457262465,-0.12640543947437854,0.8017547183859782,0.0036309670500466957,0.05925605794718068,0.06325618266192504,0.9962299890235601,-0.3247746397636689,-0.06324398688357112,0.12963370769212884,0.17786839460494086,-0.1821833137006329,0.13547262241031213,-0.05644076375911583,0.023629779323181638,0.1386587634731335,0.5965434151472391,0.2372415076731824,0.22079266059813116,0.13644952086109968,-0.026530218436417327,0.34138312829727463,-0.5990700131637244,-0.46447970554364293,-0.09472126593108537,0.01851269994194522,-0.44943744854559337,0.5151902243687273,-0.5109462815624894,0.06129022068055315,0.0
1.0489935483020671,-0.12412509115252826,0.8045750093746645,0.002663249323963749,0.05897611533770325,0.08275135203593717,0.9948200534061103,-0.28454373801229704,-0.06969902523380354,0.09675266715427626,0.15902780287702928,-0.19444965398180614,0.1428105844528004,-0.13277023598319676,0.02387817117327371,0.11290138723830051,0.7114148862438632,0.2199376144916841,0.1913353366533387,0.08056696673151359,-0.05594384657813572,0.36278450175885446,-0.5981403370506972,-0.49775054714228856,-0.10486731154645158,0.05531171267072909,-0.45417041101774797,0.5342793516198197,-0.5170795408043171,0.058392675727046234,0.0
1.071261766433852,-0.12083122797375054,0.805941861595575,0.004012520170506316,0.059067397422073974,0.10246200629660258,0.9929735542849759,-0.24780668736602177,-0.0801351233985414,0.06323766362245317,0.14441426698781562,-0.20922176413053434,0.14784357748675317,-0.21809238712239004,0.01585678932738554,0.08425369741989054,0.8030340236071307,0.17673286184850884,0.1676741615975232,0.025095932323775483,-0.08284217161918836,0.3845413713472971,-0.601583235871075,-0.5422271435018758,-0.10307539682968782,0.09109541955263988,-0.47511655357711424,0.5581868759219857,-0.5344096487632438,0.06598809989519104,0.0
1.0886366906712075,-0.11838954586134888,0.8065752960413751,0.0054136107548734165,0.055854039607358894,0.12140255734946899,0.9910158617031021,-0.21624180776561253,-0.08705981590145356,0.03117068584496878,0.14033616109929314,-0.21976388152606371,0.14861365570787047,-0.28964876214950547,0.01037569011597523,0.06082819664849761,0.8324792746810936,0.12661395590096838,0.1436191000445474,-0.02741954684621241,-0.11160020938002581,0.4055757024464624,-0.5870017164316246,-0.5773699809308378,-0.11176611771571797,0.11495050014699294,-0.4941343166223509,0.5616780034391676,-0.5482087850783988,0.07241566590023465,0.0
1.1050447705071187,-0.11171186342047205,0.8062264097178063,0.0063830775403769646,0.05517686020508463,0.14099801169959064,0.9884504697331994,-0.18970587399922137,-0.09846748381651568,-0.003507385315194617,0.13501638470501187,-0.23118328443904398,0.144323628142811,-0.354220183166242,-0.00797881136156445,0.03235951815178275,0.8123412395638252,0.07287217404445878,0.12182484222481836,-0.07926446490325904,-0.14695817718583198,0.4223617645789436,-0.5714164894503613,-0.6167684393202336,-0.13135894380990562,0.13645287857337282,-0.5206225127101192,0.5633584556539557,-0.5737133641371127,0.07812644677331144,0.0
1.1220552011523655,-0.10163381135331885,0.8053035358835747,0.005968610354808203,0.055895916326129065,0.15583643109369685,0.986182046567708,-0.16457452079320695,-0.10863865394162531,-0.0307877696256689,0.13237997856768935,-0.24583561085958167,0.13714651157463678,-0.4095552553227028,-0.0316124408467232,-0.003029231578462268,0.7588079014616993,0.021775727971952083,0.09963047421277196,-0.1186767975270063,-0.17416879683485953,0.4395080698011392,-0.542037115455136,-0.6665775802483787,-0.14200477735415867,0.15599481056719725,-0.5466949054912282,0.5432822493350267,-0.6050803569691469,0.08387017771710659,0.0
1.1398134992825024,-0.0912398324780621,0.8037176231194179,0.006858498384365242,0.05515684129364362,0.16916856360998114,0.9840186385148171,-0.14095567552604715,-0.11955930164710084,-0.06053614954319139,0.14214412718782327,-0.2608621039129117,0.1325798026781583,-0.4486640934192583,-0.05394546619678221,-0.03238960069395612,0.678052027391638,-0.01017681882285084,0.08950920509241003,-0.1530287555116339,-0.20453552355830956,0.442985222425252,-0.5213078960261305,-0.6908315502887905,-0.16318323387799283,0.17132092387186854,-0.5656299058222003,0.51290452454209,-0.6202069132438001,0.08812916120444095,0.0
1.158142537537483,-0.08450816269405886,0.8016115649462726,0.00942207581274775,0.05268703531194221,0.18736708740734986,0.9808307067755895,-0.11218628843595299,-0.12795627779384966,-0.1000358512282382,0.14767650451761494,-0.2737305999938525,0.12547391673031397,-0.4864719829999892,-0.07179588573981512,-0.05203886918327009,0.5652573757252151,-0.032084368596532825,0.08547588779346729,-0.1972978867856303,-0.2219564416846291,0.45257954840603515,-0.5056163195369381,-0.7468948027491494,-0.1663467000288567,0.18703320204364365,-0.5819168921659486,0.48812222599177335,-0.6229928601129918,0.08966280021323347,0.0
1.1774040660210674,-0.0753026573260929,0.7993352229035369,0.01120850697350417,0.05114980504212966,0.19810344167643262,0.9787814328089433,-0.07721923466576952,-0.1344180296852553,-0.1234146041665446,0.14445674037028552,-0.2839837669647786,0.1198509234986689,-0.5091368803471691,-0.08091071603060404,-0.0708334660205693,0.4414049563304842,-0.032960309032095264,0.10224579800373482,-0.22555028240340216,-0.2405586108375436,0.4530171207056383,-0.47795841333127836,-0.781986053253851,-0.16784143999848167,0.19580921616017485,-0.5911793313210878,0.4733215033243915,-0.6163746707534348,0.0940827858531496,0.0
1.197523632326539,-0.06933707152879978,0.7972299208470807,0.012837166654108138,0.04954550238120184,0.20744644721795097,0.9769065573957101,-0.04310609837498511,-0.13457520830388128,-0.14481070639417937,0.1422610200376357,-0.29205389943610194,0.11156597294597508,-0.52613699619654,-0.09026268506451891,-0.07955654657593239,0.32469925951601636,-0.037646974155564755,0.12162774272156698,-0.24818492369398468,-0.2501512627378996,0.4493002967774458,-0.4568029798814241,-0.8186205081959869,-0.15687811032385984,0.20367379992373316,-0.5924906370820326,0.45763755295806763,-0.6064192852409999,0.09738752113703246,0.0
1.2181554650344981,-0.06756433297918284,0.7956231313414502,0.014697956367560073,0.048282183654971514,0.2172197452394234,0.9748171023829257,-0.011086121380003186,-0.12845995491225928,-0.16661491164850023,0.1389574325497847,-0.2954178799434358,0.1015989000827744,-0.5377581969861293,-0.0933210075364839,-0.08325035458301525,0.22077921803264478,-0.04087742515744943,0.14399154862543814,-0.26368440438894986,-0.25843402167631513,0.44497910677491714,-0.4601938846973398,-0.8453805738879059,-0.15467850023769397,0.2104806187630966,-0.590362692938342,0.4562664566947437,-0.6065011864260983,0.10141769557358168,0.0
1.2394648061347766,-0.06691122796707127,0.7945301900109445,0.015786943163721062,0.048453744815187286,0.22308685480413076,0.9734655937692557,0.016969499255566865,-0.11868539219521412,-0.17726242851236992,0.13796579777048804,-0.2944759449651593,0.08970801404456706,-0.5469193452411718,-0.09507876735212684,-0.10057047987655751,0.13878826822513057,-0.038622937687992076,0.17117229463674763,-0.2721045442080647,-0.26142184029249127,0.44525919140834275,-0.46453961607257127,-0.8606663069695677,-0.1420038178236322,0.21309256244299848,-0.577929856100962,0.45920410589024957,-0.599234071826285,0.09900750133423007,0.0
1.262505758798996,-0.06708948136273182,0.7933694197607262,0.017527923896492464,0.0504930549619708,0.2290880132640523,0.9719371921390878,0.04038135214936767,-0.10880432416336838,-0.18673263410416444,0.14169402978491094,-0.28906797718812133,0.0767736529843374,-0.5492707762089184,-0.09664858265415768,-0.11461422523673885,0.10170342613866643,-0.02485773014997452,0.18482479234420293,-0.27986175875062635,-0.26240972271221885,0.43972707194144006,-0.46791765167861615,-0.8627261911513064,-0.13147901745390528,0.20985868486294923,-0.5638897591045405,0.46215615410836325,-0.5888822169937654,0.09389881749037772,0.0
1.2869653155380918,-0.06494825542208768,0.7924985046723032,0.017554369611389963,0.052345884319617154,0.2357473039838094,0.9702447944548364,0.06359217834863755,-0.09727959221082011,-0.20648658626009653,0.15016733600674853,-0.27657494548564954,0.06495212901332983,-0.5462723335958052,-0.10052256759779425,-0.11790424547729315,0.09064617207696969,-0.013460413307081965,0.18873892555162852,-0.2863906687236062,-0.25838502714684625,0.4288603155988816,-0.4826361234386344,-0.8485311437853417,-0.12336611348110524,0.20591222126465064,-0.5484141494484768,0.47505813832225835,-0.574630539395825,0.09217478912689984,0.0
1.3123966273306895,-0.06208989323462434,0.7922066408149397,0.017281120389271983,0.053957148440948025,0.2425922882508809,0.9684724935130643,0.08575632024044155,-0.08526107549496023,-0.22542591722602517,0.16328432060591502,-0.251086274050202,0.04809557040116245,-0.5350119080636483,-0.102248807324742,-0.11500166557945499,0.09903586099796441,0.008457167530138095,0.18517391010260026,-0.2913906297360552,-0.24736127393226087,0.41636543957268596,-0.4971639243829968,-0.8105315453526357,-0.11120044191650796,0.19827452102888424,-0.5321270670495181,0.49129118929236115,-0.5600903759965606,0.09007478938548133,0.0
1.3359684782939563,-0.059519473681216184,0.7931697401778338,0.017702091169584412,0.055509382060209916,0.24910824176308935,0.9667214843775946,0.10146880912354347,-0.07614716303951519,-0.24000258441867872,0.18296832216741177,-0.20857648594880848,0.02674550837427215,-0.5208299065202371,-0.10603055798518282,-0.10487072624408864,0.1191467930875224,0.028591824958390286,0.17609325466737719,-0.29170878924844806,-0.2295251763591063,0.40310190216204095,-0.5116983956251632,-0.7583922578863531,-0.10264456191869621,0.1876614334449067,-0.5154625419646466,0.5136897632520782,-0.5380341902607078,0.08865910977372002,0.0
1.3590116907428023,-0.0538567188983786,0.7952211077683348,0.017560890018727893,0.056607242632786894,0.2514048349667416,0.9660656521058021,0.11020837590810995,-0.07427050959026754,-0.25895855317920446,0.21922669211844287,-0.145771979359579,0.0034476671237270605,-0.5029172369667189,-0.10279224994354925,-0.08116996508366466,0.13790889848982152,0.044331196111208046,0.16629122209822345,-0.27978405151049024,-0.20965701890735416,0.37867327946440854,-0.519195587665796,-0.685647780304288,-0.07735615305416516,0.17630326243241892,-0.4958632948449381,0.5291526195022439,-0.5178923978995414,0.06706677588948758,0.0
1.3821984804890775,-0.05167243294509725,0.7983098497209282,0.0191859395534296,0.05543796444097354,0.2536715350584302,0.9655098570823569,0.11041174888234961,-0.07868180414753245,-0.27488349365168335,0.2748141982427559,-0.06073244495357775,-0.029350910305281662,-0.4759177091094528,-0.09580593309815455,-0.05871779443286841,0.1549547375635562,0.05110683668071272,0.1516836542710684,-0.2616738447175868,-0.17658715854439505,0.3624976150954805,-0.5292009508839062,-0.6226108439167556,-0.05055641943563375,0.1651516165369859,-0.4782939481866756,0.531062843425934,-0.49939071799685963,0.03523897454893383,0.0
1.405823326976853,-0.03257911134292131,0.801930901010678,0.02399149239146202,0.05150601413349329,0.25192343849950843,0.9660776987051792,0.09739503211680811,-0.09055721004905078,-0.2940390051871663,0.3498099569787937,0.05687805231097343,-0.08259983043176362,-0.4417395453791287,-0.09903291985698574,-0.02364864656666899,0.17496103945879152,0.02911885697734507,0.13532473603358075,-0.23233182786266768,-0.1478724335678159,0.3397169868571278,-0.5304873840705919,-0.5629209036624881,-0.04227843684783784,0.15446005308393718,-0.4745414289235688,0.5331968811257067,-0.4945073457296643,0.014608906804534309,0.0
1.4295632451328555,-0.028812453707741055,0.8059320225903407,0.035291706747727566,0.04784359412471165,0.24529492479572604,0.9676238348684478,0.054905140433553386,-0.10932042500934568,-0.2886924831842856,0.4574278344913425,0.18113105524978929,-0.13047893797230287,-0.403113327518664,-0.10280021173770389,-0.011502615649929982,0.18323805201688265,0.002911994777696367,0.10289885170564218,-0.19540504036616588,-0.11240050073874198,0.32804207400370666,-0.5492595875133625,-0.5090148829458424,-0.024007529573956014,0.14055527188041728,-0.4795324144398715,0.5341700642830745,-0.4890880048113228,-0.004491285542075533,0.0
1.4592039315819014,-0.027002569032821,0.8093270600174666,0.04523797595317265,0.04734177334182132,0.2324694140359024,0.9703969566967511,-0.015031758684705236,-0.12677351480655877,-0.24950458594285302,0.5861607773346775,0.2567632899819596,-0.1465661537845601,-0.36342428393253284,-0.10009406775059668,0.008267087506370882,0.18511863053319383,-0.03842252317384707,0.07733804242654425,-0.14894628546438418,-0.07439324771723425,0.3115869368813933,-0.5713293125390813,-0.46562666571460326,-0.0156483975481752,0.1267297817463154,-0.49097694045180323,0.5300699470612671,-0.4971009179839013,-0.009732681319549002,0.0
1.4787286314552834,-0.02522423843586404,0.8117606825147685,0.05130295860569987,0.04574728226941801,0.22618594739493264,0.9716558597591645,-0.09578425941270884,-0.12720852354100207,-0.19447361236651514,0.7040232687097314,0.2500078408330054,-0.12229577491828342,-0.3302710936607766,-0.10047226059135622,0.022057476457302126,0.18177055627021743,-0.06896243321521263,0.05328854336350598,-0.10276606528343434,-0.05335186929374993,0.3019458580443593,-0.5875653365494918,-0.44250959644237864,-0.015151558920788837,0.10896946937769122,-0.5024052246202685,0.5199586643067154,-0.5105877966466585,-0.009840679428021876,0.0
1.4941231356608995,-0.01836746473830076,0.812928459008472,0.05012139698902171,0.04248812301975339,0.21378739491487375,0.9746679202382931,-0.17160101359604832,-0.10748821726583124,-0.11810757966070666,0.7772831929156678,0.18839655439905728,-0.0660279767135946,-0.2963280968778147,-0.09064334325057327,0.039505147764778786,0.17137900312010262,-0.08923465880682616,0.048200258087026236,-0.05414539852576948,-0.02478747712021395,0.3033699778410335,-0.6014620473666685,-0.42471191563041255,-0.03446982951882191,0.07032689698003669,-0.5126019882239975,0.4864547581207935,-0.5240411022188495,0.01576677411145895,0.0
1.5097180594618838,-0.012228379919504737,0.8138265407246804,0.04839679033335102,0.042701923290068076,0.19954659349792297,0.9777604274341102,-0.2410988252885607,-0.08559968332272085,-0.053669016139262074,0.8225015641792097,0.11519471383307886,-0.014569055955950457,-0.2669317608363576,-0.0801280612290673,0.05877663348682541,0.15255816141392156,-0.10393413286105924,0.04607924290540601,-0.0038022309269140006,0.008546179535119866,0.31204199408390476,-0.6002056375456117,-0.42074611746002466,-0.03889779100560162,0.03778749559933707,-0.5269039576850411,0.4721760186052682,-0.5582601540334708,0.03305012395458729,0.0
1.5237955319600336,-0.00915281635519895,0.8143068938318867,0.04802703510558041,0.04182965867870832,0.18387340917132894,0.9808844238509974,-0.31559412116819135,-0.0666935333050379,-0.005043455829066793,0.8400004438208397,0.044403298723234466,0.02971315040315813,-0.2395463069643283,-0.06952386073673458,0.07729055502790248,0.13580474436104623,-0.11722879743351555,0.04841398587971496,0.05088929561161067,0.039333823186518124,0.3238332264005411,-0.597353176062935,-0.42398898529859014,-0.03810995611476461,0.008483394982754074,-0.5443238454785798,0.46189198542886883,-0.6022617649242408,0.04605320321740888,0.0
1.5344257735314237,-0.002961208921248395,0.8145399822675239,0.04450367364780298,0.04108032386358998,0.16683116187622804,0.9841235661491602,-0.37730544764543017,-0.05899771346437107,0.01287277215891984,0.8090675347102123,-0.00863305805229185,0.04699001277296882,-0.21102096351195254,-0.05891735261306329,0.10316365657818388,0.10753525627206956,-0.1183736815650388,0.04952203866068223,0.10036283080053668,0.07182409872585982,0.3418774385124869,-0.5953738974963826,-0.431981610544638,-0.02987052796544426,-0.02520759481365624,-0.5564640885813932,0.4591584288579948,-0.6432106394221098,0.044731576776971455,0.0
1.555382102973418,-0.0008972158758830916,0.8142510073676151,0.04187184643902461,0.041738541731995676,0.15063439573084936,0.9868201059122558,-0.4205535278464722,-0.04787979877689783,0.02607387854623187,0.7357025501294409,-0.03976544295145808,0.056155288439156535,-0.18466118153942365,-0.04200284308374152,0.13151989686827698,0.10152587039484491,-0.1345627640853147,0.04716736427321267,0.1439643224754043,0.09787477472640688,0.3689838472045451,-0.6030974987492308,-0.44008804631190257,-0.03225809249578346,-0.059879863024518795,-0.567715689684312,0.44674120193284994,-0.6806332970665931,0.047037177329119544,0.0
1.5702568306749092,0.00041261022277164303,0.8135671812660095,0.03978788161284064,0.04049347866168629,0.13532725971834578,0.9891732585547196,-0.45726888716136116,-0.03861043278666692,0.03695208648772626,0.6437814806817921,-0.053226468496140086,0.05561896218249508,-0.16040750079749427,-0.029008727021847678,0.15950003723764788,0.09267749963082814,-0.14433208423991983,0.04570036302234928,0.18290926497939033,0.1217793298308934,0.3869822964548774,-0.6113010295865197,-0.4490361029802716,-0.022277604027357654,-0.09410954923465792,-0.5725218025655674,0.4413148749443083,-0.7134543903198255,0.04287728631056775,0.0
1.5818567347456616,0.0036415195488077178,0.8118697880669891,0.033909843068281015,0.03600588158661757,0.12312843229876902,0.9911574487405637,-0.4791723418658028,-0.029239205792520005,0.045194638969437026,0.5185163937301671,-0.05193493322316473,0.041704600410940824,-0.13862084358297433,-0.011793544047009816,0.18343978337762162,0.09522864046756174,-0.1544335577307492,0.04504788613847257,0.20933878431600939,0.14037320494288424,0.40550683894088124,-0.6224675976355409,-0.45954432915627597,-0.02121736872655392,-0.12495060133636643,-0.5638593036106205,0.42983900574698786,-0.7452658537944746,0.03294627693183382,0.0
1.5970122928903672,0.009583867805562264,0.8098719471883544,0.026968924086012522,0.032814132058110526,0.10715780337584827,0.9933343420251711,-0.49796708296936354,-0.018132646423096043,0.03777619099386152,0.400332213816732,-0.05252685183452721,0.02088430169186,-0.11490997326604281,0.004944625255362219,0.2043339963225368,0.09856584156723809,-0.16996922213352905,0.0499494871098858,0.2391906419064397,0.1500794428822815,0.42040641186205574,-0.631059739409968,-0.4626294869619199,-0.013784264560916205,-0.14864884378269888,-0.5588803765670096,0.42465040768462564,-0.768828771494227,0.019612676093395537,0.0
1.612367880044755,0.012765609572391867,0.8085257385206127,0.02220845927654601,0.027809212810878062,0.0938702821653217,0.9949481404302463,-0.5178110739939765,-0.012013821664555717,0.018219916051556272,0.28882280881366884,-0.054339365059265454,0.0051065378591817045,-0.08454465880655943,0.01888876124972433,0.2316446407163534,0.09827814581788756,-0.17816832797031765,0.04529855585704831,0.2645148796727314,0.16065963189026558,0.428464324676994,-0.636768137882515,-0.46258386259595935,-0.014017088866342337,-0.17036408199978623,-0.5518785483939664,0.42955951955971877,-0.7857342954352027,0.01496560994092562,0.0
1.6334062204881385,0.017162182568979417,0.8077948165448804,0.019931837076834682,0.027434471173042145,0.08196127804436884,0.9960584423433863,-0.5314383632626704,-0.006179458695708204,-0.004682852444630722,0.19389948035851728,-0.05386606986621102,-0.014276443829371542,-0.052512652074578926,0.02402632782482536,0.2539200918826311,0.09275765922696184,-0.18491189489414459,0.04441737007140064,0.28111072718783153,0.16130240481050478,0.42871233127986297,-0.6416213671905364,-0.4633775992040852,-0.012397068612699872,-0.1889829984831059,-0.5393241490745841,0.43632443329849946,-0.7942170605566319,0.006002270174381133,0.0
1.6564285576037912,0.022697968187305507,0.8072082400984151,0.018160082818637922,0.028895822970584545,0.07044186751285166,0.996931886393537,-0.5432201663046683,-0.002292757902875632,-0.022320631585701127,0.12980226124259137,-0.05563137777483124,-0.026039640882371522,-0.02298198690220452,0.025597691155018837,0.28278105968141876,0.08988977702122312,-0.19209144893052765,0.03674965983248367,0.2893776644941923,0.1655454661439226,0.4234441388569874,-0.6391247877245462,-0.46140523684561063,-0.006290213931280677,-0.19341799267443607,-0.5263293299281233,0.4460699458000751,-0.7865425026305628,0.00045861330969315835,0.0
1.6755569883825894,0.0278777887005745,0.8065204843474318,0.0172268711351776,0.028063953089308705,0.05969712493110717,0.9976732444657691,-0.5442254363123167,0.0037434752094945385,-0.037183307112021384,0.10583286892446882,-0.04797916685768101,-0.03274165300505472,0.0038976811889034073,0.024877606501681526,0.3020628727985146,0.09192154435054369,-0.1964559334038383,0.03612162277672908,0.2967121030834629,0.16301793532752387,0.42030082595048246,-0.643107381345045,-0.4666294121298417,-0.00810179378634288,-0.19115074396547324,-0.5134429993491382,0.46177463266956226,-0.7707664844102093,0.003419703205194243,0.0
1.6954933563952892,0.033550005012585774,0.8056920440126343,0.016190358727930756,0.02805738596548548,0.05096355652164852,0.9981750203665241,-0.5366144733291607,0.007722290672468785,-0.043216089439658774,0.10946369224661268,-0.03639100216132201,-0.03356819130704972,0.02900564377473632,0.023238319790847284,0.3161488187850367,0.09706010751982008,-0.2007952579588791,0.036448535746696493,0.3003310254331573,0.150537189322243,0.41666837403139806,-0.6453740332737015,-0.47395675603433246,-0.011326986188568188,-0.17805695206856037,-0.4982158266867318,0.48671844051866636,-0.7417398434871211,0.00962144177971312,0.0
1.7156093607389615,0.041177255873297895,0.8053854816775361,0.016176753885021593,0.029092389132542792,0.0438480076600912,0.9984834989886142,-0.5158059413137023,0.012957383072291797,-0.04078181029546822,0.1254643479327238,-0.01761886226815022,-0.02809689482667411,0.04982893615680055,0.016682771698799684,0.32963399728518455,0.10674207292807032,-0.19927944158133873,0.04034281090852075,0.2995882950478895,0.13288511745749962,0.4016058951009468,-0.6527507300459693,-0.4700880349119872,-0.009358666192601334,-0.15759763058503168,-0.484776981483056,0.5219154635680688,-0.6999777290573475,0.010173881449379547,0.0
1.7391320164733186,0.051588197942734115,0.8057160233538242,0.015623265143108642,0.03251788768138843,0.037609911128984534,0.9986410742363244,-0.49965321613515057,0.015869394430126086,-0.0184265891777372,0.1484069050405914,-0.010017487554174824,-0.022477912796361053,0.06538193573025938,0.008903517207119287,0.34007226666389445,0.12583871941215308,-0.18673835309510675,0.054301252107897775,0.29995865428424673,0.10664638520187364,0.3847490613715402,-0.6497980774853578,-0.4624659513557082,-0.00836692360182521,-0.13250045037081248,-0.46973345345572703,0.5500118081795994,-0.6458753862121774,0.013839072676183938,0.0
1.7608605834677211,0.06332996939425155,0.8066591407922352,0.014553878356574842,0.03568008425012701,0.028809517545590378,0.9988418933502325,-0.4750474532794705,0.017211476888671327,-0.004760886927875664,0.17095201374397645,-0.0016420212067810853,-0.013163840088180489,0.07350917722421564,0.000914318145404179,0.3578678761350872,0.15171007888615579,-0.16169572487694578,0.07557427316762874,0.2970671326062367,0.08031058360008334,0.369698447141524,-0.6404799773733678,-0.4668766389722004,-0.01617896851368945,-0.102200349014144,-0.45667567214077437,0.5730351174109127,-0.5943336131571104,0.012077496304815204,0.0
1.7807404790176455,0.07446744473781554,0.8082915338730983,0.014664390212616705,0.03771710855246021,0.023124193518034332,0.9989132329968784,-0.45784994428617104,0.011474669950404956,0.0011359822638312422,0.19431779187519066,-0.025316207536463846,0.007262726514494359,0.07663010857434266,-0.00643130084272971,0.3815710391668707,0.18449003544226528,-0.1175864604642674,0.11370219902782892,0.28892729981727905,0.04795734044388393,0.3594695466930602,-0.6240604432267229,-0.48274675527802263,-0.03540406612235945,-0.060584362735093045,-0.4522009569846246,0.5843433046506756,-0.5548433130697553,0.00892680222063712,0.0
1.8062557813947007,0.08518472767688214,0.811260822737882,0.01567324326244307,0.04448428065718066,0.013658970839135965,0.9987937378336262,-0.43997718244940076,0.006256221109796777,0.014413197088737607,0.21077232443903526,-0.07750381045960608,0.0453324742317238,0.06537819056901836,-0.010021987171146244,0.4071276842244968,0.2379349863734693,-0.04046885751131207,0.16505855800616206,0.274158984798262,0.016169062538387576,0.34840553171998934,-0.6238756457801867,-0.49459430997039816,-0.05026206969939824,-0.018865043241349688,-0.4600819404142297,0.6127541904970119,-0.5340721584295779,-0.003244232478078748,0.0
1.8228538679878834,0.09411635439766391,0.8145378906826906,0.014113259999250083,0.048156861641308855,0.00919364954381979,0.9986977567698447,-0.4278334643479968,0.0022122313213896946,0.017755925012895288,0.22273945498673142,-0.10698254430236356,0.06692175914990114,0.03173519687978234,0.004600788088338772,0.41915965526224563,0.32136182743697606,0.05098025107068753,0.22416963469283271,0.2540519987833742,-0.015106806026632447,0.35183873986975206,-0.629495710175514,-0.5233021726357955,-0.06362691681743173,0.0099566088721765,-0.47953419423456783,0.6429657598650257,-0.5443148731394617,0.00374238910095379,0.0
1.8409197923122742,0.10383335315844631,0.8183505679084765,0.008762290187608206,0.050840902898665004,0.005748920585512289,0.9986517785370534,-0.4044328503100459,0.003991682825938644,0.01807793795562897,0.2193609208353477,-0.13983061385600118,0.09114455158036165,-0.01784554997927057,0.02144545280577736,0.3834587275931984,0.41634884940903316,0.09892324346750772,0.24876425582637307,0.21903164549139525,-0.04524446143290039,0.3730859547834939,-0.6276465543220127,-0.5553918638222854,-0.07518714916161778,0.026863297838879995,-0.49363439754846117,0.6628199328903729,-0.5680634093302058,0.012638046231223592,0.0
1.8550919757228816,0.11200276477267845,0.8221352939637476,0.0030121866726138796,0.05207129439909217,0.0037814004992662523,0.9986316678542277,-0.3843109343343212,0.007226468136222155,0.01883601637807963,0.21721318140789636,-0.1599913316594385,0.10909779201056317,-0.08750264830715712,0.03570445764952165,0.3256650452731332,0.5227690064270698,0.11067978450982038,0.23634389564130345,0.18411638234644126,-0.07197678972600309,0.4009197993893946,-0.6213996419703334,-0.5796833598280942,-0.08157491150443175,0.030882509374687048,-0.5081773696476403,0.672659074307981,-0.6048455112258139,0.02431889441790988,0.0
1.8712706805323809,0.11754029426638404,0.8252676777575497,-0.0014475141580184052,0.05571567103745324,0.006580281923673013,0.9984239423177981,-0.3688834030815359,0.008088445023930264,0.012642280590497275,0.21594713816104877,-0.17907083647873825,0.12172095934363984,-0.16151799047284698,0.04057035743808392,0.26203649640064736,0.6077162902299822,0.0950443600571362,0.20015465858623488,0.14469516892005788,-0.09890813227273226,0.42808106767689996,-0.6138736643077333,-0.6006731588533814,-0.08653626195250273,0.028866702738649337,-0.522628334693792,0.6683816241235317,-0.6580516732449198,0.028227899005015697,0.0
1.8839076308109655,0.1246619425137302,0.8276926082260369,-0.005550149790462597,0.058535776153463434,0.006804654626720039,0.9982466906646004,-0.3604956048895079,0.007689624462614637,0.011268630063733204,0.22364615496830942,-0.19250908432201064,0.13131884600725396,-0.2251060038188939,0.03724446272736942,0.20576860772354322,0.647291009785681,0.061861962252574704,0.15700806124357736,0.10925359835954832,-0.12756814897909857,0.46186089955706605,-0.5947844754284569,-0.6092510094359315,-0.0951309968372145,0.02052753784851657,-0.5420798614937827,0.6522114022687058,-0.7178892562541308,0.03595453228817183,0.0
1.8937303440688515,0.1303120043217508,0.829069252407385,-0.008123927881344457,0.06056649614971853,0.010571068877407839,0.9980751243482195,-0.3502087660204337,0.0038447054130899723,0.008479396125312243,0.2217841172911007,-0.20273969734104869,0.13094935785494152,-0.2791213647417925,0.026620970626717616,0.14353210612613082,0.6461897673779677,0.01557827128312976,0.11338424334406697,0.07215991419521985,-0.1559028953279781,0.4845162296071781,-0.5755696860886341,-0.6255456980171419,-0.10529112580589148,0.014524850675047035,-0.5585895374535139,0.6336511470485108,-0.7748933114995982,0.04336950721614807,0.0
1.9011957927462022,0.13529056817140303,0.8299439267416184,-0.009515587413551532,0.060570847941968625,0.013395297874165931,0.9980286528805815,-0.33957910779397893,-0.0010121809356602868,0.004827527768858617,0.22213607943221103,-0.2097931449752984,0.1308886303178848,-0.32520626316874546,0.024788991149591322,0.10364547993723691,0.6252363615915106,-0.028297350138414827,0.0870602400182623,0.03986256800815829,-0.178284432786293,0.5048492233960005,-0.559627174526946,-0.6287421984768866,-0.1039116059138095,0.010479930283477934,-0.5716503412427633,0.60897185592535,-0.8162395639273512,0.034625620874147535,0.0
1.9076161537020813,0.13780116249170424,0.8300391852245206,-0.009117686261436737,0.059101584095667396,0.022298882466513487,0.9979612369202349,-0.32721099860956404,-0.009420410903734085,-0.006324749166963423,0.21924630763531777,-0.21318239335916128,0.1223746556568339,-0.35883940804778364,0.02218987139607903,0.08395201575902891,0.5662895955625853,-0.06364489705015659,0.07622360990890406,0.00483420304854061,-0.20318455800504032,0.5167415263960073,-0.5545350301170363,-0.6259166786188773,-0.10193482985354967,0.009373814478628745,-0.5823435936372786,0.590579819318794,-0.8441267461101032,0.028306727399408985,0.0
1.9128709322462651,0.1400162771835876,0.8296402232319517,-0.007930517221511705,0.05628402786344676,0.03445896229969127,0.9977884520384541,-0.31537869622899356,-0.02061245587337589,-0.023287800900214848,0.21887204715276948,-0.21825580467375885,0.11440720157261089,-0.38837228086036735,0.02134772385731757,0.06183483411459867,0.5039416822153083,-0.08853085736659974,0.06713022370051622,-0.028986148655132403,-0.2245937462424052,0.5236440570233342,-0.5422100519221675,-0.6225041144702573,-0.09292809302590296,0.011241149768194406,-0.5878021409264771,0.5747334738360249,-0.8620229312881924,0.021830768565255478,0.0
1.922464481051409,0.14461610052419993,0.8296210026622901,-0.008508723881243352,0.05769215096588192,0.04733636193289813,0.9971752534904784,-0.29464025829046886,-0.030624515970068655,-0.033516559957129294,0.19633794335167282,-0.22440023433375908,0.10719970923783963,-0.41062315662013293,0.0219863576162449,0.03730700294758394,0.4492224109792994,-0.09046379661781395,0.07510750132960142,-0.05939638051968962,-0.24164143995061585,0.5240110565636957,-0.5377230651784792,-0.6182919441175786,-0.0876510780238092,0.00941780894156203,-0.58631386994786,0.5626730417571443,-0.8685695136499902,0.01809337923871244,0.0
1.9330530495883262,0.1483149024996479,0.8289275389083129,-0.006271804900629619,0.05868264439243266,0.060938464379351374,0.9963952605615333,-0.2767079213800024,-0.04487274736700335,-0.047898845784023134,0.1843659347170934,-0.23042182610188777,0.09930605233756663,-0.42540714078606556,0.01875862631942909,0.018419567444294363,0.37445637593057257,-0.09274257853182485,0.08837887452518012,-0.08536961153860399,-0.2557997255078432,0.5128392563471557,-0.5416364595278442,-0.6199960828098687,-0.07430812565390925,0.012437844306296207,-0.5888992397521254,0.5642002304083495,-0.867164042302643,0.021349915341263605,0.0
1.9406158685175794,0.1522838138814907,0.82842640021571,-0.003751685670578135,0.05676870627007543,0.07450577001998872,0.9955963685534306,-0.25723050485024446,-0.059459799063140514,-0.06627783119145593,0.17427235850760955,-0.2306526672428843,0.09776445191275868,-0.44075206363930985,0.01676352494844564,0.025264393992378197,0.31281782864986507,-0.07525799214585098,0.10561516928452792,-0.10695956311855864,-0.26712782266268503,0.4926240043327221,-0.5505703493680896,-0.610158456400816,-0.061301979107694735,0.016923620316350262,-0.5864641554557058,0.5656857735877464,-0.8587824015621289,0.018395440130906195,0.0
1.9493932652222101,0.15676829118840577,0.8281871244595287,-0.0025043493072543603,0.055079929500329215,0.08460073676788465,0.994888257513936,-0.2403546837594701,-0.06988079589908223,-0.08154429931518578,0.17279654986311932,-0.2345732129916218,0.09710592157056785,-0.4515640627598496,0.014794932498948475,0.027060951907997115,0.27098495383340004,-0.06113734041497398,0.11701189358037742,-0.11627208599938971,-0.27519566820914426,0.4700634980454543,-0.5581209016044079,-0.6020222304890079,-0.052463743999009764,0.023207301792007223,-0.5836704924719567,0.5650532152657678,-0.8471905549600144,0.01336730057566907,0.0
1.9566619466162878,0.15963647850847443,0.8280874176963199,-0.0019869204097827877,0.05260944927720733,0.09717643926538654,0.9938737533740056,-0.22077347569888228,-0.07680056818999627,-0.10245226890596003,0.16314050704911898,-0.23267621581200332,0.09259249674931788,-0.4573834979904208,0.01373261319258446,0.037279304573873115,0.2277678546249421,-0.041294115448749336,0.1320194168031091,-0.12383960183524369,-0.28011710247244387,0.446653366650664,-0.5681563232362322,-0.5955241806918685,-0.04695151468674697,0.026864426928991093,-0.5733422115756573,0.5756608336990932,-0.8352122033463911,0.012228617527144946,0.0
1.9669429120947615,0.16329719765257267,0.8277108133980983,-0.00022093183331452215,0.052132576239420594,0.10361611690919592,0.9932501427135184,-0.2081598694169071,-0.08521351908794234,-0.11708303748424008,0.16996014721062194,-0.2412859029717605,0.09484534268715951,-0.4655695580214307,0.014250535769074207,0.042765537971582404,0.21088926654765627,-0.03193359398257165,0.1412743504382352,-0.12088341409869678,-0.2789478241092463,0.42216547378950303,-0.5797103710300167,-0.5807609997094505,-0.04385089745998704,0.03016460770382173,-0.5672494491899631,0.5819279183730888,-0.8137138841140394,0.010978286609833254,0.0
1.975637049956245,0.1672015373246259,0.8277035443996916,-0.0005590561577397822,0.05101567251628839,0.11222499880791571,0.9923722276729058,-0.19305474134842515,-0.08965209377203799,-0.13595498222236416,0.16846442528141625,-0.24342615501454104,0.10080550113887798,-0.46815842688490955,0.011397100601109846,0.04096556620593739,0.19341381050087342,-0.013732499851848474,0.14992414668933107,-0.12035064610141621,-0.27674094038577834,0.40026300106110413,-0.5848658653819452,-0.5678600098341998,-0.050856139304892384,0.034297031940694764,-0.5537548179986705,0.5802231534240129,-0.7878695205627451,0.007679637766299402,0.0
1.9872771257541877,0.1702529746722204,0.8273009436057197,0.0001778400955904538,0.05067813406154306,0.11601609321415575,0.9919536083992353,-0.17874573157575363,-0.09322615716181532,-0.14847106263139484,0.17489877004121973,-0.25395945574070616,0.09964596868960261,-0.47562767086677865,0.0097834828021108,0.03852058054420267,0.1859892640757198,-0.010051394377751693,0.1570943531825842,-0.11349123919017796,-0.26340162682685336,0.378991669824514,-0.5996615716365183,-0.5543591606234083,-0.04383953892619424,0.03559708363546576,-0.5431734310241271,0.5854813170254225,-0.7617216019219631,0.00589209466853104,0.0
1.9959616470663657,0.1717323449746208,0.8271752673594454,-0.00043977854547997634,0.04864920618901548,0.1232566749462508,0.9911815441245879,-0.1651045427481929,-0.09259196717769363,-0.16235571750388567,0.178899808790837,-0.26033528324919974,0.1012567133619376,-0.4827695928615946,0.007365823457846054,0.03493936828521216,0.18185871154332983,0.0028121969218166364,0.1600054655008911,-0.11224549747475623,-0.2422113947343906,0.36451281276555375,-0.6156508078452182,-0.5366904189860353,-0.04568912540139611,0.033494845827241215,-0.5274447714545476,0.5898389484056004,-0.7300689085466637,-8.502002256926579e-05,0.0
2.007829713557297,0.17304685993637847,0.8268172508484701,-0.00011291545400871246,0.04921725272816703,0.12896608765532155,0.9904268764118188,-0.15194717811599628,-0.09252851672359343,-0.17088855401019332,0.18255164914386934,-0.2678885593715672,0.10144496221389024,-0.49190474283745955,0.005838463935945386,0.026016116604266726,0.17664750739513851,0.017865829067615076,0.1651232749898912,-0.11089739080221876,-0.21763447292530894,0.3506574755827078,-0.6212669750139029,-0.5203419863586564,-0.03764371511704536,0.03334478435182246,-0.512797110781172,0.5880542516934251,-0.7027742830278199,-0.009085319519728446,0.0
2.0182072279216707,0.17404326254424576,0.826341960007376,-0.00042482986683525835,0.04961461847539874,0.13479437015003107,0.9896305810397036,-0.14055721312064973,-0.09078582375459021,-0.17703761682783276,0.18586730427830878,-0.2759123034502391,0.09751403656822714,-0.49733910627087474,0.0030808456722475853,0.01692179391964401,0.16934653133274952,0.02128201736610343,0.16547879312207317,-0.10676433160399232,-0.19053250104539166,0.3422804385120928,-0.6261476760703939,-0.505791995891146,-0.03350230402189689,0.02928296989835515,-0.49900338301320674,0.5862126127020794,-0.6808022597946246,-0.014155890275678415,0.0
2.029563506892793,0.1739351030524416,0.8259237535190266,-0.0011177959236063674,0.049295774466117506,0.13760561864728,0.9892590009035847,-0.12720458876029098,-0.08543122908407907,-0.1828041556157427,0.19032553823483958,-0.2845809492078156,0.09626540171030668,-0.49999930374462676,-0.0038813074775058596,0.004414584547826915,0.16391180599265784,0.033239143745803834,0.1667068724821081,-0.10043604223073391,-0.15982854970807736,0.33701875715296864,-0.6241427754195252,-0.48676536122952224,-0.01804589104693033,0.029093179298382787,-0.486438816683588,0.5811690575299955,-0.6518829382930823,-0.026199324414857433,0.0
2.0397054853350394,0.17385661508973083,0.8253666153698932,-0.0014710087462734558,0.04968495325902649,0.14294028001936424,0.9884823305962037,-0.11779915976401882,-0.08184820362872297,-0.18867033505921116,0.1957058857623964,-0.2921197381891171,0.09341330690392223,-0.505278995372784,-0.007963082855962296,-0.006277309376013854,0.1593089349745868,0.04819320014532049,0.16930582647233428,-0.09965038851767949,-0.13032247973078775,0.33422558713568185,-0.6298691198444518,-0.47369317777642717,-0.012884710352377197,0.030288425659376457,-0.4753894611042217,0.5782969891944141,-0.6308286524993583,-0.03482846332753446,0.0
2.0546374904891356,0.1736203387223142,0.8247892864987088,-0.002344519181723869,0.05207405568911264,0.1467444233721045,0.9878000152678086,-0.10319332794215076,-0.07461198140008805,-0.19435370751266606,0.19514646368842448,-0.2996764546539226,0.09068899907321787,-0.5131881906281274,-0.014383523230588632,-0.01604300145433579,0.1503241168840602,0.05997144572675185,0.17197586480461385,-0.09792471168554086,-0.09961093475616366,0.33182658236005635,-0.6223824028877951,-0.4539301602753783,0.00396294812010805,0.03743600403640686,-0.4663298975569697,0.574953593003479,-0.6051236955409388,-0.0473263587614259,0.0
2.068601956094525,0.1734056671322914,0.8239556084253408,-0.002812783861377669,0.05346653805606128,0.14959891268249859,0.9872960968622654,-0.08813717792710196,-0.06806293556082044,-0.19607165505550417,0.1962784172646041,-0.30685742937699445,0.08643851215991999,-0.5217177919466162,-0.022086970808622795,-0.032581675200119585,0.14157457956549444,0.06240705002191578,0.17407092797057946,-0.09652609029687978,-0.07008666473157786,0.33031036571526745,-0.6143273839782794,-0.44463863657132596,0.017139572306702423,0.0433431640999125,-0.4599510217578708,0.5658966249203674,-0.5852663333954872,-0.05390538166142744,0.0
2.0828311662285985,0.17187633429874333,0.8232108476751927,-0.003346612902865824,0.05406904790084427,0.15443606276730906,0.9865165182388517,-0.07172731287523285,-0.059131546050322996,-0.20193930893241632,0.1965224017610066,-0.31181922531825157,0.08272618485417575,-0.5302953302204372,-0.030308108426697993,-0.043318904879795984,0.13528719990480853,0.061706505920913694,0.17384050156565115,-0.09825422456922622,-0.045371018494482225,0.3324814984209759,-0.6014740106553598,-0.43178166201980106,0.028918462485826267,0.05159068927943629,-0.4551770049063025,0.5590440692420532,-0.5653168799031251,-0.05840871986745158,0.0
2.0971772785531173,0.17137726768874087,0.8223787036453227,-0.004063405659974545,0.05515855030411898,0.16035244336708204,0.9855090648842337,-0.05315076380813021,-0.05028516556753237,-0.20773921741912652,0.1907898966575865,-0.3134242798166654,0.07801445770076208,-0.5374233507856963,-0.04080126577410829,-0.06527658329298501,0.12543333746588903,0.06279564009204285,0.175722807121688,-0.10192533773304754,-0.028831013949368732,0.3338409887359063,-0.5881536928482833,-0.42509916380794294,0.031068781947284893,0.060224441489728386,-0.4516068086656253,0.552847788604921,-0.5550748039117426,-0.06417517831043491,0.0
2.113371099159947,0.17181156262128433,0.8216293528216962,-0.005491935258406711,0.056858874087404795,0.1684533977914317,0.9840530269539095,-0.03494881587133573,-0.040367268312063956,-0.21714176198786883,0.18696710721784796,-0.3134364446252302,0.07431227185632534,-0.5412775067954589,-0.05113703024652953,-0.07358956739435926,0.1209761270207805,0.05681896643247756,0.17604567273141714,-0.10830214730046386,-0.01988999874353708,0.3432777734972604,-0.5821243672122834,-0.4213835292060119,0.03623200184304765,0.06913098226209097,-0.4506981993174242,0.5540045916301103,-0.545574253434363,-0.07027693664220744,0.0
2.1309201377571028,0.17263965834009412,0.8208789707967974,-0.005525685176042136,0.060059130713201986,0.17508407581840824,0.9827043980852654,-0.02255357425960244,-0.03445718827928283,-0.22357889084203536,0.19323249819835486,-0.30805878695752875,0.07018486523037851,-0.5407725430604978,-0.055913651410526774,-0.08058567410892538,0.1261779993507604,0.060254638051325776,0.1720885216224825,-0.1147975775131117,-0.017965272874145878,0.35291418067440306,-0.5705180462567573,-0.4281413410508559,0.04039447207609024,0.07539106021055213,-0.455134339058542,0.544108989122679,-0.5398438234284814,-0.08280844205477127,0.0
2.150439723662709,0.17196845636598834,0.8207526925027895,-0.005367724315428244,0.06227814600904936,0.1839898632857521,0.9809385048378105,-0.0005084941194630696,-0.02360903458804541,-0.23557139036179625,0.18715015034449425,-0.2909693940297594,0.06433344238483206,-0.5297273828109949,-0.06013900450141864,-0.07914452713956333,0.13037578148092327,0.06187638467885635,0.16540899975272172,-0.1257296662728379,-0.019042399210751945,0.36142250945632215,-0.5618482965043292,-0.43179664721474753,0.04839238093137931,0.07660353046515321,-0.45595681215938566,0.5437959153920733,-0.5346120786988268,-0.08998492758069783,0.0
2.1686374045222063,0.17208672140012096,0.8212140618396537,-0.005305821393983185,0.06549113480986841,0.19002438275019587,0.979578222237029,0.013420608063489992,-0.01551678632469692,-0.23732097740870925,0.19130906136773385,-0.26997822825805007,0.051861967069161956,-0.5210509034792346,-0.06248184057245957,-0.07248638720505608,0.14369474166762547,0.06834680155153168,0.16195923708254495,-0.13348837638627176,-0.024286611736163043,0.3727954952757472,-0.5560826618581192,-0.4456784854851537,0.043945410216391874,0.07543309224362495,-0.4600136569777222,0.5397535336125903,-0.535267095900992,-0.09455842063992215,0.0
2.186786700221896,0.17085723645695172,0.8221827786801363,-0.003657878222754701,0.06721248072395171,0.19637950986175576,0.9782147977148458,0.03158119919982478,-0.007838023685299983,-0.2373684832876757,0.19301450806711418,-0.240570645310059,0.03548268619631006,-0.5055546701169387,-0.061314359918171586,-0.07324828281964524,0.15844917423276578,0.07166313643004318,0.1582516735418316,-0.13813818935870534,-0.037749385926285135,0.3765110116914195,-0.5459568791907822,-0.45667523106327973,0.03760141046479498,0.0761634816021044,-0.46452234016974453,0.5379782973603914,-0.5380517415737488,-0.10109669173585153,0.0
2.211341613587568,0.172272041049351,0.82350151442819,-0.001981050385639187,0.07114580393224411,0.2009526193749634,0.9770119726945752,0.04926507666949999,-0.003028561990653756,-0.2489181156459579,0.20415123234270038,-0.192853822285671,0.017402563474284163,-0.48200324860454347,-0.05992869494167694,-0.07570379941731173,0.17211660359533382,0.05971599583726801,0.15172394427691113,-0.14156247954368406,-0.055939358711527006,0.38040297283047997,-0.5384292375055267,-0.4629211981594921,0.030777651659147105,0.07295542647616157,-0.47153802581644366,0.5449167045066788,-0.5380685498921033,-0.09860888523901121,0.0
2.2335756613981004,0.1680512713649086,0.8250919222130277,0.002020175656218419,0.07202044459770629,0.20205452737707968,0.9767205037351738,0.06814670763324729,0.0032223885295221792,-0.2526759445066258,0.217549918363312,-0.1431655806780236,-0.005372657126839724,-0.4577208463140491,-0.0574447738595639,-0.08816650587041466,0.1908013456415657,0.04042789260924129,0.1407477341460694,-0.14110663769647805,-0.07136344706465564,0.3833084019429081,-0.5218882195130097,-0.46823988893248486,0.03909662384626337,0.06587278376218805,-0.47964898956887647,0.5503922793769763,-0.5409080978327976,-0.10158264167496277,0.0
2.259570055249432,0.16789072118896328,0.8269825346067082,0.004085835219322615,0.0727660732478841,0.20083220126020376,0.9769108615793072,0.08669707337114668,0.0075071314327866765,-0.2664414504892299,0.2407229217988315,-0.07617312125728216,-0.028256519596411928,-0.4340056386368917,-0.05316057728963072,-0.0907731801924935,0.2151655559293887,0.015502661987391735,0.12851972700726755,-0.13882973164785456,-0.08530003848991072,0.38738164084280496,-0.49608205407427947,-0.47330015779793305,0.05635370177799291,0.056008859305723996,-0.48542634417427327,0.5469213902151981,-0.5445994518925553,-0.11485590275824485,0.0
2.279478408765921,0.1672937970192696,0.8286616092327892,0.008058904869683572,0.07540731864231248,0.19883124067212565,0.9770951479156267,0.09053342490412473,0.005666436028662023,-0.2723535678723181,0.28273267126194346,-0.02266198092414993,-0.05244431322406399,-0.4130088551868518,-0.05272755155041749,-0.09050956970485201,0.24829599196390267,-0.018756161568978684,0.10869666835623586,-0.13272247820726882,-0.09497274028594,0.38933760936221334,-0.48208081518409696,-0.4918720132541305,0.07233801355282722,0.05357287278410401,-0.4935265205723103,0.5302647696655682,-0.5615315432152128,-0.14406865401431007,0.0
2.2996066033708136,0.16718176266586426,0.8298344738158476,0.016583969506219938,0.07429685664637076,0.18862905825056425,0.9790934722647218,0.08662399194832213,0.005756582339908474,-0.22955366076544648,0.356976223294451,0.07678065179069433,-0.0762434034628253,-0.3795983752066202,-0.05052911758614466,-0.0872946931721752,0.2945313019761029,-0.06866680947991606,0.07767060393319011,-0.12368075164382407,-0.10427030382420859,0.3883637459131747,-0.4633561219262351,-0.4945147593686524,0.067594447842564,0.044185325277821944,-0.5091633458183437,0.5149583000499395,-0.5699017373556743,-0.1452072087478017,0.0
2.3201909559509053,0.16686979755792067,0.8314218008058287,0.025352711098663144,0.07462606153157478,0.17975194924374302,0.9805495539356014,0.040641416666459734,0.010518552957601457,-0.16525518825524033,0.49159971767035815,0.1279226117057295,-0.047757514454786106,-0.33789212577935235,-0.04305983562555831,-0.0561121002960632,0.3650515695899075,-0.15235327541532834,0.024932081424559188,-0.10159200115130508,-0.12186833881876971,0.3802122113245067,-0.43326707305011486,-0.49268197653936596,0.07147868758061177,0.043928941945363814,-0.5311702217445171,0.485491857374024,-0.5927232827049289,-0.1666614624478464,0.0
2.3397559624693307,0.16578584960011167,0.8314018692154344,0.02936818278896101,0.07892674654308024,0.16964273771265015,0.9819009217131606,-0.022028664724639935,0.012684624906145883,-0.09359365820911134,0.6036379095223209,0.07194948449797192,-0.005298449911185832,-0.3060669767888632,-0.028390030639398094,-0.028354568400189288,0.41681040640527395,-0.21876892187815086,-0.009651708315851323,-0.08015407953874318,-0.130934865601085,0.3790460314221948,-0.38462403774939063,-0.49510298505315736,0.08603595772284506,0.04177998604925488,-0.5436691101613702,0.4354089515785871,-0.5784490887162355,-0.17485086133553546,0.0
2.3489981949447816,0.164249029270031,0.8311772781218667,0.03277641628197713,0.07843050902172027,0.15797441023451697,0.9837776412896155,-0.07621471796903154,0.019197816559696136,-0.03955196253659472,0.6789139137061951,0.01076576842787149,0.0333893588430972,-0.2771840706072883,-0.024632106726718086,-0.027564450215182747,0.4125560858578296,-0.23138091975352884,-0.019748090584295427,-0.06383504576701832,-0.1263708880741434,0.38515833703724467,-0.3317606389745531,-0.5003217820017567,0.09970990798811352,0.04801792601847379,-0.5463195910270118,0.39126909398053394,-0.557579197616117,-0.20368146206850193,0.0
2.3615532559375,0.16467732807069727,0.833739702124369,0.03308055653648688,0.08172323269505516,0.14745806241106824,0.9851310115142441,-0.13014460221922394,0.024123324088068686,0.027755487937703088,0.699022719675902,-0.05580332208907769,0.08122452939206155,-0.2547035144441142,-0.01823323955704615,-0.019926836441545234,0.3967198760939302,-0.21049505589630202,-0.011504718040380339,-0.04817951587238291,-0.10060718694780332,0.3943327190214162,-0.3196611380603872,-0.5268773968492422,0.1047405463072958,0.05687039217421176,-0.5487901798618409,0.37114715548585064,-0.5482909820936915,-0.2140572331701855,0.0
2.332442094952016,0.1634757254259478,0.8370728614981772,0.030118393031632818,0.07976955867567577,0.13728672543963896,0.9868546270489595,-0.14940921600878987,0.008388045104353821,0.06378539015800713,0.6255506797651817,-0.08331571446208984,0.09165686264717604,-0.2550749819116242,-0.017978271844863607,-0.03198546416084968,0.33391788200224726,-0.16427607582827208,0.022296992455249836,-0.04160383469592259,-0.09544376565694608,0.39497708216674315,-0.31375787426834584,-0.5460578313234555,0.1041572255646481,0.07407281461616701,-0.5518728792729454,0.3441900823194528,-0.5288118497417408,-0.2145916666227649,0.0
2.358642860585725,0.16221213782003682,0.8390811196555981,0.02373730977150744,0.07871221711159443,0.12829319802885356,0.9883227116391275,-0.16274737181090748,-0.02191300815169384,0.09834119227342998,0.4827483442463796,-0.11044447757406287,0.08692796935605047,-0.23212130712676826,-0.011027439740129992,-0.04893475724919108,0.27957981276639754,0.025100772348992516,0.10734331886974484,-0.028119678124906042,-0.047371950006159305,0.3877659901985003,-0.3167854035321726,-0.5333434048848537,0.0911838767663944,0.08333932435625047,-0.5471881740099456,0.3267661378429597,-0.5039631283469097,-0.1717130162309775,0.0
2.381274370979325,0.1596813720853165,0.840494344132749,0.01304887031663451,0.0817722677813511,0.1278426046603866,0.9883315696865109,-0.1638659125345292,-0.04036041502982796,0.10908438823540148,0.31676108045093065,-0.09634632598101904,0.056147385832292944,-0.23292634564974,-0.0032332726621249865,-0.05042141526027663,0.23623119603399925,0.1483642881943792,0.1612297023280179,-0.02688250565695786,-0.017489835026149918,0.37213165787846547,-0.3325500623606217,-0.5102064965554479,0.09474426175083082,0.08778006107981573,-0.5307010443803966,0.30410064444736823,-0.5038268648476624,-0.16117533463394818,0.0
2.4027771945520477,0.1566422892992613,0.8406592091364622,0.005109900579537482,0.07700584509301743,0.1276955940744702,0.9888062621118177,-0.166586615623544,-0.04569109366340402,0.09989878851735481,0.222209055145432,-0.06355770547826128,0.025549913657227228,-0.24323807423273638,-0.004835730783393517,-0.07554403871721713,0.20084485927713003,0.13500224976641265,0.14566875369581292,-0.018991658605771438,-0.0012211498157638995,0.3515273680239943,-0.3347503031867055,-0.463006672767064,0.11568069646083606,0.09498096077057078,-0.5045826926013062,0.28251723112030325,-0.4715966903952692,-0.19320974904620566,0.0
2.424161019640358,0.1536313829727315,0.838253214458578,0.002622163841230944,0.07175152075968266,0.1340919183202839,0.9883644069707528,-0.17821131320515995,-0.047971277211674906,0.05515087232849737,0.17947004139230102,-0.06839428262506353,0.02073705285382495,-0.24729531879952688,-0.0002820070109264749,-0.04579618821032279,0.17114628015430366,0.06357911040395399,0.12393007926155919,-0.01348097643693685,0.006752297404235656,0.3467176064746806,-0.358229910729178,-0.4379213881206902,0.10751158884294727,0.0928531867157926,-0.48254558579229917,0.30177910244115125,-0.44984382296839004,-0.18567817576546913,0.0
2.445592671215648,0.15200700075114207,0.8332838589935698,0.002549286183696639,0.06993780451290456,0.13449516043139978,0.9884398092248203,-0.18056244187095918,-0.0486324579835671,0.021485458291419825,0.1625771132823568,-0.09623538394853963,0.029743242807934982,-0.24162455378368622,0.009093716159809678,-0.015305116001199968,0.15911344316894266,-0.0038921081853287784,0.10337014138520619,-0.00948227460392827,0.016816003296684402,0.3160421423537578,-0.3980117273055429,-0.3893262268851869,0.09242077824777101,0.08516262923803228,-0.4508260053734679,0.3325503874763773,-0.42389934593309125,-0.1858112035166164,0.0
2.4668007573751676,0.15122882618246355,0.8289043003951313,0.002234970287620847,0.0676474111225189,0.1343949603527474,0.9886135884702459,-0.1820084814679969,-0.05053442190443819,-0.0002995740107511382,0.1608279690477325,-0.11573805264460761,0.04922450645841593,-0.23543943952530536,0.017346269961632414,0.004257877323368402,0.16505279752445495,-0.06213659885345957,0.09172317964266287,-0.004711027193734605,0.02185897681849637,0.28986848707506274,-0.4609263834398644,-0.34891084318319443,0.07725440763011263,0.07863378917758242,-0.4241505044437628,0.3618233421393827,-0.4034710230592379,-0.20019005263668166,0.0
2.4857280076694543,0.13465635734564663,0.8262552408787224,0.004348642240702558,0.06519645126726502,0.13946585206345216,0.9880687163153341,-0.18375212026336513,-0.04541130965218378,-7.242326558254582e-05,0.15877568029682543,-0.13528584828068968,0.06285322914876894,-0.22560153730141327,0.030494129998725347,-0.0017311444984022054,0.16162328721680339,-0.10596929132320167,0.0912882983256787,0.0006956984319168606,0.02298132696480523,0.27222008494805366,-0.49922334967611476,-0.33864241346138946,0.06465146189211092,0.08215436393965786,-0.40934865611506743,0.40101087404925245,-0.41619112388193114,-0.2012461217953841,0.0
2.484590838036904,0.1380033591029176,0.8245876007947673,0.00020900223403081796,0.06341455989388792,0.14005047339694676,0.9881115396618043,-0.19410906800055197,-0.05113718184779588,-0.034957707946418254,0.1527690793680056,-0.1471507737110082,0.058753052560205556,-0.23050965292831094,0.030936595708977443,0.005970504528071319,0.15878905039356803,-0.1251874726206206,0.08208040184090089,0.012522002745267376,0.018141430275408044,0.27043572980534775,-0.5171012410045169,-0.34387532929101866,0.06635938280603576,0.06934304043888848,-0.41069239216751297,0.436226169793494,-0.4325125067217117,-0.18692113392645437,0.0
2.481972776303015,0.1316393565477817,0.8230874864965144,0.0006743596425762507,0.0655628448952272,0.14953886604215028,0.9865795386846132,-0.2063428220286548,-0.05192543269384995,-0.05942168667581658,0.1508710992873508,-0.15908224635428508,0.05059221972663121,-0.24458472597629727,0.03301111474827032,0.011471724937201026,0.16002081113552008,-0.14021183512850569,0.0742746647078328,0.000982491699295319,0.024489131114669545,0.2829616743581698,-0.5496809339995034,-0.3740917938637858,0.04004820214881891,0.061041305857876996,-0.40120853633842163,0.47658540541703787,-0.45788704908363426,-0.18003441001817672,0.0
2.4710875874773928,0.12881724532689898,0.8211019056008014,0.0007561666750982854,0.06099409760102542,0.15786959347423546,0.9855741168101336,-0.21309355131387658,-0.05137501128449547,-0.05439905835354637,0.15452889878360904,-0.16971277462325118,0.03357096229133845,-0.2516959150898755,0.028859751887226982,1.5795462792612264e-05,0.1574145210743513,-0.14867400034303602,0.06905937559859177,-0.012772066144936419,0.025992172524003265,0.31360517930702314,-0.5813805127135218,-0.41255662529109904,0.020264167987350118,0.05055758660603277,-0.4099150814054972,0.4828678637730546,-0.5055365326802618,-0.19218317403758792,0.0
2.4846917255372696,0.11177257969589494,0.8194607912533626,0.0035310185132555734,0.06761843149917955,0.15391828726421766,0.9857608434480946,-0.211867029890845,-0.03869584786278807,-0.061238578037220805,0.16813639017619786,-0.2036586707319613,0.0507676583323399,-0.2611921705128875,0.04185617589715261,0.021392258161841277,0.16104406855617343,-0.17897625051934832,0.07709800571677111,-0.014297338509311657,0.028219742735971127,0.3147754933270188,-0.5522211991564133,-0.4258548149969226,0.020088878396749825,0.03833527146399742,-0.4096355012770752,0.4804754153119436,-0.5108534278253697,-0.16916733694111938,0.0
2.499298812108693,0.09395513304131886,0.8192645623426399,0.006495625132752339,0.06543055132167312,0.15252558697792123,0.9861098291391867,-0.20591028825341004,-0.03297207874667688,-0.03768040113168838,0.18535978986736085,-0.21202605372843855,0.07272907862656441,-0.25453178085143763,0.05146584457125759,0.028866689786948608,0.16193457171395048,-0.18546054787178312,0.08677657161904131,-0.014551447024002826,0.019056094099601052,0.3096616640908495,-0.5595008762004299,-0.4330122467411957,0.019233969994634937,0.0341136029832916,-0.42869869553660817,0.48738075053652075,-0.5141479363096961,-0.1429262472530682,0.0
