-0.0032094358,-0.007833922,0.8050979,0.047768228,0.085609645,-0.24253383,0.96517694,-0.46681717,-0.030490503,0.28958076,0.13751018,-0.10507529,0.023898097,-0.118258916,-0.058187786,-0.023454381,0.1396472,-0.1315354,0.09715608,0.16780701,0.001434153,0.44518176,-0.779121,-0.602742,-0.11354501,0.03232754,-0.5939453,0.7100699,-0.5717148,0.0727388,0.0
0.008437712,-0.014236672,0.8033419,0.046001904,0.086397365,-0.24301969,0.96507037,-0.46517825,-0.038871128,0.31729978,0.13007951,-0.11256507,0.026762072,-0.09736193,-0.054304518,-0.03180465,0.13714631,-0.13647334,0.098622605,0.18812463,-0.0014135943,0.4479562,-0.7789818,-0.61730844,-0.1144343,0.01667855,-0.5915203,0.68770075,-0.586684,0.079813465,0.0
0.021914715,-0.01970146,0.80156994,0.04356942,0.087141715,-0.24524513,0.96455324,-0.46203613,-0.043961845,0.3222949,0.13072541,-0.1251744,0.033423137,-0.078375086,-0.051324554,-0.034132,0.1400831,-0.14009215,0.09977305,0.20680387,-0.0040722527,0.44225833,-0.77058685,-0.61627513,-0.118554294,-0.010021635,-0.5808496,0.6530142,-0.5913965,0.08111718,0.0
0.03675925,-0.025620814,0.7996699,0.040136285,0.08817529,-0.24287601,0.96520746,-0.4547771,-0.04828496,0.31383643,0.14216779,-0.13259041,0.038933653,-0.06220263,-0.046422802,-0.032651506,0.15357672,-0.1398232,0.104503535,0.22692415,-0.014276105,0.4308564,-0.7609787,-0.6023961,-0.12758061,-0.042500243,-0.5719522,0.6191244,-0.5851403,0.092814945,0.0
0.057212427,-0.033457823,0.79860044,0.039803624,0.09066485,-0.24594104,0.96421397,-0.4419667,-0.052138433,0.3026601,0.1527415,-0.1504484,0.05526159,-0.0455828,-0.048897788,-0.027285935,0.16726075,-0.12496877,0.11416005,0.24640551,-0.018961698,0.4201905,-0.7566644,-0.59451413,-0.1265791,-0.06141445,-0.5646275,0.59758073,-0.59046036,0.09037842,0.0
0.07672825,-0.038820848,0.79813945,0.04000511,0.09352202,-0.24380809,0.9644744,-0.42941493,-0.05794424,0.28848502,0.16458046,-0.17140093,0.07541499,-0.03242638,-0.05359056,-0.020427337,0.18514249,-0.10633235,0.12296501,0.2619602,-0.027251694,0.40620187,-0.75545937,-0.57690144,-0.12692752,-0.075695306,-0.5582191,0.5930626,-0.59352416,0.09191264,0.0
0.09542224,-0.044043347,0.79821426,0.041052293,0.09579788,-0.23799366,0.9656586,-0.4135693,-0.066746645,0.26870105,0.17170797,-0.19295031,0.096768096,-0.028064704,-0.05925557,-0.005276252,0.21667132,-0.07149678,0.13616623,0.27228642,-0.03634676,0.3926163,-0.7540551,-0.5673965,-0.13499676,-0.07670528,-0.55489075,0.5984517,-0.5933776,0.10332915,0.0
0.11430942,-0.045452356,0.79876816,0.039499145,0.098054424,-0.2296707,0.96751046,-0.39774197,-0.0761645,0.24918374,0.17837685,-0.21701442,0.117293775,-0.03631208,-0.06393517,-0.0039001203,0.27089244,-0.015587424,0.15466258,0.27202958,-0.044722605,0.38574177,-0.7508713,-0.56989133,-0.13860212,-0.07227785,-0.5558762,0.60790676,-0.6001266,0.11159026,0.0
0.1346104,-0.045833174,0.8003683,0.035231765,0.09987465,-0.21556507,0.97072935,-0.37513506,-0.086025275,0.22157323,0.1771531,-0.23265585,0.1346627,-0.0531724,-0.06698422,-0.009277821,0.3477187,0.058956467,0.16845389,0.26118234,-0.053586915,0.38339972,-0.7560938,-0.570835,-0.14833117,-0.060034536,-0.55217016,0.6281214,-0.5995534,0.124243565,0.0
0.15420409,-0.045969788,0.8025358,0.028685851,0.09990126,-0.19515993,0.9752484,-0.3465362,-0.09419023,0.18518642,0.17032106,-0.24062367,0.14669138,-0.084704,-0.071608916,-0.022461908,0.4360615,0.10358924,0.16375889,0.24257304,-0.06274035,0.38465464,-0.7548949,-0.57895136,-0.14560819,-0.040030703,-0.5485678,0.64476836,-0.60508734,0.125122,0.0
0.17182942,-0.046174977,0.8046345,0.023838732,0.098562635,-0.1738119,0.97954404,-0.32019603,-0.10290471,0.14397272,0.16827452,-0.24238013,0.15373933,-0.13153698,-0.07243985,-0.026357763,0.5417106,0.12375594,0.15042892,0.21464473,-0.06916404,0.39336663,-0.75560623,-0.5864887,-0.14502601,-0.02102635,-0.54163384,0.66274124,-0.60896385,0.124725014,0.0
0.18909374,-0.047915954,0.80633724,0.019927645,0.09603784,-0.14456534,0.984622,-0.291022,-0.1133102,0.08570257,0.16384731,-0.2410973,0.15791415,-0.1793054,-0.0767937,-0.037565928,0.629012,0.12291676,0.13296856,0.17961931,-0.08066963,0.39996576,-0.74586713,-0.5916599,-0.15961474,0.0029419956,-0.53916883,0.665152,-0.6193109,0.13072857,0.0
0.20463268,-0.048870023,0.807946,0.015053989,0.09073372,-0.11967082,0.9885442,-0.257898,-0.11819499,0.030576728,0.16004899,-0.24070162,0.1649339,-0.23589058,-0.08444523,-0.042296622,0.705901,0.09276178,0.10378156,0.13701864,-0.08271809,0.40674335,-0.73727584,-0.59169525,-0.16789065,0.02386591,-0.5359328,0.664112,-0.6204909,0.13502832,0.0
0.22126012,-0.051345862,0.8089502,0.012633758,0.085862175,-0.08784275,0.9923466,-0.22316062,-0.12538876,-0.0293062,0.15383929,-0.23825347,0.16671588,-0.3062823,-0.097761735,-0.06453702,0.7683962,0.06580629,0.076648764,0.083521545,-0.087214336,0.4130231,-0.7191722,-0.600917,-0.16901931,0.04953576,-0.5339747,0.653866,-0.62908095,0.13716935,0.0
0.2373108,-0.055085763,0.80914795,0.009897907,0.08265167,-0.059616417,0.9947445,-0.19124651,-0.12540995,-0.07695639,0.14601138,-0.24445356,0.16433957,-0.37164563,-0.103831775,-0.07954968,0.7934433,0.0388712,0.06372478,0.032834537,-0.08836886,0.43005747,-0.71300817,-0.6146343,-0.15934663,0.07547363,-0.53434086,0.6575959,-0.633647,0.13076428,0.0
0.25434598,-0.0602639,0.8086052,0.008693833,0.0794424,-0.035108797,0.9961831,-0.16022062,-0.123492934,-0.1233018,0.14229318,-0.2524783,0.15724859,-0.43290713,-0.112205304,-0.08362978,0.7696706,0.00067278737,0.054922104,-0.018024359,-0.08297015,0.4426581,-0.6972203,-0.6249972,-0.14874339,0.101250395,-0.5416762,0.65065855,-0.6344419,0.12328894,0.0
0.2739674,-0.06570596,0.8072539,0.008929732,0.079687126,-0.014088347,0.9966804,-0.13793461,-0.12172334,-0.16438207,0.14753634,-0.26347643,0.14969826,-0.47931975,-0.11768167,-0.0804976,0.70767653,-0.03532512,0.05232221,-0.059758708,-0.07580937,0.4451143,-0.6805003,-0.63093805,-0.14608788,0.12544866,-0.55276465,0.6461974,-0.6335383,0.11918378,0.0
0.29410613,-0.06703055,0.8052708,0.008049596,0.08018037,0.0061712656,0.9967288,-0.11274806,-0.12101938,-0.20241754,0.14751051,-0.27292553,0.14170614,-0.5240737,-0.118197605,-0.06791723,0.62412506,-0.04282863,0.062559016,-0.09852343,-0.067540094,0.44576508,-0.6660167,-0.6390232,-0.13065013,0.14540946,-0.5557741,0.63402104,-0.6234623,0.10739467,0.0
0.3160633,-0.064482205,0.80253816,0.005966581,0.081347905,0.025523625,0.99634105,-0.08675481,-0.12137083,-0.24252893,0.14829144,-0.28271848,0.137118,-0.5546308,-0.12355813,-0.06201029,0.5088827,-0.048934612,0.08088152,-0.12936583,-0.06383105,0.4426991,-0.6479758,-0.64215195,-0.11869441,0.16390489,-0.5582303,0.6200837,-0.6122879,0.101708464,0.0
0.3384234,-0.066416316,0.79953027,0.006184319,0.0827632,0.04431627,0.9955642,-0.0607283,-0.11795955,-0.28129804,0.14850047,-0.2897268,0.12807731,-0.58281624,-0.13557494,-0.040480733,0.396017,-0.042508684,0.102964655,-0.15487033,-0.06654336,0.438294,-0.64231455,-0.6424286,-0.11592766,0.18106201,-0.55828977,0.61680233,-0.6003851,0.108289294,0.0
0.35872632,-0.068513975,0.7966954,0.0058448827,0.083076485,0.06219754,0.9945832,-0.037032973,-0.11199994,-0.31840986,0.15157399,-0.29505956,0.120307714,-0.6041589,-0.1455929,-0.011622313,0.28696778,-0.037433814,0.12695456,-0.17473966,-0.069276564,0.43548667,-0.63595235,-0.64078283,-0.11331289,0.19406523,-0.55545825,0.6088385,-0.5913653,0.108577944,0.0
0.37910745,-0.07351699,0.79409593,0.005852683,0.08492969,0.07669223,0.99341387,-0.012459026,-0.099942,-0.3484389,0.14535004,-0.29714367,0.10824221,-0.62538975,-0.15407166,0.011837443,0.19984584,-0.04295758,0.14413041,-0.18918456,-0.072145514,0.44030115,-0.6385701,-0.6455864,-0.1148602,0.20283835,-0.5479965,0.6058167,-0.58035994,0.107950695,0.0
0.3969746,-0.08072512,0.79171854,0.0055216365,0.08639556,0.087780654,0.99237084,0.0066811303,-0.08384952,-0.36444852,0.14354578,-0.29930764,0.09504492,-0.63854647,-0.15872243,0.025253244,0.14182174,-0.04644225,0.1598143,-0.19869077,-0.07386273,0.44562396,-0.62577987,-0.6476598,-0.100802355,0.20498136,-0.53976184,0.5948903,-0.5706489,0.09690678,0.0
0.41985512,-0.08910271,0.7891365,0.0056178505,0.0896165,0.09582311,0.99134016,0.026896425,-0.066363215,-0.37102377,0.14569804,-0.2934189,0.08182027,-0.64374673,-0.15847552,0.049671374,0.11784287,-0.036077827,0.17288588,-0.2122463,-0.07127991,0.44865716,-0.6151531,-0.6460346,-0.08684122,0.20599455,-0.53378356,0.5874034,-0.56053245,0.08655417,0.0
0.4449629,-0.09837537,0.786559,0.007852037,0.09221772,0.10637113,0.99000984,0.048137333,-0.051412754,-0.3817512,0.15348524,-0.2760919,0.06475005,-0.6403801,-0.1609929,0.06573171,0.12505318,-0.019748451,0.17711098,-0.22534573,-0.06291186,0.4506972,-0.6079949,-0.6407763,-0.08128476,0.20816174,-0.53349215,0.5827032,-0.55479634,0.08138906,0.0
0.4701966,-0.10655604,0.78498894,0.0100769065,0.09255639,0.114945754,0.9889991,0.07011838,-0.03900819,-0.38879246,0.17108844,-0.2421632,0.047804296,-0.6251508,-0.15931737,0.08021447,0.15283895,0.0049882727,0.17607826,-0.2368553,-0.05100911,0.44955462,-0.6018287,-0.62337625,-0.07128571,0.20811212,-0.5327812,0.5812942,-0.54234326,0.077396214,0.0
0.49253577,-0.11664025,0.7849449,0.014294585,0.090897396,0.12301737,0.9881296,0.08434856,-0.03149748,-0.3985353,0.20087762,-0.18982087,0.025167527,-0.59908676,-0.16164647,0.08980612,0.18634422,0.02601005,0.16999531,-0.24029225,-0.042926595,0.44217288,-0.5993542,-0.6032634,-0.07286805,0.20960741,-0.5331473,0.5749027,-0.5342994,0.07503037,0.0
0.5154169,-0.12330631,0.78643745,0.018239547,0.08816066,0.12976226,0.98744965,0.09470332,-0.030962601,-0.41146484,0.24453725,-0.11864263,-0.0066296733,-0.5693251,-0.15798387,0.09713395,0.22100165,0.040962603,0.15881683,-0.2375118,-0.029632429,0.43544292,-0.59483755,-0.5841819,-0.07100462,0.20932642,-0.5334869,0.5691677,-0.52727175,0.07534181,0.0
0.5392412,-0.12926805,0.79003763,0.026075054,0.083345406,0.13173458,0.9874309,0.08001244,-0.041506723,-0.4022776,0.3250609,-0.023274837,-0.041687258,-0.53488755,-0.15626428,0.11113771,0.24518445,0.022462996,0.13659753,-0.21617046,-0.02055606,0.42414775,-0.59080714,-0.5731699,-0.06830293,0.20990795,-0.53809226,0.5623776,-0.52584344,0.070720755,0.0
0.56331736,-0.1349822,0.7949413,0.036803637,0.076538116,0.13007054,0.9878609,0.038888372,-0.063589714,-0.38102156,0.43918675,0.08678849,-0.07543464,-0.488172,-0.16099219,0.114644244,0.2515148,-0.0030402553,0.10710542,-0.18364973,-0.01342389,0.41131034,-0.5954677,-0.56288826,-0.06352191,0.20300615,-0.54779434,0.55728257,-0.52892643,0.06971108,0.0
0.5883364,-0.1463313,0.79948676,0.048975464,0.07234325,0.12814365,0.9879004,-0.033971455,-0.09394346,-0.32044423,0.5706697,0.16569288,-0.09415007,-0.43829206,-0.16509634,0.105006725,0.24271335,-0.035519492,0.08316499,-0.14701416,-0.0072597936,0.39399964,-0.6050335,-0.55355406,-0.060471743,0.18796544,-0.56284046,0.56091636,-0.53830075,0.07335079,0.0
0.6110493,-0.15339294,0.8027614,0.05621423,0.06925845,0.12663573,0.9879305,-0.118919104,-0.09848229,-0.23817214,0.6743189,0.1576207,-0.06539813,-0.3936511,-0.16648513,0.09000435,0.23624367,-0.06423452,0.066163726,-0.10707891,-0.008556792,0.3854549,-0.6186631,-0.55430347,-0.07205999,0.16589952,-0.5747831,0.5498608,-0.55669516,0.08438918,0.0
0.6327348,-0.1545418,0.8042569,0.05690614,0.06737771,0.11493431,0.9894504,-0.19536425,-0.09789983,-0.14896005,0.71751213,0.0931105,-0.021257082,-0.35408235,-0.15661046,0.07947376,0.22540945,-0.08696478,0.07201767,-0.053500496,-0.006250296,0.37935585,-0.61681026,-0.5456304,-0.08780411,0.12688754,-0.57608455,0.50997704,-0.56186885,0.10701516,0.0
0.65913314,-0.15739787,0.80526567,0.056372833,0.06968327,0.10231457,0.99070585,-0.2601024,-0.0895773,-0.06592649,0.71510667,0.017321397,0.02272496,-0.31441668,-0.14147356,0.073987395,0.20737141,-0.109460615,0.070360065,-0.006468529,0.0023801273,0.38082686,-0.61977446,-0.5487047,-0.09136871,0.09235265,-0.575979,0.48883024,-0.5775591,0.11639021,0.0
0.6677468,-0.15934223,0.8058942,0.054449234,0.06811647,0.09346346,0.9917964,-0.31788862,-0.087981336,-0.0028664605,0.6965809,-0.021857005,0.04229241,-0.2896566,-0.12957817,0.06570867,0.18844193,-0.1048675,0.077675655,0.038511574,0.012816596,0.38646477,-0.63024634,-0.5491217,-0.10557854,0.059294686,-0.5858897,0.48284993,-0.6084128,0.1292139,0.0
0.6747903,-0.15919308,0.8060287,0.05076916,0.065613195,0.0847461,0.99294287,-0.36808023,-0.087298594,0.03681294,0.6642198,-0.05143345,0.047678337,-0.2549391,-0.11772307,0.053724073,0.15269075,-0.09911275,0.09268303,0.08499121,0.024431799,0.39838675,-0.63722306,-0.5493885,-0.120818004,0.028242411,-0.59560716,0.4793014,-0.64382076,0.13220137,0.0
0.69360244,-0.16211699,0.80502194,0.045857728,0.06546357,0.075007714,0.99397457,-0.40411627,-0.08264118,0.079320356,0.5930317,-0.06997867,0.05095324,-0.21928737,-0.096882395,0.050385337,0.13376747,-0.10826833,0.098288015,0.12630546,0.041007094,0.40998244,-0.64214265,-0.543318,-0.11551479,-0.0055524036,-0.60010993,0.4680232,-0.6718664,0.11665431,0.0
0.7118831,-0.16334403,0.8028816,0.03905694,0.06473054,0.06378367,0.9950961,-0.4435023,-0.07504309,0.108009525,0.5218258,-0.08041411,0.051281214,-0.18889071,-0.07444883,0.054079223,0.124265805,-0.12342925,0.09857179,0.16468282,0.058799464,0.42345977,-0.6570054,-0.53794533,-0.10596123,-0.042476155,-0.5978195,0.46954387,-0.693988,0.10520941,0.0
0.7326642,-0.16520941,0.79966545,0.031176444,0.06242205,0.052646868,0.9961726,-0.46879172,-0.06456731,0.14532092,0.4197788,-0.082260504,0.04472121,-0.15756592,-0.04887711,0.062543236,0.12596409,-0.14200573,0.09860198,0.1951771,0.07704814,0.43684602,-0.6603683,-0.5243177,-0.09101378,-0.082407095,-0.57929885,0.46079496,-0.71289206,0.10447858,0.0
0.7531231,-0.16637792,0.7963588,0.023587313,0.060460687,0.042082343,0.99700415,-0.49321035,-0.05420376,0.15720661,0.31307012,-0.08803632,0.029594798,-0.12417103,-0.026021993,0.07840408,0.121735156,-0.15637936,0.09502767,0.22073376,0.09080663,0.44779843,-0.6765864,-0.50831133,-0.08926508,-0.11849628,-0.5646114,0.46136615,-0.71868795,0.09968232,0.0
0.77587163,-0.16804524,0.79345965,0.01837026,0.058611885,0.032456953,0.997584,-0.5146496,-0.046545304,0.17581198,0.216988,-0.09283199,0.010230178,-0.08376533,-0.00910598,0.08707462,0.111857384,-0.16527745,0.095082626,0.24290746,0.102755725,0.44717842,-0.673053,-0.48923683,-0.08274239,-0.14404204,-0.55410314,0.45275545,-0.72775173,0.096587434,0.0
0.79709494,-0.17063273,0.7911206,0.015650762,0.05588345,0.026438728,0.9979645,-0.53059936,-0.036082547,0.18667482,0.14708796,-0.09608866,-0.0072919773,-0.044422504,0.002650692,0.09612335,0.10533846,-0.17420678,0.090859294,0.2582863,0.115851484,0.44523078,-0.6769173,-0.47885513,-0.08086058,-0.1624309,-0.5378172,0.45157608,-0.7332906,0.08489291,0.0
0.8215326,-0.17294519,0.7891179,0.013881089,0.054870844,0.021348424,0.9981687,-0.53752935,-0.027273687,0.20559616,0.11426459,-0.09158369,-0.0135937575,-0.0066161235,0.011667987,0.102357656,0.103687845,-0.1798615,0.08688613,0.26727062,0.124395855,0.44007412,-0.67657495,-0.46737817,-0.076792136,-0.17605174,-0.52143794,0.45415553,-0.7359871,0.08272318,0.0
0.8446778,-0.17221984,0.78724986,0.011310144,0.0543415,0.018773248,0.99828184,-0.5310519,-0.019137377,0.22366071,0.11909911,-0.085885555,-0.009397481,0.024478655,0.018063463,0.1100422,0.10951491,-0.18008097,0.086000286,0.2710898,0.12694055,0.43059385,-0.6729702,-0.45572817,-0.065101296,-0.17781398,-0.5042139,0.46087694,-0.7273717,0.080286734,0.0
0.8691623,-0.16961314,0.7860484,0.009693622,0.053891167,0.017526494,0.998346,-0.51542866,-0.014940141,0.23777167,0.13722369,-0.08190872,0.002649784,0.051686775,0.020445706,0.118124604,0.12527822,-0.16982451,0.09015729,0.27086654,0.118459985,0.41359547,-0.66338974,-0.44072777,-0.057772256,-0.17077401,-0.48620242,0.47242695,-0.70254254,0.08209616,0.0
0.8967452,-0.16593954,0.78580916,0.009595715,0.055255335,0.01597131,0.9982984,-0.49135765,-0.015401477,0.24158643,0.15517655,-0.07500099,0.015494186,0.07286872,0.01883024,0.1303688,0.15015368,-0.13966691,0.10237942,0.26766506,0.10904698,0.39787346,-0.6589722,-0.43327382,-0.057090037,-0.15240136,-0.4741578,0.48629543,-0.67924607,0.08107987,0.0
0.9212638,-0.15882847,0.786867,0.011270959,0.055114947,0.018852992,0.9982384,-0.46038207,-0.023693439,0.23621848,0.1716919,-0.07614013,0.03258899,0.08596411,0.01137295,0.1433068,0.18827432,-0.089065135,0.1266272,0.26063657,0.08987732,0.37550592,-0.6482104,-0.4294688,-0.05749727,-0.12294093,-0.46558532,0.4981302,-0.6471436,0.07385656,0.0
0.94336927,-0.14953652,0.78921425,0.011892896,0.057461154,0.023525001,0.99799967,-0.43603218,-0.036741864,0.22643498,0.18565474,-0.099659406,0.056301713,0.083261475,0.0056551737,0.1527154,0.24664891,-0.022562228,0.15944298,0.24652049,0.061699264,0.35280663,-0.6330781,-0.42375708,-0.06170038,-0.0837643,-0.46929237,0.5052251,-0.61203194,0.06721004,0.0
0.9705536,-0.13965195,0.79301095,0.011074743,0.059362914,0.031654768,0.997673,-0.40356082,-0.050202224,0.2031685,0.19004275,-0.13309155,0.08968701,0.06491941,0.0065086572,0.15758696,0.33925092,0.10603218,0.20023644,0.22361824,0.026398279,0.33127764,-0.6215673,-0.42498767,-0.073681585,-0.04479881,-0.46613485,0.5078654,-0.5752899,0.06954517,0.0
0.9966985,-0.13099197,0.7976693,0.0062674913,0.05901974,0.04418192,0.99725896,-0.36451298,-0.05640513,0.17178285,0.18369827,-0.15806231,0.11443981,0.014838556,0.01725445,0.1557906,0.463339,0.19783029,0.22381768,0.18542117,-0.00016480184,0.33047962,-0.60500365,-0.43924305,-0.085109845,-0.013532324,-0.4555105,0.50680935,-0.5342364,0.067982666,0.0
1.0252453,-0.12653826,0.80167335,0.0037311665,0.05922011,0.0632524,0.99623203,-0.324745,-0.06321519,0.13030647,0.17699829,-0.18139751,0.13457884,-0.056669343,0.023243755,0.1381622,0.5952755,0.23372924,0.21916682,0.13604361,-0.026734672,0.34202313,-0.5993491,-0.46495926,-0.094766304,0.018825918,-0.4501345,0.51585585,-0.51281667,0.061569475,0.0
1.0489937,-0.12412508,0.804575,0.0026632557,0.058976114,0.08275144,0.99482006,-0.28454357,-0.06969907,0.09675252,0.15902773,-0.19444972,0.14281061,-0.13277063,0.023878135,0.11290126,0.7114153,0.21993741,0.19133523,0.08056671,-0.05594397,0.3627846,-0.59814036,-0.49775076,-0.1048673,0.055311877,-0.4541705,0.53427947,-0.51707965,0.058392715,0.0
1.0709357,-0.12088801,0.80589294,0.004016088,0.058848575,0.10241345,0.99299157,-0.24815121,-0.07990111,0.06333393,0.14511654,-0.20893988,0.1475594,-0.2171753,0.016026087,0.084601626,0.79888964,0.17627154,0.16764772,0.025292527,-0.08296638,0.38449335,-0.6003816,-0.54160523,-0.10377426,0.090300426,-0.47498816,0.5568259,-0.53417444,0.0659103,0.0
1.0885723,-0.11810713,0.8065098,0.005384978,0.056024548,0.12144942,0.99100065,-0.21657696,-0.08735872,0.03099648,0.14025335,-0.2198224,0.14827631,-0.28918338,0.0095174145,0.060491875,0.8291738,0.12637222,0.14376973,-0.027375057,-0.11204033,0.40529257,-0.5869348,-0.5776538,-0.11249298,0.11479375,-0.49463242,0.5615573,-0.5489892,0.07236791,0.0
1.105045,-0.11171178,0.80622643,0.006383075,0.05517687,0.14099815,0.98845047,-0.18970567,-0.09846757,-0.0035076141,0.13501635,-0.23118341,0.14432357,-0.35422066,-0.007979008,0.03235922,0.8123408,0.07287175,0.12182467,-0.0792648,-0.14695841,0.4223619,-0.57141626,-0.6167689,-0.13135901,0.13645305,-0.52062273,0.5633583,-0.5737136,0.0781265,0.0
1.1221051,-0.1016127,0.80525935,0.0060556536,0.055799466,0.15573819,0.98620254,-0.16467525,-0.10868866,-0.030952424,0.1332067,-0.24586062,0.13732052,-0.40847373,-0.031525835,-0.002627479,0.7569928,0.023051811,0.10043529,-0.1183396,-0.17437933,0.43859684,-0.5426137,-0.664874,-0.14270702,0.15571383,-0.54621917,0.5425954,-0.60399777,0.083771214,0.0
1.1398518,-0.091483936,0.8036829,0.0069702226,0.055042427,0.16949616,0.9839679,-0.14061213,-0.11939111,-0.06118648,0.14186206,-0.26071835,0.13241047,-0.4485776,-0.053646754,-0.03174234,0.67591536,-0.009507318,0.08991502,-0.15369017,-0.20367262,0.4433931,-0.52164364,-0.69295245,-0.1619823,0.17134678,-0.56545347,0.5132774,-0.6193842,0.08794749,0.0
1.1581426,-0.084508166,0.80161154,0.009422076,0.052687034,0.18736708,0.9808307,-0.11218629,-0.12795627,-0.10003585,0.1476765,-0.2737306,0.12547392,-0.48647198,-0.07179589,-0.05203887,0.5652574,-0.03208437,0.085475884,-0.19729789,-0.22195645,0.45257956,-0.5056163,-0.7468948,-0.1663467,0.1870332,-0.58191687,0.48812222,-0.6229929,0.0896628,0.0
1.1774614,-0.075518645,0.7993466,0.011198072,0.051145706,0.19801201,0.9788003,-0.077276126,-0.13399772,-0.12328245,0.144525,-0.2838382,0.11967346,-0.5087592,-0.08092653,-0.07016204,0.4418813,-0.03321436,0.10241994,-0.2251758,-0.23995799,0.45274016,-0.4783919,-0.782089,-0.16701089,0.19574846,-0.59064925,0.4732626,-0.6161522,0.09400844,0.0
1.1975578,-0.06961658,0.79726315,0.01285273,0.049568564,0.20747653,0.97689885,-0.043245587,-0.13415705,-0.14483796,0.14218715,-0.29174018,0.11145382,-0.5257784,-0.089843124,-0.07922128,0.32555145,-0.0375499,0.12182656,-0.24770927,-0.25006396,0.44925997,-0.45843935,-0.8179622,-0.15746234,0.2036033,-0.5922613,0.4585917,-0.60708845,0.09743589,0.0
1.2181556,-0.06756432,0.7956231,0.0146979615,0.04828219,0.21721977,0.9748171,-0.011086014,-0.12845992,-0.16661493,0.13895741,-0.29541788,0.10159886,-0.53775823,-0.09332102,-0.08325041,0.22077891,-0.040877417,0.14399165,-0.26368442,-0.25843403,0.4449791,-0.46019387,-0.8453806,-0.15467843,0.21048063,-0.5903626,0.4562665,-0.6065011,0.10141769,0.0
1.2395803,-0.06696665,0.7945257,0.015830457,0.048578393,0.2230964,0.9734565,0.016659983,-0.11867827,-0.17718397,0.13828045,-0.29417822,0.08963843,-0.5464654,-0.09506625,-0.10035209,0.14178179,-0.037855558,0.17027049,-0.27206036,-0.2612885,0.44487172,-0.46447513,-0.8597847,-0.1421471,0.21270284,-0.5778226,0.45920506,-0.5990284,0.0988276,0.0
1.2626002,-0.06693485,0.7933887,0.017413672,0.05048078,0.22913261,0.9719294,0.04036791,-0.10869477,-0.18741821,0.14201036,-0.28859568,0.076847866,-0.5489141,-0.09680219,-0.11389728,0.103438675,-0.025015615,0.18417554,-0.27977985,-0.26207554,0.4393714,-0.4686737,-0.86164254,-0.13163984,0.20981118,-0.563794,0.4628195,-0.5886222,0.09412447,0.0
1.2869655,-0.064948246,0.7924985,0.017554369,0.05234589,0.23574735,0.9702448,0.06359226,-0.09727955,-0.20648666,0.15016739,-0.27657485,0.06495207,-0.5462723,-0.10052258,-0.11790424,0.09064621,-0.01346033,0.18873891,-0.28639066,-0.258385,0.42886025,-0.48263618,-0.848531,-0.123366065,0.20591219,-0.5484141,0.4750582,-0.5746305,0.09217478,0.0
1.3122728,-0.062109083,0.79229033,0.01732746,0.0539534,0.24257119,0.9684772,0.08532627,-0.08545469,-0.22513512,0.16372217,-0.24995142,0.047795948,-0.53481704,-0.10238585,-0.11451976,0.099817306,0.008338371,0.18480618,-0.2910785,-0.24690709,0.41631415,-0.49716437,-0.8095888,-0.11144106,0.19807613,-0.53210187,0.49170226,-0.55958927,0.090120405,0.0
1.3359332,-0.05931332,0.7932422,0.017664647,0.055479188,0.2488274,0.9667963,0.10100393,-0.07662965,-0.24029452,0.18407325,-0.20722355,0.026615677,-0.52058125,-0.10556256,-0.10396609,0.11905685,0.028298788,0.17604515,-0.2908926,-0.22938973,0.40235758,-0.5112293,-0.7570187,-0.10152908,0.18761179,-0.5152669,0.51322734,-0.5381619,0.08731401,0.0
1.3590118,-0.053856704,0.7952211,0.017560903,0.05660724,0.25140485,0.9660657,0.11020838,-0.07427055,-0.25895867,0.21922712,-0.14577132,0.003447417,-0.50291705,-0.102792196,-0.08116979,0.13790902,0.04433125,0.16629112,-0.2797839,-0.20965676,0.37867317,-0.51919574,-0.6856473,-0.07735595,0.1763032,-0.49586314,0.52915263,-0.5178923,0.06706653,0.0
1.3822277,-0.050545156,0.7983453,0.01939801,0.05525388,0.2534043,0.96558636,0.1095304,-0.07917942,-0.27509886,0.27610815,-0.058560945,-0.03071431,-0.47543907,-0.09648682,-0.05787663,0.15515211,0.049189255,0.1515669,-0.26092502,-0.17687748,0.36205727,-0.5286197,-0.62283397,-0.051791184,0.16518226,-0.47921506,0.53107774,-0.5002986,0.035985462,0.0
1.4058313,-0.03360077,0.8019563,0.024424765,0.051524322,0.25159994,0.9661502,0.09542982,-0.09101657,-0.2924056,0.3519858,0.05732224,-0.082242414,-0.4414426,-0.099068984,-0.025176603,0.17417924,0.028837327,0.13425332,-0.2318258,-0.14742158,0.3404572,-0.53165317,-0.56330585,-0.04161209,0.1542457,-0.47512436,0.5331195,-0.49447155,0.014710676,0.0
1.4295634,-0.028812446,0.8059321,0.035291754,0.047843594,0.24529488,0.9676239,0.05490482,-0.10932051,-0.2886923,0.45742843,0.18113141,-0.13047901,-0.40311316,-0.1028002,-0.011502526,0.18323806,0.0029118054,0.10289873,-0.19540483,-0.11240033,0.32804197,-0.54925966,-0.5090147,-0.02400749,0.14055522,-0.47953245,0.53417003,-0.48908806,-0.0044913096,0.0
1.4585296,-0.027004667,0.809263,0.04497975,0.047269482,0.23290825,0.97030723,-0.015753023,-0.12563902,-0.24844824,0.58543646,0.25127092,-0.14387566,-0.3638599,-0.100299686,0.007868521,0.18477006,-0.037703,0.07743872,-0.14896472,-0.07552421,0.3120412,-0.5709405,-0.46697795,-0.016172532,0.12646742,-0.49097586,0.52966917,-0.4974659,-0.009390466,0.0
1.4784534,-0.024885677,0.81167626,0.050820284,0.04563668,0.22578014,0.97178084,-0.09545534,-0.12586485,-0.19305119,0.7010499,0.2463508,-0.12016259,-0.33021837,-0.099791795,0.022301314,0.181301,-0.06827797,0.054552577,-0.1026033,-0.052850306,0.3026835,-0.5874095,-0.44286418,-0.016472556,0.1075773,-0.50232315,0.5183992,-0.5105856,-0.008126329,0.0
1.4941232,-0.018367438,0.81292844,0.050121393,0.042488128,0.21378735,0.97466797,-0.17160133,-0.10748812,-0.11810728,0.7772834,0.18839622,-0.066027746,-0.29632795,-0.090643294,0.039505232,0.17137893,-0.089234725,0.04820025,-0.05414517,-0.024787324,0.30337003,-0.60146207,-0.4247119,-0.03446985,0.070326746,-0.51260203,0.4864547,-0.5240413,0.015766853,0.0
1.5096169,-0.012432601,0.8137987,0.048487872,0.042630184,0.19945417,0.9777779,-0.24143225,-0.08579844,-0.054723036,0.8206536,0.11535516,-0.0150473425,-0.26706573,-0.0801221,0.05872619,0.15269594,-0.10384053,0.046376303,-0.0035121478,0.008376556,0.31225,-0.6000992,-0.42122674,-0.038550068,0.038003076,-0.5271119,0.47244227,-0.55891246,0.032764822,0.0
1.5235658,-0.008945046,0.8142904,0.047817677,0.041838646,0.18378551,0.9809108,-0.31474227,-0.06744082,-0.007090564,0.8367715,0.045586582,0.027912963,-0.23947012,-0.06952365,0.07778132,0.13503684,-0.11641885,0.048332214,0.050541766,0.039447546,0.32425022,-0.5974114,-0.42430568,-0.037613142,0.008190722,-0.54397196,0.4623953,-0.60205853,0.045098245,0.0
1.5344257,-0.0029612372,0.81453997,0.04450369,0.041080326,0.16683124,0.9841236,-0.37730518,-0.058997747,0.01287269,0.80906767,-0.008632815,0.046989936,-0.2110211,-0.0589174,0.10316354,0.10753539,-0.118373685,0.04952203,0.1003626,0.07182395,0.34187734,-0.5953739,-0.4319816,-0.029870566,-0.02520744,-0.5564641,0.45915845,-0.6432105,0.044731583,0.0
1.5549769,-0.00094747054,0.8142247,0.041909073,0.04161238,0.15069616,0.98681444,-0.42011857,-0.048002902,0.025919177,0.7344645,-0.03858768,0.05550859,-0.18480125,-0.042264003,0.13149518,0.101336524,-0.13413496,0.04722652,0.14365442,0.09773202,0.36837694,-0.6031296,-0.44014424,-0.031433534,-0.059850797,-0.56728613,0.44720715,-0.68032694,0.046606146,0.0
1.5700388,0.0005405754,0.81349957,0.039535485,0.04027788,0.13553639,0.9891636,-0.45628175,-0.038603537,0.03677648,0.6415573,-0.052243024,0.054727003,-0.16057171,-0.028727151,0.15923096,0.09343743,-0.14435434,0.045754652,0.18207526,0.121425524,0.38701755,-0.61149865,-0.44914025,-0.02287223,-0.093884006,-0.5716239,0.44091147,-0.7133874,0.042492464,0.0
1.5818568,0.003641574,0.81186974,0.03390978,0.03600585,0.12312828,0.9911575,-0.4791725,-0.029239103,0.045194574,0.51851535,-0.05193494,0.041704405,-0.13862062,-0.011793391,0.18343997,0.09522867,-0.15443371,0.04504793,0.20933905,0.14037329,0.405507,-0.62246764,-0.45954436,-0.0212173,-0.12495082,-0.5638592,0.429839,-0.745266,0.032946154,0.0
1.5970258,0.009399873,0.8099154,0.027114736,0.032693822,0.10733852,0.99331486,-0.49803722,-0.018465076,0.036966927,0.40077627,-0.05260823,0.021220304,-0.11446615,0.0047584902,0.20476192,0.0983242,-0.16948022,0.04931268,0.23888904,0.15013778,0.41995037,-0.6308676,-0.4624208,-0.0142952725,-0.14851685,-0.5587455,0.42532355,-0.7683851,0.020191679,0.0
1.612747,0.012846641,0.8085667,0.022374295,0.028118221,0.09396323,0.994927,-0.5173968,-0.012032719,0.017996578,0.28992736,-0.054186985,0.0048659914,-0.0844332,0.018301757,0.23130924,0.097929254,-0.17807138,0.04554984,0.26393324,0.1599972,0.42794374,-0.63671124,-0.4626398,-0.013893558,-0.1701579,-0.5515083,0.4296833,-0.78517294,0.01467778,0.0
1.6334063,0.017162226,0.8077948,0.019931825,0.027434481,0.08196119,0.9960585,-0.53143847,-0.0061794296,-0.004682987,0.19389899,-0.053866085,-0.014276533,-0.052512426,0.024026342,0.2539203,0.092757635,-0.18491194,0.04441731,0.2811108,0.16130243,0.42871228,-0.64162135,-0.46337757,-0.012397022,-0.18898302,-0.53932405,0.4363245,-0.794217,0.0060022282,0.0
1.656169,0.022674268,0.8072015,0.018216135,0.028743183,0.07049405,0.9969316,-0.5425018,-0.0021494264,-0.022135712,0.13247722,-0.055003516,-0.025702277,-0.023158565,0.025444929,0.28214258,0.09021642,-0.1919038,0.03721896,0.28931555,0.1650941,0.42358577,-0.63955677,-0.46188506,-0.0068181036,-0.19297118,-0.5263365,0.4464673,-0.7860023,0.0010255956,0.0
1.675611,0.027910661,0.80651104,0.01722009,0.028119152,0.05983151,0.9976638,-0.54365104,0.0036063641,-0.036594763,0.1076727,-0.047716703,-0.032350007,0.0037797983,0.02481632,0.30171663,0.09212869,-0.19645432,0.03618528,0.29646444,0.16235435,0.42026818,-0.642993,-0.46676967,-0.008196052,-0.19042894,-0.5132868,0.46239072,-0.769883,0.0036357753,0.0
1.6954937,0.033550132,0.80569196,0.01619036,0.028057402,0.05096344,0.998175,-0.5366141,0.0077223782,-0.04321605,0.10946396,-0.036390685,-0.033568103,0.029005993,0.02323821,0.31614903,0.09706026,-0.20079523,0.036448598,0.300331,0.1505369,0.41666812,-0.64537424,-0.4739567,-0.011326954,-0.17805661,-0.4982156,0.48671904,-0.74173915,0.009621451,0.0
1.7158368,0.04136297,0.8054279,0.016140813,0.029251894,0.043906562,0.99847686,-0.5161161,0.0128025655,-0.039453518,0.12592745,-0.018363412,-0.028086968,0.049477838,0.016601082,0.32943106,0.10736996,-0.1985443,0.04101391,0.2996625,0.13231233,0.40148604,-0.6520621,-0.46983773,-0.009423751,-0.15728809,-0.48466977,0.52144253,-0.6991544,0.010381436,0.0
1.7390126,0.05167698,0.80575687,0.015588939,0.03250051,0.03743922,0.9986486,-0.49908957,0.015764749,-0.019005764,0.14838055,-0.009965833,-0.022231536,0.06488697,0.008889474,0.34056282,0.1262905,-0.18590483,0.054788984,0.2997412,0.10663976,0.38486934,-0.6493737,-0.46326807,-0.008953846,-0.13215344,-0.46986574,0.5496738,-0.64604574,0.013477305,0.0
1.7608608,0.06333016,0.80665916,0.014553881,0.03568012,0.028809423,0.9988419,-0.47504714,0.017211381,-0.004760788,0.17095238,-0.0016424186,-0.013163499,0.07350923,0.00091419485,0.35786828,0.15171061,-0.16169497,0.075574905,0.29706702,0.08031004,0.36969823,-0.6404797,-0.4668769,-0.016179293,-0.102199644,-0.4566756,0.57303536,-0.59433293,0.012077443,0.0
1.7811162,0.07443949,0.8083807,0.014724368,0.038032703,0.022872275,0.9989062,-0.4578048,0.011509197,0.0016280646,0.19385713,-0.027217334,0.008439115,0.07567188,-0.006181,0.38169473,0.18586797,-0.11538554,0.11458436,0.28848535,0.04799483,0.3594138,-0.62514275,-0.48247862,-0.03511302,-0.060577244,-0.4530247,0.5854837,-0.55609107,0.008325397,0.0
1.8056616,0.0850658,0.8112813,0.015502069,0.044278275,0.013992311,0.998801,-0.44035894,0.0063344673,0.013750986,0.21047333,-0.07599033,0.0442341,0.06388518,-0.008807685,0.40622622,0.23993456,-0.03951247,0.16557616,0.27380288,0.01620287,0.34937197,-0.6242627,-0.4957186,-0.05016268,-0.0197245,-0.46085352,0.6128745,-0.5361397,-0.0019670746,0.0
1.822854,0.09411643,0.81453794,0.014113221,0.048156884,0.009193623,0.9986978,-0.4278333,0.002212245,0.017755928,0.22273943,-0.10698279,0.066921934,0.031734817,0.0046009165,0.41915938,0.32136258,0.05098062,0.22416982,0.25405174,-0.015107036,0.35183892,-0.6294957,-0.52330244,-0.063627005,0.009956737,-0.4795343,0.6429659,-0.54431504,0.003742457,0.0
1.8406603,0.10373028,0.8183487,0.008735647,0.050744157,0.005847387,0.9986564,-0.40465122,0.0040887296,0.018107016,0.21944293,-0.1389851,0.09072682,-0.019184574,0.021273246,0.38198543,0.4171121,0.0965112,0.24629673,0.21903828,-0.04501775,0.37352532,-0.6273533,-0.5548723,-0.07484242,0.026004268,-0.4936641,0.6621524,-0.56893265,0.012823831,0.0
1.8552258,0.11182738,0.8220918,0.0030981654,0.052232396,0.0040991795,0.99862176,-0.3846237,0.0070683025,0.018372528,0.21727194,-0.15991947,0.108742625,-0.087794006,0.03507835,0.32527536,0.5213386,0.108853616,0.234759,0.18381557,-0.071990356,0.40087527,-0.6213143,-0.5794635,-0.08147988,0.030480184,-0.5081714,0.671718,-0.605941,0.023800856,0.0
1.8712708,0.11754036,0.8252677,-0.0014475518,0.0557157,0.006580284,0.99842393,-0.3688833,0.008088442,0.012642268,0.21594721,-0.17907095,0.121721044,-0.16151857,0.040570326,0.262036,0.6077166,0.09504406,0.20015426,0.14469485,-0.098908395,0.4280814,-0.6138735,-0.6006732,-0.08653634,0.028866626,-0.5226285,0.6683815,-0.6580522,0.02822797,0.0
1.8837202,0.12456387,0.8276227,-0.0054482524,0.05848326,0.0070408173,0.9982487,-0.36036894,0.00745987,0.011174245,0.22300875,-0.1922953,0.13065438,-0.22446814,0.036757912,0.20537037,0.6445793,0.060988314,0.15697601,0.10914325,-0.12754662,0.4611194,-0.594776,-0.6097655,-0.09523541,0.020683266,-0.5418838,0.652052,-0.7177007,0.035933796,0.0
1.8935733,0.13026728,0.8290358,-0.008045144,0.060431488,0.0105082905,0.9980846,-0.35018584,0.0037772164,0.008421868,0.2219317,-0.20252796,0.13096994,-0.278593,0.027207015,0.14502174,0.6448662,0.015738528,0.11453732,0.07247945,-0.15550616,0.48436153,-0.5757877,-0.62467253,-0.10452187,0.014655335,-0.5583597,0.6332431,-0.7738497,0.042292275,0.0
1.9011958,0.1352906,0.82994395,-0.009515584,0.060570836,0.013395381,0.9980287,-0.339579,-0.001012258,0.004827426,0.22213605,-0.20979318,0.13088855,-0.32520655,0.024788966,0.103645295,0.6252358,-0.028297672,0.08706014,0.039862245,-0.17828466,0.5048493,-0.5596271,-0.62874216,-0.103911586,0.010479921,-0.5716504,0.60897166,-0.8162398,0.03462556,0.0
1.9075385,0.13778149,0.83000624,-0.009065133,0.059012145,0.022516277,0.9979621,-0.3272466,-0.009606099,-0.0067122737,0.21941398,-0.2132947,0.122411005,-0.3585664,0.022306979,0.08379021,0.5660622,-0.062947795,0.07633972,0.0049143676,-0.20295209,0.516409,-0.55405277,-0.6258775,-0.10146612,0.009572043,-0.58199465,0.5907493,-0.8434609,0.02829619,0.0
1.9131602,0.1401753,0.82966554,-0.008048292,0.056566354,0.03450733,0.9977699,-0.31478474,-0.020533938,-0.02283904,0.21739458,-0.21832728,0.11445776,-0.38788718,0.02144644,0.061673805,0.5044494,-0.08700086,0.06826825,-0.028759249,-0.22430325,0.5232084,-0.5427325,-0.62245077,-0.09317665,0.010995108,-0.58733904,0.5749857,-0.86126643,0.022013268,0.0
1.9224646,0.14461613,0.829621,-0.008508706,0.057692155,0.047336463,0.9971753,-0.29464015,-0.030624626,-0.033516668,0.19633783,-0.22440028,0.10719965,-0.41062328,0.021986334,0.03730686,0.44922185,-0.09046381,0.0751076,-0.059396576,-0.24164155,0.524011,-0.53772306,-0.6182919,-0.08765098,0.009417832,-0.58631384,0.56267303,-0.8685695,0.018093403,0.0
1.9328514,0.14833297,0.82894033,-0.006252969,0.058489747,0.06093712,0.99640685,-0.27660462,-0.04489555,-0.048165545,0.18449101,-0.23003581,0.09972947,-0.42544478,0.018840767,0.02013502,0.37533057,-0.09142486,0.08864344,-0.08507773,-0.2556112,0.5122361,-0.54197127,-0.6192266,-0.07433038,0.012535619,-0.5885645,0.5641975,-0.86669886,0.020935837,0.0
1.940697,0.15231822,0.8284438,-0.0038365587,0.05678427,0.074275136,0.9956124,-0.25740373,-0.059182197,-0.06607051,0.17484683,-0.23089866,0.09782331,-0.44045,0.01676527,0.024927888,0.31413764,-0.075482085,0.105226025,-0.10614124,-0.26691058,0.4924674,-0.5504782,-0.6102718,-0.06157972,0.017043542,-0.5864402,0.56554455,-0.85856825,0.01825715,0.0
1.9493934,0.15676832,0.8281871,-0.0025043446,0.055079907,0.08460085,0.99488825,-0.24035451,-0.069880866,-0.081544496,0.17279646,-0.2345732,0.097105876,-0.45156413,0.014794922,0.027061047,0.27098456,-0.06113716,0.11701204,-0.11627216,-0.2751957,0.4700633,-0.55812097,-0.6020222,-0.05246369,0.023207335,-0.5836704,0.56505334,-0.84719044,0.013367291,0.0
1.9568628,0.15968932,0.828069,-0.0019036942,0.05274272,0.09676807,0.99390674,-0.22123793,-0.07690014,-0.102033846,0.16423887,-0.23337668,0.09304358,-0.45754126,0.01383796,0.036963858,0.22952364,-0.041992914,0.13163595,-0.12313804,-0.27971104,0.44658142,-0.5682576,-0.59497315,-0.04711227,0.026840642,-0.57362455,0.5753715,-0.8345775,0.012221171,0.0
1.9668374,0.16331348,0.8277354,-0.00036119678,0.05209011,0.103761256,0.9932372,-0.20799358,-0.08494865,-0.117366,0.16940583,-0.24085468,0.09509255,-0.4651965,0.014025765,0.04227982,0.21084924,-0.03134404,0.14123413,-0.12104495,-0.27887863,0.42233753,-0.57928395,-0.58088493,-0.04452464,0.03022014,-0.5667559,0.58139646,-0.8134238,0.010841702,0.0
1.9756372,0.16720155,0.82770354,-0.0005590506,0.051015675,0.11222503,0.9923723,-0.19305463,-0.08965211,-0.13595507,0.16846448,-0.24342623,0.10080549,-0.46815848,0.011397089,0.040965546,0.19341375,-0.0137324715,0.14992419,-0.12035059,-0.27674082,0.40026286,-0.584866,-0.5678599,-0.050856087,0.03429704,-0.55375475,0.5802232,-0.78786933,0.0076796245,0.0
1.9870803,0.1701482,0.8273194,8.754203e-05,0.05056549,0.116246395,0.99193245,-0.1787901,-0.09294563,-0.14856243,0.17473662,-0.25368237,0.09983066,-0.47560593,0.00972986,0.038444802,0.18620878,-0.009439157,0.15681048,-0.11386542,-0.26287806,0.3794443,-0.59974134,-0.55408114,-0.044430576,0.035370268,-0.5428301,0.5854213,-0.7613543,0.005612756,0.0
1.9961741,0.17172138,0.82715976,-0.00037681503,0.048822477,0.12315504,0.9911857,-0.16513665,-0.092630014,-0.16199906,0.17887656,-0.26041386,0.10116188,-0.48290256,0.007425155,0.03458316,0.18178663,0.0029583569,0.16015263,-0.11223865,-0.24198537,0.3645542,-0.6149594,-0.5367782,-0.045029417,0.033624977,-0.5275167,0.58942944,-0.7303592,-0.00028665105,0.0
2.00783,0.17304687,0.8268173,-0.00011292069,0.04921726,0.1289662,0.9904269,-0.15194699,-0.092528485,-0.17088868,0.18255171,-0.2678887,0.10144489,-0.4919048,0.005838417,0.026015963,0.1766474,0.017865887,0.16512327,-0.11089732,-0.21763402,0.3506573,-0.621267,-0.52034175,-0.03764365,0.033344716,-0.5127968,0.58805424,-0.70277387,-0.009085406,0.0
2.0182726,0.17396963,0.8263458,-0.00045023698,0.049566943,0.13459346,0.9896603,-0.14042631,-0.09054501,-0.17701215,0.18594351,-0.27595535,0.09769284,-0.49715418,0.0028005128,0.016694205,0.1694709,0.021851463,0.16553697,-0.10661796,-0.19029221,0.34248808,-0.6256887,-0.50549346,-0.032747906,0.029541098,-0.49908525,0.58599913,-0.680339,-0.014620801,0.0
2.0294826,0.17393708,0.82591444,-0.0010951512,0.04934304,0.13777405,0.98923326,-0.12746765,-0.085549295,-0.18281084,0.19038704,-0.28450567,0.096158504,-0.5001739,-0.003689322,0.004535531,0.16396722,0.033439014,0.16679826,-0.10080552,-0.1599082,0.3371833,-0.62465817,-0.4871622,-0.018732155,0.029185517,-0.48653975,0.5813138,-0.6524071,-0.025971774,0.0
2.0397058,0.17385662,0.8253666,-0.0014710156,0.049684975,0.14294031,0.98848236,-0.11779905,-0.081848145,-0.18867038,0.19570589,-0.2921198,0.093413286,-0.50527906,-0.007963132,-0.006277384,0.15930887,0.04819329,0.16930585,-0.099650376,-0.13032225,0.33422557,-0.62986904,-0.47369304,-0.012884581,0.03028848,-0.47538936,0.57829696,-0.63082844,-0.03482856,0.0
2.054573,0.17362177,0.8247722,-0.002317514,0.052007698,0.14668132,0.98781294,-0.10316311,-0.07465771,-0.1940894,0.19525921,-0.2996515,0.090587206,-0.51322967,-0.014469149,-0.016494704,0.15033968,0.059348702,0.17193756,-0.097946495,-0.09968968,0.3318854,-0.6223444,-0.45462808,0.003718413,0.037353396,-0.4665085,0.5745726,-0.6055133,-0.046931896,0.0
2.0686197,0.173318,0.8239615,-0.002817164,0.053413954,0.14973131,0.9872789,-0.08804675,-0.06790403,-0.19634834,0.19621924,-0.30670956,0.086474344,-0.52172107,-0.022121573,-0.03219506,0.14173862,0.06219798,0.17391591,-0.09673455,-0.07040694,0.3305562,-0.6140074,-0.4444008,0.01704653,0.04349927,-0.46005794,0.5660435,-0.58526,-0.053767063,0.0
2.0828311,0.17187634,0.82321084,-0.003346613,0.05406905,0.15443607,0.98651654,-0.07172731,-0.059131548,-0.20193931,0.1965224,-0.31181923,0.08272619,-0.5302953,-0.030308109,-0.043318905,0.1352872,0.061706506,0.17384051,-0.098254226,-0.04537102,0.3324815,-0.601474,-0.43178165,0.028918462,0.05159069,-0.455177,0.55904406,-0.56531686,-0.05840872,0.0
2.0973005,0.1714395,0.82238424,-0.0041108807,0.055199493,0.16049872,0.9854828,-0.053175543,-0.050213628,-0.20797947,0.19091716,-0.3133181,0.07808172,-0.53720516,-0.040790886,-0.06436713,0.12579302,0.062324572,0.17561886,-0.10210577,-0.029337464,0.33437952,-0.5886397,-0.4252969,0.031269673,0.06024272,-0.45178425,0.55333793,-0.55512416,-0.0641976,0.0
2.1134615,0.17183784,0.8216293,-0.005398971,0.056959122,0.1683561,0.9840644,-0.035335913,-0.04063445,-0.21694407,0.18763967,-0.31307712,0.07428391,-0.5409869,-0.050766423,-0.073501796,0.12162009,0.057446472,0.17576033,-0.10831007,-0.020357756,0.34329113,-0.58175254,-0.4220818,0.036165293,0.06895456,-0.4510545,0.5532678,-0.54582554,-0.07070562,0.0
2.1309202,0.17263965,0.820879,-0.0055256854,0.06005913,0.17508407,0.9827044,-0.022553574,-0.034457188,-0.22357889,0.19323249,-0.3080588,0.070184864,-0.54077256,-0.055913653,-0.08058567,0.126178,0.060254637,0.17208852,-0.11479758,-0.017965272,0.35291418,-0.570518,-0.42814136,0.040394474,0.07539106,-0.45513433,0.544109,-0.5398438,-0.08280844,0.0
2.150352,0.17202109,0.8207919,-0.0053741513,0.062344715,0.18379936,0.98096997,-0.0010493882,-0.023792677,-0.23488861,0.18783288,-0.29070914,0.06389205,-0.5298852,-0.060013533,-0.078796715,0.1309839,0.062199645,0.16562428,-0.12551819,-0.019320218,0.36161357,-0.5620418,-0.4324785,0.047562774,0.07644468,-0.45617244,0.54354733,-0.5350045,-0.08981145,0.0
2.1686344,0.17199685,0.8212479,-0.0052000885,0.06539191,0.19004641,0.9795812,0.013702841,-0.015544297,-0.2372075,0.19114551,-0.26941693,0.051601328,-0.52059615,-0.062247805,-0.072981074,0.14379054,0.06813654,0.16194202,-0.13328114,-0.024834618,0.37228504,-0.5557919,-0.44548622,0.043818895,0.07555982,-0.4600438,0.53990465,-0.5354091,-0.09468945,0.0
2.186787,0.17085725,0.8221828,-0.0036578658,0.067212515,0.19637957,0.97821486,0.031581335,-0.0078379875,-0.23736855,0.19301459,-0.24057029,0.03548255,-0.5055545,-0.061314348,-0.073248304,0.15844928,0.071663044,0.15825163,-0.1381382,-0.03774953,0.37651104,-0.5459568,-0.4566753,0.03760136,0.076163456,-0.4645224,0.53797835,-0.5380517,-0.10109667,0.0
2.211187,0.17189634,0.8235196,-0.0018260767,0.070942044,0.20072159,0.9770746,0.049345028,-0.0029324307,-0.2483987,0.2043021,-0.19272214,0.017089438,-0.48195437,-0.05985547,-0.076371,0.1724512,0.059226505,0.15142733,-0.14130381,-0.055755056,0.38033724,-0.53782827,-0.4628594,0.031787183,0.07269709,-0.47161108,0.5448192,-0.5382567,-0.09897299,0.0
2.2338264,0.16832194,0.82511187,0.0018911408,0.0720119,0.20189977,0.9767534,0.068124615,0.0030913088,-0.2533431,0.21820152,-0.14201201,-0.0053798878,-0.45775867,-0.057324763,-0.087509446,0.19117996,0.04005211,0.1406643,-0.14098524,-0.07126428,0.38338625,-0.5212705,-0.46822268,0.039692476,0.06568737,-0.4794934,0.54979587,-0.54096484,-0.10226925,0.0
2.2595704,0.16789073,0.82698256,0.0040858653,0.072766095,0.20083219,0.9769109,0.0866971,0.0075071175,-0.26644152,0.24072325,-0.07617271,-0.028256703,-0.4340055,-0.053160574,-0.09077318,0.21516581,0.015502401,0.12851958,-0.1388297,-0.08530011,0.38738167,-0.49608195,-0.4733003,0.056353826,0.05600884,-0.4854264,0.54692125,-0.5445996,-0.114856124,0.0
2.279493,0.16732612,0.8286278,0.008362436,0.075157724,0.19828583,0.9772227,0.090017065,0.0057951515,-0.2691062,0.28488156,-0.019599916,-0.05241844,-0.4121813,-0.05260986,-0.09031282,0.24916965,-0.019799631,0.10794981,-0.13252684,-0.09494774,0.38914227,-0.48176593,-0.49081016,0.07095623,0.053109452,-0.49402893,0.53035474,-0.5609608,-0.14219716,0.0
2.299637,0.16716844,0.8298621,0.016600441,0.074393675,0.1887195,0.9790684,0.08381897,0.006068052,-0.22812015,0.36100206,0.073560916,-0.07275768,-0.37904516,-0.0501777,-0.08543007,0.29615062,-0.07091886,0.0762229,-0.12281086,-0.10482374,0.3878852,-0.46259838,-0.49421638,0.06816964,0.044794057,-0.50958806,0.5140142,-0.5708653,-0.14656165,0.0
2.3201911,0.1668698,0.8314218,0.025352743,0.074626096,0.17975189,0.98054963,0.04064094,0.0105185695,-0.16525464,0.49160057,0.12792219,-0.04775719,-0.33789185,-0.043059725,-0.056111887,0.36505198,-0.15235378,0.024931816,-0.10159184,-0.12186841,0.38021222,-0.4332667,-0.492682,0.0714788,0.04392893,-0.53117037,0.48549148,-0.5927232,-0.16666153,0.0
2.339068,0.16575566,0.83138824,0.029327994,0.07860772,0.16954042,0.98194546,-0.021463178,0.012974424,-0.09476815,0.60118735,0.07160204,-0.005549793,-0.3062631,-0.02911744,-0.030152284,0.4130764,-0.21518224,-0.00801933,-0.08049529,-0.13002622,0.37953126,-0.38434264,-0.49528947,0.0859771,0.042339094,-0.5430126,0.43580505,-0.57800937,-0.17622691,0.0
2.3492193,0.16438003,0.8313631,0.03256979,0.07868385,0.15805255,0.9837518,-0.07619824,0.019092033,-0.03866689,0.6752366,0.010406027,0.033999674,-0.2776106,-0.024455987,-0.0271079,0.41178384,-0.22914767,-0.01852544,-0.0638791,-0.1249574,0.38536257,-0.3344779,-0.50174445,0.09913379,0.048192315,-0.5463076,0.39286995,-0.55835116,-0.20245135,0.0
2.3615532,0.16467732,0.8337397,0.033080555,0.081723236,0.14745806,0.985131,-0.1301446,0.024123324,0.027755488,0.6990227,-0.05580332,0.08122453,-0.25470352,-0.01823324,-0.019926837,0.39671987,-0.21049505,-0.011504718,-0.048179515,-0.10060719,0.3943327,-0.31966114,-0.5268774,0.104740545,0.056870393,-0.54879016,0.37114716,-0.54829097,-0.21405724,0.0
2.3361292,0.16347158,0.8369845,0.029890677,0.07982995,0.13736628,0.9868456,-0.14901426,0.007416851,0.06368741,0.620928,-0.08329037,0.090646185,-0.25351995,-0.017531872,-0.032311615,0.33448163,-0.15473169,0.02571363,-0.04114321,-0.09258312,0.3944534,-0.31435323,-0.54393166,0.1033312,0.07354389,-0.55135506,0.34482542,-0.5284537,-0.21169743,0.0
2.358405,0.16212764,0.8390415,0.023450276,0.078987345,0.12886372,0.9882334,-0.1619328,-0.021122944,0.09675385,0.4812016,-0.107696086,0.08519108,-0.23370513,-0.010971164,-0.04790399,0.28031212,0.020694364,0.10526649,-0.028936084,-0.048584312,0.3872044,-0.3176346,-0.53264844,0.09228609,0.08301766,-0.54640126,0.32641655,-0.5056105,-0.17386886,0.0
2.381275,0.1596813,0.84049433,0.013048751,0.08177221,0.12784262,0.9883316,-0.16386595,-0.040360495,0.109084256,0.31675965,-0.09634583,0.05614692,-0.23292649,-0.003233297,-0.050421797,0.23623066,0.14836408,0.16122946,-0.026882386,-0.017489588,0.37213132,-0.33255008,-0.5102058,0.094744585,0.08778017,-0.5307006,0.3041003,-0.5038264,-0.16117583,0.0
2.402769,0.15664415,0.8404878,0.005473316,0.07697371,0.12813249,0.98875034,-0.16718024,-0.045487747,0.09752793,0.22566287,-0.06606592,0.027268762,-0.24282116,-0.0044253254,-0.071886115,0.2012239,0.13113146,0.14525685,-0.019150304,-0.0017740995,0.35258025,-0.33616894,-0.4644808,0.113740414,0.09435908,-0.5048547,0.28524014,-0.47229505,-0.19057214,0.0
2.4241643,0.1537238,0.8380823,0.0027831653,0.07198108,0.1336927,0.98840135,-0.17759308,-0.047863342,0.05588965,0.18119311,-0.069928,0.021658355,-0.24664676,3.9483566e-05,-0.04574658,0.17232399,0.06384244,0.124008626,-0.013581768,0.0068916706,0.3449931,-0.35931683,-0.43635395,0.107050106,0.09248231,-0.4819,0.30254647,-0.44956434,-0.18618914,0.0
2.4455926,0.152007,0.83328384,0.0025492862,0.0699378,0.13449515,0.9884398,-0.18056244,-0.048632458,0.021485459,0.16257711,-0.09623539,0.029743243,-0.24162455,0.009093716,-0.015305116,0.15911344,-0.003892108,0.103370145,-0.009482275,0.016816003,0.31604216,-0.3980117,-0.3893262,0.09242078,0.08516263,-0.45082602,0.33255038,-0.42389935,-0.1858112,0.0
2.4666488,0.15017587,0.8290196,0.0023968385,0.06763679,0.13473986,0.988567,-0.18202832,-0.05006609,0.0011678162,0.16080776,-0.11574113,0.048834417,-0.23519589,0.017672658,0.0025544893,0.16442825,-0.061176047,0.09247061,-0.0046686428,0.021597624,0.2904367,-0.45928547,-0.35092047,0.07742524,0.07930373,-0.42494196,0.36248443,-0.40568084,-0.19930193,0.0
2.4843905,0.13598435,0.82632065,0.003931746,0.06524117,0.139167,0.98810965,-0.18432635,-0.0461346,-0.002413359,0.15851206,-0.13477367,0.061671276,-0.22658463,0.029647091,-0.0008184035,0.16166297,-0.104328334,0.090703405,0.001123701,0.022583827,0.2732777,-0.4978621,-0.33967587,0.065605536,0.08106552,-0.41042507,0.4007461,-0.41643125,-0.20022067,0.0
2.4845908,0.13800333,0.8245876,0.00020904024,0.06341457,0.14005047,0.98811156,-0.19410896,-0.05113713,-0.03495739,0.15276913,-0.14715067,0.058753088,-0.23050961,0.030936591,0.0059704343,0.15878908,-0.12518731,0.08208049,0.012521895,0.018141475,0.27043572,-0.51710105,-0.3438753,0.06635937,0.06934316,-0.41069236,0.43622583,-0.43251234,-0.18692127,0.0
2.4814215,0.13187549,0.82305515,0.0006487948,0.065115474,0.1494626,0.9866208,-0.2059773,-0.051836193,-0.05745604,0.15124145,-0.15899552,0.05000158,-0.2441205,0.032596085,0.010341329,0.15976498,-0.13977437,0.07444736,0.0008348449,0.02416617,0.2841694,-0.5496223,-0.37464163,0.04048334,0.06089586,-0.40242118,0.47431377,-0.45937192,-0.18130335,0.0
2.4727204,0.12786892,0.82112485,0.0009357362,0.061740696,0.15705141,0.9856582,-0.21256167,-0.05056631,-0.055189975,0.15519233,-0.17126739,0.035852455,-0.25185496,0.0300031,0.0022049206,0.1578303,-0.15013026,0.069943085,-0.011956698,0.026040485,0.3116401,-0.5773227,-0.41087872,0.021571556,0.05044163,-0.40931594,0.48228946,-0.50271404,-0.18983853,0.0
2.4846916,0.11177274,0.8194608,0.0035309931,0.06761837,0.15391831,0.98576087,-0.21186705,-0.038695965,-0.061238516,0.16813627,-0.20365836,0.050767504,-0.2611921,0.041856058,0.021392062,0.16104403,-0.17897597,0.07709793,-0.014297325,0.028219722,0.3147755,-0.5522214,-0.42585468,0.02008888,0.038335383,-0.40963554,0.48047546,-0.51085335,-0.16916756,0.0
