0.000000,0.000000,0.766168,0.000656,-0.002530,0.994908,0.100755,-0.087860,0.020515,0.116633,0.358970,-0.335590,0.034416,-0.117869,-0.014803,0.019123,0.331047,-0.275963,0.069189,0.036032,-0.077802,0.242864,-0.435808,-0.175157,-0.140841,-0.095424,-0.281870,0.188004,-0.181837,0.061532,0.000000
0.000791,-0.001797,0.759625,0.004169,-0.000616,-0.997149,-0.075335,-0.186955,0.005994,0.038781,0.499815,-0.394117,0.044810,-0.188002,-0.033033,-0.010439,0.456341,-0.343818,0.077449,-0.016973,-0.093298,0.234256,-0.452993,-0.167968,-0.110078,-0.080953,-0.295066,0.182927,-0.211750,0.054634,0.000116
0.000679,-0.003747,0.758716,-0.006993,0.000251,0.997194,0.074528,-0.205549,0.003021,0.030471,0.521556,-0.405630,0.050419,-0.201225,-0.034931,-0.007934,0.469024,-0.349194,0.080964,-0.015005,-0.101023,0.232929,-0.455528,-0.166649,-0.106576,-0.081273,-0.296681,0.180358,-0.213430,0.054022,0.000233
-0.000259,-0.006235,0.758330,-0.008005,-0.000436,0.997190,0.074477,-0.211332,-0.000014,0.027092,0.530126,-0.412396,0.055416,-0.203679,-0.037250,-0.006921,0.471167,-0.350072,0.083203,-0.009151,-0.103155,0.232579,-0.456621,-0.170260,-0.104669,-0.077972,-0.298865,0.179638,-0.213050,0.054907,0.000349
-0.002050,-0.009269,0.757975,-0.008477,-0.001009,0.997210,0.074153,-0.211284,-0.004202,0.025324,0.532323,-0.417063,0.058761,-0.203409,-0.041190,-0.007232,0.472976,-0.351343,0.084899,-0.002533,-0.103259,0.232083,-0.456806,-0.176050,-0.103688,-0.074161,-0.302028,0.178413,-0.210885,0.057393,0.000465
-0.004701,-0.012789,0.757546,-0.008589,-0.001525,0.997313,0.072736,-0.207583,-0.009823,0.022673,0.530859,-0.420317,0.060193,-0.201672,-0.046869,-0.010263,0.476691,-0.354368,0.085761,0.001773,-0.101355,0.231496,-0.456177,-0.182101,-0.103944,-0.070863,-0.305168,0.175838,-0.207975,0.059649,0.000581
-0.007930,-0.016680,0.756856,-0.008625,-0.001962,0.997529,0.069694,-0.204259,-0.017075,0.016490,0.531015,-0.423657,0.060877,-0.201789,-0.054312,-0.016290,0.486743,-0.361019,0.084355,0.002265,-0.097953,0.230936,-0.456132,-0.187586,-0.104877,-0.067328,-0.308236,0.172936,-0.207864,0.060307,0.000698
-0.011366,-0.020807,0.755800,-0.008740,-0.001761,0.997845,0.065010,-0.202889,-0.026748,0.006972,0.534235,-0.427130,0.061348,-0.208768,-0.064963,-0.024583,0.510933,-0.372083,0.079054,-0.000734,-0.093906,0.229318,-0.456339,-0.192599,-0.105833,-0.062087,-0.312434,0.170162,-0.213275,0.059461,0.000814
-0.014701,-0.025010,0.754518,-0.008890,-0.000202,0.998219,0.058986,-0.201799,-0.039686,-0.003763,0.537031,-0.428825,0.061250,-0.227850,-0.080492,-0.032349,0.558345,-0.384088,0.068446,-0.006788,-0.089906,0.225195,-0.454812,-0.196733,-0.107602,-0.055373,-0.318698,0.166693,-0.222470,0.058873,0.000930
-0.017840,-0.029087,0.753320,0.009357,-0.002406,-0.998632,-0.051398,-0.200762,-0.054896,-0.015959,0.537663,-0.427679,0.060866,-0.262490,-0.099950,-0.037400,0.633955,-0.388331,0.051240,-0.017471,-0.086206,0.219197,-0.451767,-0.199844,-0.111332,-0.049686,-0.325510,0.162945,-0.231364,0.059223,0.001047
-0.021033,-0.032711,0.752504,0.010564,-0.004792,-0.999051,-0.041995,-0.200293,-0.069421,-0.031230,0.536270,-0.424681,0.061129,-0.310812,-0.118212,-0.039143,0.729437,-0.377278,0.031392,-0.034453,-0.082744,0.213371,-0.449811,-0.202263,-0.115383,-0.046496,-0.330337,0.160950,-0.238597,0.058714,0.001163
-0.024996,-0.035565,0.752235,0.012434,-0.005887,-0.999435,-0.030678,-0.198661,-0.080700,-0.050630,0.532042,-0.421224,0.061448,-0.363292,-0.126344,-0.036589,0.816039,-0.359610,0.019102,-0.058114,-0.079046,0.209169,-0.450245,-0.203776,-0.117032,-0.044283,-0.332022,0.161059,-0.245538,0.056229,0.001279
-0.030300,-0.037536,0.752392,0.014565,-0.005642,-0.999706,-0.018556,-0.194155,-0.087778,-0.071534,0.525315,-0.418341,0.059370,-0.412217,-0.122482,-0.034373,0.865597,-0.354213,0.019370,-0.084882,-0.075277,0.206440,-0.451212,-0.203325,-0.117828,-0.040975,-0.330942,0.161351,-0.252342,0.053159,0.001395
-0.036790,-0.038699,0.752675,0.016915,-0.003972,-0.999823,-0.007267,-0.188211,-0.089730,-0.090765,0.518870,-0.417791,0.054394,-0.457780,-0.116981,-0.044625,0.872643,-0.363689,0.023190,-0.109752,-0.072140,0.206033,-0.451610,-0.201424,-0.119055,-0.036951,-0.326973,0.161369,-0.255596,0.050952,0.001512
-0.044535,-0.039189,0.752918,0.019289,-0.001077,-0.999811,0.002081,-0.180558,-0.086742,-0.105980,0.513374,-0.420119,0.048065,-0.499369,-0.113633,-0.065070,0.843454,-0.377852,0.026273,-0.130212,-0.068663,0.208548,-0.451380,-0.200524,-0.119801,-0.033210,-0.320344,0.161917,-0.251839,0.049978,0.001628
-0.053532,-0.039064,0.753080,-0.021561,-0.002288,0.999721,-0.009398,-0.168985,-0.080417,-0.116611,0.505074,-0.423491,0.042042,-0.537315,-0.105216,-0.078747,0.789078,-0.382134,0.035022,-0.146911,-0.063672,0.213909,-0.451872,-0.203177,-0.119491,-0.030565,-0.312069,0.164806,-0.241738,0.049429,0.001744
-0.063739,-0.038373,0.752626,-0.024247,-0.005902,0.999584,-0.014463,-0.158903,-0.072016,-0.123594,0.502171,-0.431666,0.036763,-0.575770,-0.087628,-0.075768,0.726140,-0.373898,0.052850,-0.159661,-0.058845,0.221563,-0.453349,-0.207411,-0.120803,-0.028565,-0.302442,0.169224,-0.230226,0.050172,0.001860
-0.075057,-0.037100,0.751854,-0.027500,-0.009411,0.999422,-0.017628,-0.148342,-0.062278,-0.127610,0.499848,-0.441892,0.031826,-0.611540,-0.065752,-0.063187,0.660415,-0.358962,0.076076,-0.169211,-0.055122,0.230624,-0.454098,-0.210927,-0.123446,-0.026490,-0.292407,0.173097,-0.222395,0.051174,0.001977
-0.087686,-0.035229,0.750868,-0.031155,-0.012406,0.999241,-0.019831,-0.135261,-0.052137,-0.129352,0.495145,-0.451933,0.026979,-0.642734,-0.046835,-0.051687,0.601542,-0.344677,0.096898,-0.177687,-0.052151,0.240210,-0.453179,-0.213370,-0.126200,-0.023604,-0.283453,0.175191,-0.220513,0.051695,0.002093
-0.101765,-0.032699,0.749520,-0.034980,-0.014640,0.999025,-0.022620,-0.120334,-0.042445,-0.130684,0.490253,-0.461312,0.021812,-0.666695,-0.034641,-0.047773,0.555491,-0.332747,0.112469,-0.188092,-0.048951,0.250315,-0.451764,-0.216504,-0.127403,-0.020681,-0.276050,0.175464,-0.220568,0.051047,0.002209
-0.117416,-0.029499,0.747505,-0.038583,-0.015453,0.998769,-0.027079,-0.104074,-0.034853,-0.133394,0.487978,-0.470120,0.016560,-0.682459,-0.031183,-0.052088,0.530133,-0.324874,0.122134,-0.201869,-0.045317,0.260062,-0.450878,-0.220907,-0.127671,-0.018657,-0.270356,0.173414,-0.218610,0.048595,0.002326
-0.134856,-0.025642,0.744492,-0.041992,-0.014360,0.998469,-0.033020,-0.088490,-0.030462,-0.137742,0.492858,-0.479559,0.011851,-0.689599,-0.036812,-0.065387,0.530289,-0.323818,0.124160,-0.217346,-0.043013,0.268679,-0.450340,-0.224693,-0.127721,-0.017870,-0.266737,0.168751,-0.216774,0.046113,0.002442
-0.154327,-0.021052,0.741323,-0.044613,-0.011556,0.998168,-0.039216,-0.067769,-0.027662,-0.140984,0.496948,-0.482195,0.005124,-0.680574,-0.049806,-0.091921,0.543471,-0.320455,0.115139,-0.230988,-0.040968,0.277203,-0.448689,-0.227843,-0.126538,-0.016477,-0.266102,0.162319,-0.216667,0.046244,0.002558
-0.175539,-0.015721,0.738950,-0.046728,-0.008436,0.997999,-0.041747,-0.044892,-0.024088,-0.140336,0.504859,-0.473113,-0.005280,-0.663798,-0.060043,-0.117757,0.564738,-0.304246,0.096626,-0.234610,-0.038717,0.288205,-0.442095,-0.230511,-0.125894,-0.015591,-0.265875,0.153605,-0.212964,0.049119,0.002674
-0.198002,-0.009857,0.738336,-0.048185,-0.006568,0.998087,-0.038165,-0.024571,-0.018950,-0.137665,0.524774,-0.444882,-0.022678,-0.649637,-0.055183,-0.116892,0.591883,-0.281280,0.079364,-0.226685,-0.032083,0.302870,-0.429178,-0.233967,-0.123980,-0.017725,-0.262921,0.146699,-0.200830,0.050828,0.002791
-0.221434,-0.003613,0.739524,-0.048869,-0.006738,0.998365,-0.028889,-0.015747,-0.013913,-0.140811,0.571048,-0.391647,-0.046771,-0.631713,-0.032406,-0.090330,0.611682,-0.265642,0.066918,-0.211360,-0.018577,0.320586,-0.419601,-0.238171,-0.116458,-0.023159,-0.257506,0.145979,-0.186665,0.047284,0.002907
-0.245106,0.002948,0.741871,-0.048994,-0.008367,0.998630,-0.016359,-0.029759,-0.012149,-0.154699,0.655915,-0.309683,-0.075356,-0.601759,-0.002965,-0.063513,0.614332,-0.259705,0.051631,-0.190119,-0.003097,0.341126,-0.425976,-0.242955,-0.105889,-0.026868,-0.253080,0.146445,-0.185242,0.035469,0.003023
-0.268043,0.009397,0.744441,-0.048610,-0.009507,0.998769,-0.002792,-0.073885,-0.013808,-0.164733,0.778375,-0.217707,-0.103412,-0.564827,0.021904,-0.044238,0.607009,-0.260875,0.034110,-0.161048,0.006442,0.361441,-0.441929,-0.247742,-0.097991,-0.025965,-0.255100,0.145847,-0.200934,0.021740,0.003140
-0.289782,0.015309,0.746509,-0.047835,-0.009149,0.998734,0.012588,-0.147542,-0.008118,-0.145550,0.920449,-0.163757,-0.111711,-0.528901,0.041691,-0.023486,0.599540,-0.268926,0.020359,-0.121547,0.006757,0.375831,-0.446948,-0.249553,-0.091579,-0.026047,-0.265832,0.150711,-0.222619,0.016766,0.003256
-0.310580,0.020619,0.748354,-0.046443,-0.007966,0.998405,0.031091,-0.240180,0.011728,-0.101657,1.052217,-0.166770,-0.087993,-0.492177,0.059737,0.002854,0.589823,-0.281697,0.012955,-0.073222,0.001580,0.381363,-0.436262,-0.246483,-0.084268,-0.033635,-0.282252,0.162933,-0.237923,0.022475,0.003372
-0.331119,0.025276,0.750431,-0.043896,-0.006564,0.997671,0.051793,-0.336655,0.038526,-0.055208,1.145018,-0.204551,-0.046205,-0.449453,0.075339,0.032394,0.573082,-0.294093,0.012407,-0.022151,-0.002993,0.379046,-0.422897,-0.240952,-0.076859,-0.047255,-0.300464,0.174883,-0.246435,0.031628,0.003488
-0.351754,0.029287,0.752470,-0.040437,-0.004923,0.996469,0.073419,-0.425956,0.067181,-0.011898,1.183343,-0.251918,-0.008502,-0.402556,0.086636,0.063062,0.552351,-0.304016,0.017378,0.027789,-0.002792,0.371290,-0.415976,-0.238656,-0.070974,-0.060929,-0.318224,0.178961,-0.256239,0.036646,0.003605
-0.372656,0.032794,0.753939,-0.036572,-0.003120,0.994855,0.094428,-0.502317,0.095865,0.029210,1.165334,-0.293833,0.015649,-0.354250,0.092549,0.091275,0.531240,-0.314557,0.023901,0.074607,0.001761,0.360486,-0.413843,-0.240464,-0.067733,-0.070332,-0.334541,0.176274,-0.273675,0.038711,0.003721
-0.393989,0.035835,0.754529,-0.032766,-0.000993,0.993066,0.112900,-0.563222,0.114601,0.060860,1.093056,-0.326828,0.026415,-0.306293,0.092139,0.114686,0.511825,-0.329055,0.031201,0.115538,0.006870,0.346808,-0.411109,-0.240985,-0.068539,-0.076489,-0.349188,0.172608,-0.296850,0.043199,0.003837
-0.415995,0.038535,0.754405,-0.028836,0.001584,0.991388,0.127733,-0.605075,0.113461,0.073207,0.970612,-0.346933,0.018321,-0.257483,0.085490,0.132146,0.493227,-0.346804,0.038828,0.148228,0.011021,0.329579,-0.406109,-0.235869,-0.072203,-0.080453,-0.361842,0.171371,-0.319868,0.050619,0.003953
-0.438851,0.041133,0.753351,0.025867,-0.005370,-0.990120,-0.137711,-0.631321,0.092964,0.063394,0.816800,-0.351414,-0.008457,-0.215143,0.072926,0.142175,0.485474,-0.371438,0.044543,0.169174,0.013315,0.308149,-0.401417,-0.226387,-0.076250,-0.086881,-0.372697,0.175406,-0.334338,0.058823,0.004070
-0.462644,0.043748,0.751591,0.024029,-0.010184,-0.989393,-0.142898,-0.642866,0.065387,0.047134,0.660754,-0.340725,-0.043918,-0.177661,0.055936,0.143840,0.485756,-0.400205,0.045223,0.178648,0.015854,0.285431,-0.402819,-0.218911,-0.078873,-0.094272,-0.382709,0.182791,-0.339640,0.065864,0.004186
-0.487302,0.046027,0.748817,0.023133,-0.014323,-0.989003,-0.145374,-0.643793,0.041553,0.042165,0.540472,-0.323217,-0.072402,-0.144343,0.039118,0.140260,0.494139,-0.430162,0.040994,0.181905,0.018535,0.265908,-0.409576,-0.215906,-0.080835,-0.100767,-0.390522,0.189009,-0.338030,0.070756,0.004302
-0.513221,0.047377,0.744978,0.021436,-0.016006,-0.988388,-0.149578,-0.635242,0.026152,0.050668,0.485955,-0.307084,-0.077649,-0.109766,0.025666,0.137789,0.508088,-0.456191,0.035503,0.189466,0.019748,0.250870,-0.413475,-0.211172,-0.082340,-0.101882,-0.394056,0.189360,-0.331147,0.073575,0.004419
-0.540974,0.047578,0.740729,0.018231,-0.015726,-0.987213,-0.157576,-0.622696,0.016289,0.056208,0.504317,-0.289093,-0.051271,-0.073576,0.013670,0.141430,0.529783,-0.472323,0.033781,0.206301,0.017284,0.237454,-0.408195,-0.198493,-0.083678,-0.095366,-0.394157,0.181154,-0.318158,0.075257,0.004535
-0.570532,0.046753,0.738520,0.012854,-0.016919,-0.985735,-0.166959,-0.597895,0.004131,0.057431,0.551139,-0.257108,-0.002943,-0.036459,-0.004212,0.152258,0.559995,-0.461597,0.042770,0.227602,0.011320,0.219881,-0.397356,-0.175534,-0.084853,-0.079457,-0.395470,0.165182,-0.297175,0.077345,0.004651
-0.601468,0.045322,0.738698,0.007101,-0.020414,-0.984635,-0.173280,-0.561671,-0.012018,0.063843,0.590980,-0.233721,0.026544,-0.017822,-0.023437,0.174298,0.625761,-0.410810,0.062946,0.239768,0.003203,0.197623,-0.385129,-0.147778,-0.086092,-0.060629,-0.397452,0.148563,-0.268280,0.078908,0.004767
-0.632349,0.043511,0.740928,0.002180,-0.026082,-0.984620,-0.172741,-0.511050,-0.038972,0.069935,0.598429,-0.225219,0.044043,-0.031712,-0.038413,0.202843,0.739865,-0.306830,0.095553,0.228899,-0.001256,0.174827,-0.375596,-0.129615,-0.082409,-0.042388,-0.401645,0.134127,-0.243821,0.074529,0.004884
-0.660927,0.041641,0.743720,0.000235,-0.031202,-0.986203,-0.162571,-0.457153,-0.074493,0.062615,0.576952,-0.231004,0.063091,-0.092022,-0.051948,0.208383,0.898161,-0.188163,0.119946,0.184367,-0.002469,0.160281,-0.374194,-0.131781,-0.072884,-0.032119,-0.407951,0.124517,-0.238646,0.066607,0.005000
-0.687073,0.040407,0.746189,0.000754,-0.034113,-0.988881,-0.144739,-0.404676,-0.108404,0.041624,0.541243,-0.245370,0.077113,-0.189227,-0.086960,0.165497,1.059338,-0.137340,0.100315,0.112463,-0.006551,0.158628,-0.390792,-0.146470,-0.070251,-0.029737,-0.413318,0.119197,-0.256391,0.063510,0.005116
-0.712248,0.040150,0.748613,0.000987,-0.034773,-0.991753,-0.123349,-0.351764,-0.135196,0.011503,0.505314,-0.259099,0.080706,-0.291065,-0.133760,0.107690,1.172255,-0.161526,0.052814,0.030991,-0.018819,0.167304,-0.423027,-0.158936,-0.084963,-0.026976,-0.413339,0.113495,-0.285259,0.063360,0.005233
-0.737110,0.040934,0.751097,-0.000691,-0.033377,-0.994426,-0.100017,-0.298078,-0.153618,-0.024355,0.476993,-0.270510,0.078585,-0.375772,-0.157295,0.069985,1.211819,-0.202451,0.027057,-0.045624,-0.039969,0.181798,-0.450835,-0.166745,-0.106006,-0.016703,-0.406369,0.106591,-0.309586,0.059131,0.005349
-0.761583,0.042572,0.753225,0.003616,0.030242,0.996658,0.075794,-0.246758,-0.163451,-0.061742,0.458702,-0.283158,0.073733,-0.441992,-0.163963,0.041032,1.182131,-0.233607,0.025213,-0.109574,-0.066405,0.200144,-0.455283,-0.179511,-0.116010,0.002202,-0.394088,0.099333,-0.321850,0.051000,0.005465
-0.785314,0.044817,0.754598,0.006364,0.025163,0.998310,0.051997,-0.203489,-0.164179,-0.097579,0.453592,-0.300646,0.066726,-0.491187,-0.176922,-0.005962,1.097129,-0.264574,0.025690,-0.160619,-0.091862,0.222844,-0.440538,-0.207981,-0.112588,0.023434,-0.376742,0.095428,-0.318618,0.044152,0.005581
-0.808368,0.047500,0.755246,0.008062,0.018753,0.999274,0.032168,-0.166309,-0.156619,-0.125899,0.454444,-0.320970,0.059446,-0.526150,-0.191701,-0.068995,0.973299,-0.299065,0.022922,-0.198786,-0.112300,0.248922,-0.429198,-0.253354,-0.108145,0.037331,-0.354795,0.100546,-0.295793,0.041600,0.005698
-0.831232,0.050476,0.755174,0.008431,0.011998,0.999718,0.018677,-0.130817,-0.143149,-0.143729,0.453357,-0.342267,0.052687,-0.549014,-0.184846,-0.120751,0.820131,-0.321567,0.035809,-0.224550,-0.127833,0.276885,-0.432855,-0.308103,-0.113768,0.040354,-0.329366,0.113456,-0.254712,0.042893,0.005814
-0.854368,0.053596,0.754113,0.007696,0.006118,0.999890,0.011070,-0.094567,-0.127940,-0.151475,0.447959,-0.365616,0.047689,-0.566018,-0.145579,-0.129345,0.656464,-0.315373,0.078767,-0.239602,-0.139482,0.302821,-0.442121,-0.362673,-0.126679,0.037426,-0.303821,0.128345,-0.207732,0.044475,0.005930
-0.877884,0.056910,0.751800,0.005908,0.002154,0.999947,0.008184,-0.058550,-0.114802,-0.150264,0.440867,-0.390894,0.044071,-0.580680,-0.091109,-0.096916,0.513022,-0.285660,0.138918,-0.244330,-0.148820,0.321126,-0.445448,-0.407993,-0.139649,0.035558,-0.282827,0.138947,-0.171667,0.044775,0.006047
-0.901947,0.060755,0.748129,0.003730,0.000882,0.999970,0.006728,-0.024773,-0.106842,-0.145937,0.438969,-0.415041,0.039371,-0.592354,-0.052141,-0.073085,0.428020,-0.258580,0.183386,-0.245043,-0.154747,0.328409,-0.442174,-0.438353,-0.149082,0.037957,-0.270828,0.142154,-0.154088,0.045413,0.006163
-0.926929,0.065296,0.743246,0.002016,0.001640,0.999995,0.001530,0.003711,-0.103555,-0.148081,0.451540,-0.437623,0.034875,-0.600274,-0.043437,-0.094187,0.424029,-0.257114,0.189847,-0.253851,-0.153585,0.326702,-0.437019,-0.452048,-0.151733,0.042400,-0.267689,0.138451,-0.149564,0.046299,0.006279
-0.953168,0.070394,0.736679,0.000893,-0.001296,-0.999994,0.003183,0.013760,-0.098882,-0.149657,0.499689,-0.468837,0.031889,-0.609410,-0.045598,-0.127799,0.484028,-0.271848,0.164402,-0.261657,-0.145270,0.322328,-0.433926,-0.449831,-0.154074,0.042388,-0.261664,0.125448,-0.148627,0.047162,0.006395
-0.980720,0.075260,0.735306,0.001471,0.003846,0.999743,-0.022301,0.060765,-0.095313,-0.173202,0.492918,-0.449698,0.025417,-0.567348,-0.072630,-0.179289,0.508588,-0.255670,0.130167,-0.301009,-0.124346,0.309541,-0.437539,-0.429919,-0.143356,0.048321,-0.273631,0.106841,-0.151601,0.040413,0.006512
-1.009370,0.080507,0.734290,0.002806,0.002122,0.999531,-0.030426,0.084579,-0.085691,-0.187428,0.531405,-0.423278,0.006964,-0.540981,-0.075698,-0.192572,0.550016,-0.237465,0.103103,-0.311942,-0.104049,0.296800,-0.448472,-0.386697,-0.143235,0.049163,-0.271499,0.086276,-0.147172,0.035612,0.006628
-1.038655,0.086058,0.735481,-0.005112,0.001807,-0.999562,0.029107,0.097225,-0.077716,-0.202126,0.594505,-0.358494,-0.026898,-0.509877,-0.058908,-0.179668,0.579080,-0.230057,0.083437,-0.299221,-0.080472,0.284776,-0.462309,-0.330526,-0.140246,0.048733,-0.264652,0.073937,-0.138728,0.028483,0.006744
-1.066751,0.093214,0.737872,-0.006398,0.008621,-0.999709,0.021589,0.082319,-0.067680,-0.214607,0.692302,-0.268758,-0.103220,-0.466634,-0.024361,-0.166813,0.579246,-0.231254,0.066445,-0.271861,-0.056050,0.283418,-0.507200,-0.275555,-0.108245,0.045513,-0.254609,0.140264,-0.133055,-0.049672,0.006860
-1.092377,0.099490,0.740074,-0.005359,0.011917,-0.999884,0.007793,0.023822,-0.059650,-0.200465,0.827121,-0.203754,-0.144425,-0.429074,0.005952,-0.146174,0.570635,-0.243630,0.047719,-0.221910,-0.034039,0.286400,-0.518229,-0.252494,-0.092088,0.038415,-0.252475,0.160993,-0.142492,-0.084609,0.006977
-1.115907,0.104858,0.741454,-0.002810,0.012862,-0.999873,-0.009006,-0.068732,-0.034783,-0.153539,0.966979,-0.203686,-0.143130,-0.400044,0.029312,-0.121275,0.565240,-0.263308,0.035756,-0.159996,-0.017066,0.294502,-0.511058,-0.255605,-0.092016,0.027142,-0.258475,0.169600,-0.164339,-0.083053,0.007093
-1.138532,0.109300,0.742732,-0.000870,0.012636,-0.999514,-0.028476,-0.169953,-0.000789,-0.101447,1.071013,-0.243169,-0.117592,-0.372294,0.048518,-0.091003,0.561825,-0.284491,0.030232,-0.095365,-0.003036,0.302044,-0.494231,-0.265693,-0.093122,0.010978,-0.272137,0.187394,-0.190856,-0.068565,0.007209
-1.160851,0.112931,0.744454,-0.000693,0.011910,-0.998691,-0.049734,-0.264642,0.035981,-0.050817,1.120798,-0.287300,-0.086071,-0.337901,0.064282,-0.058132,0.552513,-0.301797,0.028221,-0.034649,0.010567,0.303090,-0.472174,-0.268394,-0.086782,-0.006171,-0.291436,0.203543,-0.223151,-0.054956,0.007326
-1.182811,0.115909,0.746162,-0.001541,0.010345,-0.997324,-0.072359,-0.347435,0.078871,0.009755,1.116472,-0.326196,-0.052699,-0.300332,0.075161,-0.022571,0.539878,-0.316016,0.029677,0.020241,0.024292,0.296207,-0.453028,-0.264031,-0.077509,-0.020263,-0.315526,0.208429,-0.266432,-0.048031,0.007442
-1.204360,0.118381,0.747183,-0.002381,0.007748,-0.995404,-0.095417,-0.416105,0.117542,0.071773,1.063846,-0.358276,-0.027721,-0.265828,0.080296,0.015065,0.530926,-0.331606,0.033275,0.068348,0.038109,0.284937,-0.444865,-0.260707,-0.074835,-0.031793,-0.342568,0.206573,-0.318297,-0.042876,0.007558
-1.225812,0.120488,0.747217,-0.002979,0.004575,-0.993214,-0.116176,-0.473177,0.138662,0.115303,0.973183,-0.379116,-0.020826,-0.235361,0.079586,0.048825,0.528520,-0.352210,0.035445,0.106005,0.051500,0.272794,-0.447234,-0.261078,-0.078978,-0.043950,-0.369195,0.207968,-0.368305,-0.033636,0.007674
-1.247749,0.122284,0.746311,-0.003655,0.000866,-0.991150,-0.132695,-0.520875,0.136850,0.128103,0.857214,-0.385903,-0.032452,-0.207200,0.072533,0.073854,0.532811,-0.379237,0.034150,0.131403,0.062015,0.258736,-0.453289,-0.259236,-0.082178,-0.058063,-0.393470,0.218354,-0.406534,-0.023401,0.007791
-1.270560,0.123964,0.744939,0.005013,0.003801,0.989448,0.144754,-0.556280,0.114529,0.108599,0.728229,-0.376103,-0.058748,-0.177688,0.058746,0.089598,0.540093,-0.409754,0.030109,0.145773,0.067819,0.240778,-0.460659,-0.250454,-0.080898,-0.071625,-0.416003,0.237111,-0.430628,-0.017042,0.007907
-1.294057,0.125802,0.742992,0.006157,0.008509,0.988048,0.153792,-0.582193,0.087906,0.072415,0.608714,-0.353889,-0.089406,-0.148833,0.042509,0.099494,0.550461,-0.441114,0.024778,0.152512,0.069000,0.223012,-0.469216,-0.239572,-0.078266,-0.084735,-0.434389,0.257301,-0.442848,-0.012549,0.008023
-1.318138,0.127632,0.740435,0.007044,0.011970,0.986485,0.163260,-0.596118,0.075032,0.053268,0.517024,-0.328769,-0.112374,-0.119249,0.027943,0.109876,0.560455,-0.468548,0.020164,0.158921,0.066947,0.210144,-0.477267,-0.231784,-0.076517,-0.094809,-0.446546,0.270671,-0.447723,-0.009269,0.008140
-1.343244,0.128869,0.736869,0.008384,0.013171,0.984126,0.176786,-0.597011,0.081555,0.068545,0.471204,-0.313016,-0.121901,-0.089958,0.017083,0.128252,0.574989,-0.490712,0.017607,0.173020,0.062499,0.203839,-0.478913,-0.226662,-0.077106,-0.099141,-0.451043,0.274685,-0.446199,-0.008127,0.008256
-1.369743,0.129022,0.732445,0.010624,0.012176,0.980965,0.193510,-0.586823,0.096723,0.099515,0.476085,-0.297934,-0.114663,-0.061383,0.008160,0.153870,0.597440,-0.506686,0.015797,0.193298,0.055918,0.202327,-0.470904,-0.221380,-0.078280,-0.096623,-0.449034,0.272363,-0.436865,-0.009795,0.008372
-1.397371,0.127917,0.728502,0.013321,0.011269,0.977921,0.208246,-0.573038,0.102615,0.116891,0.518264,-0.257921,-0.085892,-0.035740,-0.004299,0.179624,0.629031,-0.509212,0.017354,0.209293,0.045251,0.200088,-0.461334,-0.213003,-0.075098,-0.089196,-0.444486,0.266763,-0.415558,-0.013677,0.008488
-1.425713,0.125686,0.726542,0.015946,0.011428,0.976224,0.215873,-0.562572,0.092385,0.112635,0.577231,-0.210928,-0.054012,-0.013631,-0.021287,0.195895,0.668065,-0.485698,0.026037,0.211286,0.028923,0.195305,-0.461487,-0.200955,-0.068761,-0.080477,-0.436458,0.260628,-0.375646,-0.017838,0.008605
-1.454267,0.122721,0.727088,0.018198,0.013096,0.975864,0.217225,-0.545873,0.071752,0.107067,0.625332,-0.191524,-0.030531,0.001536,-0.042383,0.200099,0.716347,-0.426075,0.045846,0.203819,0.006939,0.189422,-0.469436,-0.189850,-0.065553,-0.069968,-0.423804,0.250077,-0.319145,-0.020793,0.008721
-1.481617,0.119469,0.729598,0.019371,0.015946,0.976087,0.215927,-0.514754,0.047844,0.113867,0.642600,-0.199581,-0.009021,-0.002254,-0.065927,0.193714,0.784946,-0.335851,0.065292,0.193099,-0.015890,0.187976,-0.468498,-0.193020,-0.064514,-0.058090,-0.409315,0.234774,-0.260118,-0.024302,0.008837
-1.506403,0.116327,0.732894,0.018848,0.018990,0.976606,0.213364,-0.476710,0.023262,0.125479,0.634302,-0.218543,0.012096,-0.035683,-0.093304,0.170288,0.879775,-0.244233,0.067757,0.176190,-0.034621,0.196108,-0.455851,-0.218757,-0.059506,-0.049523,-0.396523,0.223315,-0.212385,-0.025884,0.008953
-1.528451,0.113722,0.736078,0.016776,0.021096,0.978046,0.206640,-0.442690,-0.002052,0.127452,0.617046,-0.236871,0.026844,-0.088365,-0.125526,0.121809,0.974448,-0.195541,0.053737,0.143995,-0.050674,0.213398,-0.447688,-0.256915,-0.053761,-0.046160,-0.385288,0.220028,-0.182362,-0.023593,0.009070
-1.548540,0.112110,0.738996,0.014337,0.021210,0.980760,0.193531,-0.414218,-0.026358,0.113756,0.600706,-0.251564,0.032359,-0.135815,-0.145111,0.066258,1.029017,-0.206053,0.043065,0.094383,-0.068216,0.236510,-0.456046,-0.290132,-0.056109,-0.043489,-0.372835,0.220389,-0.171683,-0.022633,0.009186
-1.566819,0.111410,0.741851,0.012154,0.020785,0.984155,0.175667,-0.385552,-0.050283,0.090254,0.579479,-0.259593,0.030881,-0.172838,-0.146974,0.018378,1.033651,-0.251201,0.044520,0.036133,-0.089215,0.259483,-0.473881,-0.312459,-0.063002,-0.037857,-0.361326,0.219298,-0.178503,-0.026795,0.009302
-1.583214,0.111250,0.744522,0.010307,0.020181,0.987290,0.157307,-0.355896,-0.070783,0.064835,0.554106,-0.262872,0.025564,-0.204005,-0.147961,-0.027701,1.002407,-0.305096,0.045028,-0.018030,-0.112077,0.280145,-0.486292,-0.327379,-0.068558,-0.028774,-0.351088,0.216529,-0.197643,-0.032686,0.009419
-1.597722,0.111289,0.746902,0.008587,0.019710,0.989645,0.141920,-0.326087,-0.086396,0.043971,0.525990,-0.263216,0.019533,-0.232677,-0.156333,-0.071727,0.952225,-0.349691,0.041999,-0.060937,-0.133753,0.298685,-0.487939,-0.341109,-0.072882,-0.019877,-0.342314,0.213264,-0.219803,-0.036230,0.009535
-1.610594,0.111510,0.748931,0.007322,0.018849,0.991326,0.129858,-0.297356,-0.096574,0.028219,0.499320,-0.263313,0.014299,-0.259338,-0.160490,-0.099527,0.890801,-0.380746,0.040310,-0.093760,-0.150661,0.315845,-0.482160,-0.355839,-0.077264,-0.014912,-0.333670,0.211035,-0.234637,-0.037722,0.009651
-1.622134,0.112097,0.750514,0.006639,0.016845,0.992738,0.118923,-0.273259,-0.101687,0.012517,0.481215,-0.266104,0.010851,-0.284451,-0.145920,-0.093474,0.821538,-0.400147,0.044272,-0.121689,-0.160845,0.331147,-0.473605,-0.370292,-0.081169,-0.015264,-0.323740,0.211305,-0.236686,-0.040140,0.009767
-1.632588,0.113120,0.751655,0.006210,0.013642,0.993995,0.108392,-0.256889,-0.102469,-0.005293,0.476096,-0.272903,0.010002,-0.304503,-0.115369,-0.056829,0.749707,-0.407746,0.057702,-0.145821,-0.163907,0.343776,-0.466998,-0.383833,-0.083236,-0.019340,-0.312652,0.214569,-0.229146,-0.043327,0.009884
-1.641990,0.114366,0.752451,0.005597,0.010007,0.994983,0.099388,-0.247225,-0.100469,-0.021932,0.480227,-0.282048,0.011551,-0.317211,-0.084571,-0.012651,0.688877,-0.407647,0.072945,-0.163140,-0.161445,0.352815,-0.466137,-0.395285,-0.082730,-0.024805,-0.302017,0.220263,-0.219701,-0.046011,0.010000
-1.650237,0.115715,0.757734,0.004617,0.007067,0.995677,0.092504,-0.240724,-0.097935,-0.034113,0.440202,-0.250709,0.014290,-0.324709,-0.060246,0.029711,0.625668,-0.362353,0.081185,-0.171889,-0.156455,0.356328,-0.470480,-0.400863,-0.081273,-0.030523,-0.293618,0.225852,-0.213041,-0.048334,0.010000
-1.657479,0.117293,0.763018,0.003252,0.005494,0.996115,0.087826,-0.234419,-0.096148,-0.041309,0.400176,-0.219370,0.017090,-0.326043,-0.041792,0.067456,0.562460,-0.317059,0.085531,-0.172155,-0.150212,0.353254,-0.474395,-0.398553,-0.080471,-0.036434,-0.288749,0.228747,-0.210048,-0.050188,0.010000
-1.664051,0.119261,0.768301,0.001466,0.004761,0.996310,0.085687,-0.227595,-0.093901,-0.044252,0.360151,-0.188032,0.019297,-0.316939,-0.031401,0.085254,0.499251,-0.271765,0.090210,-0.164117,-0.141474,0.345845,-0.472365,-0.390556,-0.080241,-0.042062,-0.286791,0.225989,-0.210989,-0.050439,0.010000
-1.670129,0.121688,0.773584,0.000513,-0.003921,-0.996180,-0.087239,-0.221188,-0.088869,-0.041809,0.320126,-0.156693,0.021248,-0.298828,-0.027054,0.081842,0.436043,-0.226471,0.090010,-0.146356,-0.128777,0.337393,-0.464911,-0.379265,-0.081284,-0.046144,-0.285953,0.218475,-0.215941,-0.048377,0.010000
-1.675754,0.124483,0.778867,0.002218,-0.002745,-0.995718,-0.092376,-0.213785,-0.080872,-0.032853,0.280101,-0.125354,0.023467,-0.279673,-0.021545,0.078056,0.372834,-0.181177,0.082549,-0.119918,-0.113523,0.328020,-0.457282,-0.361721,-0.084038,-0.048897,-0.285322,0.213278,-0.221743,-0.045199,0.010000
-1.681032,0.127383,0.784150,0.003316,-0.001780,-0.995137,-0.098427,-0.202256,-0.072674,-0.020066,0.240076,-0.094016,0.025444,-0.263345,-0.014361,0.082861,0.309626,-0.135883,0.078059,-0.091697,-0.098462,0.314587,-0.453004,-0.331853,-0.088214,-0.052033,-0.285702,0.215465,-0.224300,-0.041694,0.010000
-1.685887,0.130227,0.789434,0.004083,-0.001233,-0.994711,-0.102627,-0.188979,-0.066285,-0.009165,0.200051,-0.062677,0.025910,-0.248882,-0.008753,0.088193,0.246417,-0.090588,0.079605,-0.068908,-0.084508,0.296626,-0.452240,-0.290301,-0.091006,-0.055845,-0.288443,0.221605,-0.225627,-0.038620,0.010000
-1.690179,0.133065,0.794717,0.004828,-0.000697,-0.994565,-0.104000,-0.178879,-0.061163,-0.004137,0.160025,-0.031339,0.024443,-0.234611,-0.004891,0.087730,0.183208,-0.045294,0.082588,-0.054153,-0.070523,0.277665,-0.453259,-0.246504,-0.091059,-0.058828,-0.293968,0.224356,-0.231243,-0.036215,0.010000
-1.694000,0.135900,0.800000,0.005279,-0.000087,-0.994629,-0.103375,-0.172100,-0.056776,-0.003722,0.120000,0.000000,0.022721,-0.220971,-0.001842,0.083149,0.120000,0.000000,0.083581,-0.045506,-0.055617,0.260963,-0.454867,-0.209757,-0.091247,-0.059842,-0.301994,0.222010,-0.242625,-0.033584,0.010000
-1.697529,0.138488,0.800000,-0.004956,-0.000214,0.994757,0.102149,-0.165161,-0.053667,-0.004291,0.120000,0.000000,0.022293,-0.209192,0.000262,0.078550,0.120000,0.000000,0.082794,-0.039100,-0.041059,0.247451,-0.456926,-0.182868,-0.094013,-0.059202,-0.311239,0.217261,-0.254995,-0.030473,0.010000
-1.700858,0.140803,0.800000,-0.003746,-0.000101,0.994849,0.101304,-0.155747,-0.051781,-0.003595,0.120000,0.000000,0.022081,-0.198907,0.001413,0.075440,0.120000,0.000000,0.081153,-0.032080,-0.029121,0.236215,-0.454868,-0.163859,-0.096892,-0.057838,-0.319804,0.212529,-0.262953,-0.028010,0.010000
-1.703886,0.142919,0.800000,-0.002233,0.000155,0.994897,0.100873,-0.145509,-0.050284,-0.002119,0.120000,0.000000,0.021132,-0.189662,0.002218,0.072853,0.120000,0.000000,0.078939,-0.024300,-0.020522,0.227614,-0.447632,-0.153078,-0.092592,-0.056878,-0.326171,0.208582,-0.264889,-0.027220,0.010000
-1.706522,0.144877,0.800000,0.000991,-0.000349,-0.994954,-0.100326,-0.136695,-0.048815,-0.001375,0.120000,0.000000,0.019681,-0.181247,0.002960,0.069489,0.120000,0.000000,0.076718,-0.017640,-0.015725,0.222096,-0.440212,-0.149770,-0.082845,-0.056785,-0.330162,0.206479,-0.262923,-0.027316,0.010000
-1.708829,0.146611,0.800000,0.000003,-0.000541,-0.995056,-0.099312,-0.129633,-0.047757,-0.001998,0.120000,0.000000,0.018536,-0.173822,0.003349,0.065154,0.120000,0.000000,0.074835,-0.013428,-0.015530,0.218999,-0.437814,-0.149665,-0.076396,-0.057135,-0.332414,0.207583,-0.259299,-0.027044,0.010000
-1.710874,0.148123,0.800000,0.000934,0.000817,0.995210,0.097753,-0.123791,-0.047330,-0.003867,0.120000,0.000000,0.017990,-0.167534,0.003228,0.060120,0.120000,0.000000,0.072896,-0.011729,-0.020101,0.217139,-0.439851,-0.148806,-0.075278,-0.057452,-0.333443,0.211529,-0.254610,-0.027047,0.010000
-1.712623,0.149490,0.800000,0.001674,0.001145,0.995408,0.095698,-0.119279,-0.047260,-0.006992,0.120000,0.000000,0.017543,-0.162441,0.002842,0.054515,0.120000,0.000000,0.070782,-0.012580,-0.027938,0.216161,-0.442580,-0.147821,-0.073220,-0.058552,-0.333341,0.216767,-0.247965,-0.028569,0.010000
-1.714039,0.150762,0.800000,0.002055,0.001457,0.995624,0.093419,-0.116290,-0.047218,-0.011161,0.120000,0.000000,0.016857,-0.158363,0.002512,0.048740,0.120000,0.000000,0.068828,-0.015727,-0.036162,0.217015,-0.444452,-0.150825,-0.067855,-0.061216,-0.332307,0.221824,-0.239377,-0.030633,0.010000
-1.715159,0.151905,0.800000,0.002166,0.001742,0.995829,0.091198,-0.114674,-0.047198,-0.015743,0.120000,0.000000,0.016208,-0.155259,0.002282,0.043348,0.120000,0.000000,0.067225,-0.020184,-0.042912,0.220599,-0.447101,-0.159516,-0.064411,-0.064237,-0.330956,0.224981,-0.231384,-0.031444,0.010000
-1.716149,0.152898,0.800000,0.002185,0.002028,0.995998,0.089331,-0.113792,-0.047264,-0.019667,0.120000,0.000000,0.015849,-0.153239,0.002088,0.038930,0.120000,0.000000,0.065768,-0.024242,-0.048372,0.225980,-0.451461,-0.170190,-0.065047,-0.065633,-0.329750,0.226072,-0.226352,-0.031509,0.010000
-1.717098,0.153739,0.800000,0.002170,0.002338,0.996117,0.087980,-0.113039,-0.047406,-0.022314,0.120000,0.000000,0.015710,-0.152266,0.001881,0.035771,0.120000,0.000000,0.064340,-0.026763,-0.053254,0.231299,-0.456254,-0.178058,-0.065742,-0.065157,-0.328717,0.227124,-0.223640,-0.031768,0.010000
-1.717942,0.154416,0.800000,0.002012,0.002649,0.996200,0.087031,-0.112411,-0.047572,-0.024015,0.120000,0.000000,0.015533,-0.152027,0.001669,0.033637,0.120000,0.000000,0.063128,-0.028093,-0.057467,0.236070,-0.459101,-0.182150,-0.065206,-0.064582,-0.327609,0.228847,-0.220521,-0.032349,0.010000
-1.718611,0.154926,0.800000,0.001618,0.002884,0.996262,0.086317,-0.112211,-0.047628,-0.025282,0.120000,0.000000,0.015158,-0.152090,0.001564,0.032155,0.120000,0.000000,0.062358,-0.028951,-0.060791,0.240724,-0.459048,-0.183402,-0.066627,-0.065108,-0.326536,0.230402,-0.216091,-0.033152,0.010000
-1.719111,0.155274,0.800000,0.000987,0.003032,0.996311,0.085759,-0.112592,-0.047607,-0.026367,0.120000,0.000000,0.014883,-0.152327,0.001557,0.031088,0.120000,0.000000,0.062068,-0.029802,-0.063272,0.244905,-0.457720,-0.181836,-0.069276,-0.066345,-0.325927,0.231338,-0.212083,-0.033823,0.010000
-1.719515,0.155499,0.800000,-0.000135,-0.003108,-0.996346,-0.085350,-0.113704,-0.047533,-0.027395,0.120000,0.000000,0.014865,-0.152943,0.001659,0.030322,0.120000,0.000000,0.061887,-0.030493,-0.064675,0.248210,-0.455895,-0.178544,-0.070240,-0.067473,-0.325803,0.231530,-0.209988,-0.034486,0.010000
-1.719948,0.155687,0.800000,0.000906,-0.003112,-0.996365,-0.085121,-0.115367,-0.047303,-0.028243,0.120000,0.000000,0.014775,-0.154028,0.001956,0.029886,0.120000,0.000000,0.061686,-0.030701,-0.064426,0.251009,-0.453819,-0.176302,-0.069335,-0.067956,-0.326186,0.231290,-0.210266,-0.035328,0.010000
-1.720452,0.155860,0.800000,0.002087,-0.003033,-0.996373,-0.085009,-0.117253,-0.046872,-0.028897,0.120000,0.000000,0.014428,-0.155370,0.002449,0.029635,0.120000,0.000000,0.061472,-0.030768,-0.062656,0.253424,-0.452215,-0.175987,-0.067295,-0.068146,-0.327001,0.230826,-0.212242,-0.035996,0.010000
-1.720948,0.155936,0.800000,0.003285,-0.002883,-0.996380,-0.084899,-0.119070,-0.046402,-0.029429,0.120000,0.000000,0.014043,-0.156581,0.002958,0.029359,0.120000,0.000000,0.061359,-0.030909,-0.060502,0.255098,-0.451275,-0.175728,-0.066593,-0.068509,-0.327886,0.230050,-0.214395,-0.035720,0.010000
-1.721416,0.155903,0.800000,0.004412,-0.002729,-0.996392,-0.084717,-0.120516,-0.046070,-0.029902,0.120000,0.000000,0.013584,-0.157569,0.003289,0.028953,0.120000,0.000000,0.061319,-0.031176,-0.058880,0.255770,-0.450575,-0.173992,-0.068398,-0.068937,-0.328788,0.229717,-0.216178,-0.034503,0.010000
-1.721875,0.155803,0.800000,0.005426,-0.002578,-0.996408,-0.084468,-0.121660,-0.045848,-0.030433,0.120000,0.000000,0.012933,-0.158482,0.003470,0.028429,0.120000,0.000000,0.061271,-0.031478,-0.058230,0.255231,-0.450196,-0.170444,-0.069886,-0.069451,-0.329713,0.230307,-0.217266,-0.034047,0.010000
-1.722344,0.155684,0.800000,0.006316,-0.002387,-0.996417,-0.084309,-0.122688,-0.045564,-0.030858,0.120000,0.000000,0.012137,-0.159380,0.003709,0.028073,0.120000,0.000000,0.061088,-0.031532,-0.058123,0.253882,-0.450372,-0.166600,-0.068635,-0.070126,-0.330562,0.231655,-0.217584,-0.035610,0.010000
-1.722832,0.155576,0.800000,0.007068,-0.002179,-0.996407,-0.084375,-0.123568,-0.045224,-0.030971,0.120000,0.000000,0.011495,-0.160183,0.004050,0.028134,0.120000,0.000000,0.060916,-0.031287,-0.057999,0.252408,-0.450315,-0.164195,-0.067099,-0.070570,-0.331363,0.232599,-0.218270,-0.036598,0.010000
-1.723315,0.155491,0.800000,0.007731,-0.001999,-0.996382,-0.084615,-0.124355,-0.044913,-0.030820,0.120000,0.000000,0.011197,-0.160992,0.004414,0.028538,0.120000,0.000000,0.060976,-0.030901,-0.058023,0.251167,-0.449766,-0.163513,-0.067544,-0.070616,-0.332020,0.232555,-0.219884,-0.035329,0.010000
-1.723771,0.155443,0.800000,0.008328,-0.001845,-0.996353,-0.084901,-0.125062,-0.044605,-0.030578,0.120000,0.000000,0.011100,-0.161846,0.004789,0.029062,0.120000,0.000000,0.061113,-0.030538,-0.058684,0.250085,-0.449536,-0.163435,-0.068036,-0.070729,-0.332394,0.232888,-0.221393,-0.034245,0.010000
-1.724212,0.155448,0.800000,0.008836,-0.001699,-0.996330,-0.085121,-0.125503,-0.044262,-0.030440,0.120000,0.000000,0.010977,-0.162433,0.005184,0.029429,0.120000,0.000000,0.061192,-0.030453,-0.060078,0.249214,-0.449849,-0.163072,-0.067654,-0.071184,-0.332538,0.234390,-0.222119,-0.035161,0.010000
-1.724636,0.155504,0.800000,0.009248,-0.001546,-0.996320,-0.085194,-0.125647,-0.043877,-0.030546,0.120000,0.000000,0.010700,-0.162507,0.005598,0.029411,0.120000,0.000000,0.061268,-0.030903,-0.061857,0.248920,-0.450689,-0.162555,-0.068242,-0.071935,-0.332469,0.236033,-0.222174,-0.036835,0.010000
-1.725054,0.155590,0.800000,0.009632,-0.001373,-0.996314,-0.085229,-0.125790,-0.043424,-0.030688,0.120000,0.000000,0.010483,-0.162366,0.006078,0.029295,0.120000,0.000000,0.061339,-0.031762,-0.063591,0.249213,-0.451530,-0.162418,-0.069651,-0.072709,-0.332175,0.236839,-0.222196,-0.037247,0.010000
-1.725495,0.155697,0.800000,0.010009,-0.001206,-0.996291,-0.085452,-0.125974,-0.042915,-0.030429,0.120000,0.000000,0.010540,-0.162374,0.006645,0.029622,0.120000,0.000000,0.061327,-0.032350,-0.064929,0.249864,-0.451136,-0.163273,-0.070947,-0.072972,-0.331919,0.236933,-0.222929,-0.036080,0.010000
-1.725845,0.155791,0.800000,0.010273,-0.001087,-0.996261,-0.085772,-0.126099,-0.042493,-0.029937,0.120000,0.000000,0.010728,-0.162486,0.007129,0.030182,0.120000,0.000000,0.061222,-0.032370,-0.065766,0.250554,-0.450317,-0.164573,-0.071851,-0.072766,-0.331800,0.236479,-0.223865,-0.034400,0.010000
-1.725937,0.155818,0.749679,-0.010336,0.001053,0.996252,0.085876,-0.126139,-0.042369,-0.029770,0.444482,-0.386821,0.010787,-0.162527,0.007270,0.030371,0.457743,-0.364960,0.061166,-0.032296,-0.065960,0.250773,-0.450134,-0.164997,-0.072018,-0.072636,-0.331766,0.236201,-0.224157,-0.033806,0.000000
