-0.0032094358863257,-0.0078339224000006,0.8050978873844681,0.0477682258963242,0.0856096414549851,-0.2425338400932126,0.9651769383353016,-0.4668171692912813,-0.0304905036105751,0.2895807524759026,0.1375101829730817,-0.1050752893740759,0.0238980970447426,-0.1182589157080297,-0.0581877866410773,-0.023454381916456,0.1396472046548373,-0.1315353892861739,0.0971560809928627,0.1678070174618309,0.0014341528987437,0.4451817600807899,-0.7791209798437261,-0.6027419891705539,-0.1135450112900926,0.032327538835774,-0.5939452981458841,0.7100698951837001,-0.5717148480655925,0.0727387942909542,0.0
0.0083042553956169,-0.0143119572201135,0.8033423312972495,0.0460474669603881,0.0864023984634026,-0.2428575744657179,0.9651085197276688,-0.4652700931043995,-0.0391211362690074,0.3189780831466575,0.1295187992889006,-0.1121379994477816,0.0264614006051305,-0.097230876204785,-0.0542231815447015,-0.0322480416485256,0.1367883855568762,-0.1365522756640442,0.0986683782604993,0.18825999381029,-0.0014731381412347,0.4485778489882485,-0.7796134074549207,-0.6184390865126983,-0.1142135135684605,0.017499309822651,-0.5921689001564493,0.6886586779755431,-0.5874123536063924,0.0803218927821867,0.0
0.0218197807392093,-0.0196606993591172,0.8015798256475655,0.0436428344357054,0.0871189624430047,-0.2456106922846702,0.9644589038526824,-0.4623457081219573,-0.0440016615177465,0.3232006689360969,0.1299380320273109,-0.1256067363886114,0.0335347681167983,-0.0781686842291247,-0.0514786444144529,-0.0343908047246077,0.1392985708449649,-0.1403851403937577,0.0994941389509335,0.2066826110467489,-0.003487270988207,0.442649311822961,-0.7706316201013047,-0.6171763664263481,-0.1181938690223533,-0.0096402691580336,-0.5806633396676615,0.6528791533596936,-0.5921842669609468,0.0802785276749762,0.0
0.0367592442218605,-0.0256208119824658,0.7996699197753919,0.040136286263279,0.0881752917371578,-0.2428760146817203,0.9652074585001842,-0.4547771301917369,-0.0482849549989398,0.3138364159514454,0.1421677925850899,-0.1325904051536372,0.0389336511321574,-0.062202630571126,-0.046422801678276,-0.0326515079178523,0.1535767130576093,-0.1398232015156605,0.1045035306737161,0.2269241482080413,-0.0142761042438677,0.4308564120301781,-0.7609787130751897,-0.6023960740164954,-0.1275806104691095,-0.0425002396968407,-0.5719522174275935,0.6191244315018178,-0.5851403128148729,0.0928149468023776,0.0
0.057280056512568,-0.0336484239759303,0.798556498213455,0.0397672790966984,0.0906328410019426,-0.2463211000312486,0.964121448430932,-0.4419270869323484,-0.0520051899360237,0.3028587585019829,0.152615554550792,-0.1502124810063494,0.054972704723415,-0.0453671534351987,-0.0487319554589837,-0.0273521090599354,0.1670171526228327,-0.1251649980958085,0.1142521101341808,0.2466782324883056,-0.0186875741283084,0.4204500255485032,-0.7564226417990729,-0.5953154010050199,-0.1265205997730338,-0.0616939826377718,-0.5645750012931483,0.5963222556551964,-0.5906158875476125,0.0901299861434815,0.0
0.0767862417071617,-0.0388169900802633,0.7981016486907518,0.0399427613948132,0.0935689909909481,-0.2440615112963914,0.9644083152072128,-0.4296713459072938,-0.057723970350757,0.2889012037387289,0.1649525407424121,-0.1713731364591302,0.0753449065275074,-0.0317664548542352,-0.0535285246700134,-0.0210601458844053,0.1841114202877495,-0.1075633801946688,0.122619747158429,0.2623413984297283,-0.0272108401790111,0.4061508996576835,-0.7554932820834167,-0.5762160891539481,-0.1263381070257771,-0.0766946385326345,-0.5579862294829836,0.592397267473092,-0.5937591259078521,0.0911715682771526,0.0
0.0954222227407345,-0.0440433465238292,0.7982142398578432,0.0410522935919382,0.0957978826486917,-0.2379936515713543,0.9656585818407052,-0.4135693041338442,-0.0667466335591692,0.2687010320884649,0.1717079709433633,-0.1929502886959499,0.0967680914921052,-0.028064699651617,-0.0592555679809587,-0.0052762533086229,0.2166712839068141,-0.0714968085549406,0.1361662178273514,0.2722864044039522,-0.0363467560785981,0.3926163143992097,-0.7540550860381625,-0.5673965312678291,-0.1349967551724647,-0.0767052841095023,-0.5548907362247439,0.5984516810953733,-0.5933775814119855,0.1033291444416785,0.0
0.1141958115045443,-0.0455304665334947,0.7986906051514039,0.0396952396796569,0.0980765831881521,-0.2300785080566664,0.9674033036471044,-0.3982309302824564,-0.0761201283687805,0.249757772296436,0.1789542121545146,-0.2176204893138904,0.1175062561560879,-0.0357329231182119,-0.0640707193339034,-0.0034239676753463,0.269211763270537,-0.0172074472756055,0.1549166085801151,0.2728028768759473,-0.0446865266779112,0.3854124430609341,-0.7501825680499211,-0.5700541296495563,-0.1380541274714805,-0.07283645638282,-0.5562399155214709,0.607053002194727,-0.6007296114094215,0.1111802871927744,0.0
0.1346735403160289,-0.0458459534109386,0.8003306032833845,0.0353909921357072,0.1000081220969677,-0.2160123064397387,0.9706103938537204,-0.3755583445452395,-0.0861591324096103,0.2222041873656335,0.1775401000917513,-0.2331994968790979,0.1350571428606174,-0.0520883906787644,-0.0668525896727222,-0.0087139580649045,0.3469620686260657,0.0613819036547355,0.1698563527752057,0.2617199238851695,-0.0535674439798866,0.3831483943168394,-0.756640727881928,-0.5702707397992772,-0.1493311739374342,-0.06058852254783,-0.5521341609355221,0.6284614555498858,-0.5990372921612171,0.1251808571126155,0.0
0.1542040787148209,-0.0459697865237065,0.8025357608774215,0.0286858555993543,0.0999012563111426,-0.195159935096198,0.9752484095907245,-0.3465361924803553,-0.0941902278142125,0.1851864524938083,0.1703210615090294,-0.2406236686508776,0.1466913861880886,-0.0847039711327354,-0.0716089151694633,-0.0224619060330933,0.4360614288064021,0.1035892301727708,0.1637589062878916,0.2425730509759757,-0.0627403401185039,0.3846546389825826,-0.7548949249203523,-0.578951340493149,-0.1456081932769905,-0.0400307097838695,-0.5485678126327654,0.6447683791255395,-0.6050873280423478,0.125121999643602,0.0
0.1718470531658013,-0.0460514497999835,0.8046645387118464,0.0237593729120743,0.098632899033366,-0.1744403541604188,0.9794271827285008,-0.3203918652401094,-0.1027409812375189,0.1453113526841711,0.1684624998411711,-0.2426205951127356,0.1539785977778826,-0.131517004002782,-0.0721868644603371,-0.0257533569436354,0.5430683281189719,0.1252069084504464,0.1506787476058898,0.2151488622370655,-0.0687144892478476,0.393531193819045,-0.7564217244182859,-0.5866412398185274,-0.143814480426063,-0.0214286202721227,-0.5412835040130042,0.6639248863667988,-0.6084085615684981,0.1242195802330655,0.0
0.189225090336744,-0.0479859856413117,0.8063420713724173,0.0200065424713227,0.0962402321375239,-0.1441730372532691,0.984658159619686,-0.2913108054008614,-0.1137474592121588,0.0853577729410267,0.1637844772919993,-0.2410105558252194,0.1576768949070234,-0.1786286932313586,-0.0765594949867048,-0.038110683138695,0.6297084541762487,0.1250602085907405,0.13385140765968,0.1801632854016823,-0.0814316723160745,0.3999393928881419,-0.7457161761490199,-0.5920432455069933,-0.1601935304085196,0.0032071104590891,-0.5392550723929012,0.6653264373314836,-0.6200587924477456,0.130898499021845,0.0
0.2046326596272273,-0.0488700191572892,0.8079460184982868,0.0150539919534098,0.0907337284873951,-0.1196708600218834,0.9885442089773558,-0.2578980298382262,-0.1181949835537506,0.030576799105496,0.1600489944494752,-0.2407016364345881,0.1649339051450022,-0.2358904860095237,-0.0844452185616821,-0.0422965948451708,0.7059009424843111,0.0927618069468378,0.1037815906966441,0.1370187025687774,-0.0827180821371245,0.4067433462997706,-0.7372758630306481,-0.5916952323794684,-0.1678906554832907,0.0238658797599448,-0.535932807121073,0.6641120235723339,-0.6204908951803342,0.1350283106464791,0.0
0.2213105902953377,-0.0512566007958803,0.8090082685257775,0.012666413843002,0.085727687330385,-0.0875798846651614,0.9923810202676084,-0.2229474775539132,-0.1259322379130904,-0.0302449816122013,0.1539889726392174,-0.2375951272559515,0.1670095914838936,-0.3066469514728266,-0.0983361798556387,-0.0650312263649145,0.7710033654787297,0.0657376835770345,0.0755738062102334,0.083303106422974,-0.0874339150427177,0.4121645284523525,-0.7181909752964266,-0.6005491853125489,-0.1698496166857306,0.0495140409914151,-0.533836365993011,0.6527210540000756,-0.6293699372751949,0.1378242772080566,0.0
0.2372311915119107,-0.0549819930778727,0.8092004805341217,0.0097770116903911,0.0826573934691259,-0.059347256448176,0.9947613123254098,-0.1911945893914792,-0.1255172319700768,-0.0769845167671979,0.1456837325614338,-0.244363833036485,0.164679658548846,-0.3719330634057128,-0.1036103879574611,-0.0803526164724985,0.7969981175444996,0.0397429096255486,0.0634904506370233,0.032864599000385,-0.088856072426768,0.430464522417176,-0.7138239708386028,-0.6149205685276258,-0.159354339321937,0.0754876631964359,-0.5338154128600469,0.6585045252018595,-0.6339148749776937,0.1307962206726474,0.0
0.2543459562505812,-0.060263891733204,0.80860521797036,0.0086938323019659,0.0794423889305459,-0.0351088138969523,0.9961830631503744,-0.1602206356209313,-0.123492934523032,-0.1233017611489182,0.1422931846160572,-0.2524783109298795,0.1572485860378935,-0.4329071094292002,-0.1122052975223319,-0.0836297887161074,0.7696706641978283,0.0006728237990776,0.0549221092829228,-0.0180243183125291,-0.0829701557541684,0.442658098950456,-0.6972202991387475,-0.6249972022752418,-0.1487434009588535,0.1012503697633044,-0.5416761946150999,0.6506585324048507,-0.6344419228707434,0.1232889431905838,0.0
0.2739381922276097,-0.0660015176982421,0.8072982882626928,0.0090086591029943,0.0796694582052169,-0.014034389848232,0.9966818235485392,-0.1381542753295455,-0.1216471581167213,-0.1646300286445866,0.1479488390397299,-0.2635983240579078,0.1497527187537365,-0.4793635704790778,-0.1180943488416976,-0.0812684331837048,0.7091559961848211,-0.0375217020479794,0.051377026117883,-0.0599413132811898,-0.0759222907804491,0.4452319055491349,-0.6803061458484303,-0.6307425879675014,-0.1470977366718377,0.1257678136428355,-0.5533864896292549,0.6467838659989164,-0.6342415466615333,0.1198147102748959,0.0
0.2939684330942874,-0.0673057384701304,0.8053250489174276,0.0081358162819653,0.0801274257087792,0.0062366771088908,0.9967319138069926,-0.1127932839208367,-0.1209440522781506,-0.2022386904805636,0.1474167257971832,-0.272889663109838,0.1414401015871166,-0.5251623443224674,-0.1177931980729428,-0.0673446102457779,0.6264492780487909,-0.0427671503362544,0.0620097160514103,-0.0991187117431519,-0.067180631192541,0.446041917488984,-0.6663053129406395,-0.6394195164748542,-0.1303046273579667,0.1454975900727663,-0.5557688468345977,0.6341114553339529,-0.6234927371746828,0.1068767085537334,0.0
0.3160632834491378,-0.0644822036597639,0.8025381460677279,0.0059665805484267,0.0813479062033064,0.0255236036509374,0.9963410378628232,-0.086754835978657,-0.121370826395642,-0.2425288845417101,0.1482914389339152,-0.2827184704069449,0.1371180050615995,-0.5546307838649568,-0.1235581101775593,-0.0620103122784143,0.5088828743666889,-0.0489346180995637,0.0808814947647614,-0.1293657971708074,-0.0638310565803211,0.4426991211444585,-0.6479758293862053,-0.6421519522841785,-0.1186944135285985,0.1639048706021261,-0.5582302763575862,0.6200836902496222,-0.612287880103797,0.1017084553329587,0.0
0.3385829947821838,-0.0664209507970662,0.7995183651391947,0.0062293483535368,0.0828555792696676,0.0443655039083684,0.9955540418610812,-0.0605427743754215,-0.1181204599604514,-0.2813840191407331,0.1482234746022186,-0.289837088657765,0.1279534132079226,-0.5833449120864693,-0.1357203961254479,-0.0410800735291435,0.39585258998483,-0.0424672424837227,0.1027764646166097,-0.1552740151979341,-0.0665425530416088,0.4382156911221415,-0.6424223057429785,-0.6426157229763849,-0.1159406867917183,0.1813582226408837,-0.5584859232443395,0.6171940612123309,-0.6001502866211736,0.1087707297354093,0.0
0.3587080182686249,-0.068290137659813,0.7966782034696579,0.0058145877826795,0.0829492159659236,0.0624530058235484,0.9945779206292288,-0.0371148286062738,-0.1124566562011285,-0.3189481020629878,0.1523104736364711,-0.2953009545335786,0.1206476902817317,-0.6041267582247718,-0.145700115721599,-0.0111609376930266,0.2852937311142685,-0.0366217325836866,0.1274931665819665,-0.1751258524587411,-0.0692661836120537,0.4349064673419712,-0.6352533391610233,-0.6402723394974105,-0.1129917296337647,0.1943678259167912,-0.5557993146945623,0.6084282448245897,-0.5915360917893374,0.1086113707863563,0.0
0.379107376555239,-0.0735169589290361,0.79409590938772,0.005852684026404,0.0849296805924933,0.0766921797803012,0.993413813576543,-0.0124591069988907,-0.0999420699684789,-0.3484388373569705,0.1453500495770024,-0.2971436749138643,0.1082422690970505,-0.6253896832814524,-0.1540716399517008,0.0118373904795738,0.199846086606116,-0.0429575632434603,0.1441303467721262,-0.1891845351836361,-0.0721455094775223,0.4403011339196422,-0.63857013604551,-0.6455863633541137,-0.1148602573305471,0.2028383528669234,-0.5479965714694711,0.6058168008664602,-0.5803600072614135,0.1079507481546557,0.0
0.3965999006985765,-0.0806399459844787,0.791734424398856,0.0055012615205726,0.086255434962134,0.0880306491164834,0.9923609932264096,0.0066040346734504,-0.083972478758153,-0.3652032677190057,0.1432731772436403,-0.2998626890301734,0.0950241488195015,-0.6391111866279837,-0.1591178828962219,0.0243521115856624,0.1393729546900056,-0.047478409048793,0.1599637902310351,-0.1983746890598839,-0.0741610269909898,0.4457951974946874,-0.6256330652511797,-0.6479243881983517,-0.1008448991591683,0.2050756640421777,-0.53962105625242,0.5946407310853413,-0.5707063676515537,0.0968841692437218,0.0
0.4197125450323606,-0.0890403676007979,0.7891350252462894,0.0054549070945363,0.0896742514863006,0.0956103629826808,0.9913563592872556,0.0268233801709178,-0.0661587584270835,-0.370646288451351,0.1452855380580635,-0.2942561478576748,0.0821177468097502,-0.6443623513337214,-0.1582324442207628,0.050383518011927,0.1156320895863339,-0.0364570220010413,0.1735548513300483,-0.2123056405371126,-0.0717020109754765,0.4487203772299607,-0.6148976109039304,-0.6462937836573541,-0.0861914708977136,0.2058985135340848,-0.5333569219464888,0.5872083046635146,-0.5601910707961253,0.0861568925331692,0.0
0.4449628223343975,-0.0983753553201095,0.7865589830031996,0.0078520316210837,0.0922177159695374,0.1063710998026434,0.9900098118642866,0.0481372858370766,-0.0514127823163991,-0.3817511997844168,0.1534852036906663,-0.2760919954956121,0.0647500867702207,-0.6403801356331768,-0.1609928989161925,0.0657316730463458,0.1250531234323136,-0.0197485084430249,0.1771109914004353,-0.2253457037530052,-0.0629118803074488,0.4506972218996257,-0.6079949309193368,-0.6407763411775049,-0.0812847822998332,0.2081617400039384,-0.5334921448808458,0.5827031447435617,-0.5547963618729926,0.0813890725336402,0.0
0.4704236602169921,-0.106388351145371,0.7848800023538594,0.0099210009067177,0.092704003496542,0.1149760493138626,0.988983341397063,0.070694997854906,-0.0386710686057608,-0.3886023033630467,0.1702279294876528,-0.2434761414028236,0.0481902310078687,-0.6259672691836029,-0.1589718250511042,0.0805794125274928,0.1524030653828346,0.0052395056259836,0.1764387367599696,-0.2374429200740037,-0.0506825203350235,0.4500413274134689,-0.6015308414649656,-0.623592457289978,-0.0703690414601765,0.2079819896860379,-0.532697671146296,0.5816836646024333,-0.5420081771809557,0.077286262234599,0.0
0.4924765804087835,-0.1169160533158848,0.7848351100445848,0.0143274598268478,0.090968402511057,0.1231163209047076,0.9881102393793858,0.0846022744829162,-0.0309868190519994,-0.398304770440058,0.1998767492651014,-0.1911689861839209,0.0258425724785471,-0.5993085109440173,-0.1621339537212817,0.0899521620464992,0.1862890125350024,0.026457527517236,0.1703595644204348,-0.2407253146532742,-0.0433526432719151,0.4420853691230836,-0.5995341793094787,-0.6031674912723771,-0.0732036158711968,0.209754047727824,-0.5331557472937588,0.574822236891167,-0.5342469979847994,0.0748328812139055,0.0
0.5154167914309855,-0.1233062878123465,0.7864374538572207,0.0182395166749658,0.0881606822407243,0.1297622607683613,0.987449629003221,0.0947033717388771,-0.0309625597851949,-0.4114648342944886,0.2445369259057916,-0.1186430176592811,-0.0066295263276827,-0.5693251871446625,-0.1579838650576701,0.0971338844307127,0.2210015417178862,0.040962679256928,0.1588168974767664,-0.2375118819501713,-0.0296324650717122,0.435442956032558,-0.5948375467308208,-0.5841820118127983,-0.0710046272920639,0.2093264152735687,-0.5334869076087544,0.5691676492746023,-0.5272717519772716,0.0753418309772271,0.0
0.5392273257693613,-0.1293207383335551,0.7899346155221824,0.0258595263124254,0.0835143700857928,0.1320132375279215,0.9873850009016074,0.0818689955803202,-0.0406630411671847,-0.4029774424558923,0.3225638577268533,-0.0245976629882437,-0.04169910099623,-0.5358188373408432,-0.155761641620247,0.1118717360517868,0.2464757875963671,0.0229634601755604,0.137193414115278,-0.2170110839016336,-0.0204113953064381,0.4242404679534586,-0.5901637671255464,-0.5731190435559445,-0.0684741334272463,0.2104385970420754,-0.5377296923017505,0.562298404381787,-0.525531834955903,0.0704689875626994,0.0
0.5632458659201957,-0.1345446819602257,0.7949767909823465,0.0367086901953895,0.0763231426261586,0.1300675827619367,0.9878814067884228,0.041186866518481,-0.0630183611904109,-0.3839924889890418,0.4380435259265718,0.0892869875310544,-0.0765900099271149,-0.4883438700672665,-0.1610788242257837,0.1155988710401842,0.2525794828416489,-0.0025420978899321,0.1066325565574894,-0.183901643441043,-0.013360558632332,0.4116473347875091,-0.5951398610058193,-0.5628192933410625,-0.0633756007263019,0.2035914262460481,-0.5474111615473795,0.5566172098927457,-0.528466439011174,0.0693728020149743,0.0
0.5883363220175547,-0.146331273767739,0.7994867580011967,0.0489754486409536,0.0723432496214135,0.1281436486595188,0.9879003314974932,-0.0339712913960494,-0.0939434568259921,-0.3204444151526019,0.5706694733538034,0.165692878394869,-0.0941501219686381,-0.4382921438629654,-0.165096341208905,0.1050067520775168,0.2427133690875874,-0.0355194361002447,0.0831650248290397,-0.1470142251973477,-0.0072597907030905,0.3939996351905732,-0.6050334408267456,-0.553554037325027,-0.0604717215620813,0.1879654807170538,-0.5628404569499021,0.5609163558473449,-0.538300693383941,0.0733507692742757,0.0
0.6111568510604498,-0.1538606377684605,0.8028961374418094,0.0567131223873341,0.0691896681165797,0.1274180949896559,0.9878061756459128,-0.1195074548844106,-0.0988325187276695,-0.238745831532171,0.6787257302560976,0.1619207872227354,-0.0665898586671654,-0.3932579812977398,-0.1673253776853287,0.0896883264000223,0.2365384968771753,-0.0646962656525253,0.0643504399564538,-0.1081735442817158,-0.0087979932403594,0.3853106757662404,-0.6198897095860623,-0.5551025449485537,-0.0716659172982626,0.1672374260490701,-0.5755981969102039,0.5522029879120836,-0.5577808277155147,0.0834136661417464,0.0
0.632363991121184,-0.1543745117235996,0.8042840617858649,0.0569612852012838,0.0670601172245596,0.1149433290707373,0.9894677275021064,-0.1962194795204351,-0.0984682708909827,-0.1484407409057609,0.7206806286946762,0.0936474008323751,-0.0211532190760945,-0.3541200838120596,-0.1569506232485313,0.0791100661114274,0.2259409109960192,-0.0869472770830732,0.0727349500006549,-0.0529127684553757,-0.0067181929359123,0.378784663580874,-0.6163453451058631,-0.5446653652677527,-0.0887712803241851,0.1264402716435644,-0.5761300607423914,0.5083555931371109,-0.5609763797323526,0.1081094751075196,0.0
0.6591330975502904,-0.1573978470260382,0.8052656851248231,0.0563728373061814,0.0696832757230622,0.1023145999329915,0.9907058427904352,-0.26010216513766,-0.0895773119718403,-0.0659267380981049,0.7151067363737016,0.0173215472355001,0.0227248808813595,-0.3144167737016055,-0.1414736013403585,0.0739874236919688,0.2073714716138144,-0.1094606315495134,0.0703600436309629,-0.0064686995613662,0.0023800876841698,0.38082686126824,-0.6197744897211905,-0.548704713357853,-0.0913686590598913,0.0923527743465732,-0.5759790231096571,0.4888302795432204,-0.5775589968939618,0.1163901693869691,0.0
0.6679383378765439,-0.1595225243224765,0.8059256360564003,0.0545774832234088,0.0682025072628346,0.0934464625844041,0.9917849943201016,-0.318391775067059,-0.0878870192420807,-0.0010406449083641,0.6974204739636275,-0.0225341896385267,0.043377166925436,-0.2904217122107772,-0.1295216274107481,0.0660469465212537,0.1898439259127944,-0.1050461692968559,0.0770244342953891,0.0383645688287439,0.0127548575532381,0.3859765210605252,-0.6305045373662435,-0.5490955783139454,-0.1053765098136929,0.0591233084417727,-0.5858735618644607,0.4826157662046266,-0.608016460899001,0.1298646666400701,0.0
0.673870297741895,-0.1589428406791997,0.8061141613406699,0.0508535883584239,0.0654249788793405,0.0848252391996743,0.992944189511389,-0.3691304130901715,-0.0876115919852294,0.0364549508462366,0.6671418575836293,-0.052229905869576,0.0477572751707245,-0.2549521338652794,-0.1184186083429583,0.0530329943963394,0.1512884582114791,-0.0979520680712942,0.0934563816485463,0.0853998406358262,0.0240550024785106,0.3984493955406658,-0.6373614706899949,-0.5498780031391228,-0.122413730920934,0.0284665574224234,-0.596009566489568,0.479914023466348,-0.644417572347566,0.1335770151149433,0.0
0.6936024720999783,-0.1621169843226096,0.8050219212113128,0.0458577415966192,0.0654635692259228,0.0750077330962059,0.993974561352367,-0.4041161473242965,-0.082641200572027,0.0793202913364588,0.5930318668230198,-0.0699786482489652,0.0509532370142709,-0.2192874229098375,-0.096882446951621,0.0503853305675224,0.1337674783742897,-0.108268300517502,0.0982880145093488,0.1263053644008989,0.0410070523151793,0.4099824243762328,-0.6421425861542984,-0.543318006062761,-0.1155148093644058,-0.0055523196583034,-0.6001099182449591,0.4680232114225183,-0.6718663599459476,0.1166543324864773,0.0
0.7116876544397309,-0.163290467366627,0.8029643202923996,0.0391417287979629,0.0648536764302501,0.0637795091333251,0.995084971213464,-0.4445878508409649,-0.0752664678771623,0.1071908608711911,0.5241849107174966,-0.081102111229356,0.0517632289438826,-0.1889503164081195,-0.0747079195309359,0.0537541132804224,0.1233638698046412,-0.1231398794469924,0.0985699703365826,0.1652633051337824,0.0587373682073102,0.4234522649344324,-0.6579717790951253,-0.5385699910278802,-0.106457225305994,-0.0422204556380687,-0.5990982732043054,0.470394032290143,-0.6941589117309609,0.1043561573539113,0.0
0.7327040048784667,-0.1652671373345785,0.799666105844952,0.0311470958005833,0.0623849980109282,0.0526024622014371,0.9961781725257352,-0.4687750574656607,-0.0645415512729502,0.1473395673865718,0.4199563251612199,-0.0819053219354704,0.0453431079962229,-0.1577207200360494,-0.0486483182108658,0.0619992195089819,0.1264893799232102,-0.1423511910983358,0.0988793902425469,0.1955121244304051,0.0773982389004884,0.4370337365291553,-0.659305160252402,-0.5244526653461288,-0.0899604049153634,-0.0827221204798792,-0.5789057226241219,0.4600126808570969,-0.7138871643225905,0.1048569381043571,0.0
0.7531229814298137,-0.1663778950309302,0.7963588082956727,0.0235873349395813,0.0604606909374717,0.0420823823835685,0.997004120139298,-0.493210268884722,-0.0542037942123103,0.1572065142687476,0.3130705766169628,-0.0880362972546349,0.0295948856649165,-0.1241712183463621,-0.0260220707560815,0.0784040404405351,0.1217351988578083,-0.156379309371997,0.0950276732905084,0.2207336554381513,0.0908065801449637,0.4477984180089934,-0.6765863687783937,-0.5083113888584586,-0.0892651083746194,-0.1184961592943098,-0.5646114328768842,0.4613661785106384,-0.7186878749418291,0.0996823340370733,0.0
0.7760087857860892,-0.1679723827784033,0.7934183047833141,0.0181825331860373,0.0586897772511747,0.0321831451288408,0.9975916753375418,-0.5150206777360268,-0.0467721692517865,0.1764590264926939,0.2151829453257002,-0.0929048625717332,0.0101544482533164,-0.0836923400754085,-0.0087230964553177,0.0870285755081152,0.1116264657244183,-0.1652555132725532,0.0954151802430104,0.2433951130658211,0.1026398711857054,0.4472620919285047,-0.6724555600680893,-0.4885576889671296,-0.0823702767583531,-0.1445674052268814,-0.5545497404097298,0.4522028567865104,-0.7280075289659944,0.0973095891630884,0.0
0.7968370366141715,-0.1706594783436826,0.7910978631265992,0.0155921027823008,0.0557453162222435,0.0263883621336118,0.9979744487681108,-0.5312645769095649,-0.0359379309216501,0.1860050815161882,0.1443751049560659,-0.0966800984931976,-0.0081491732313017,-0.0443101477285406,0.0028319000070036,0.0963433458355065,0.1049817760730129,-0.1744603047381224,0.0908144925003122,0.2587406338356739,0.1162104279931266,0.445471181859274,-0.6772869048653459,-0.4789916584180972,-0.0810574091986041,-0.1627571630160408,-0.5377901442136377,0.4513294505413212,-0.7334894980857583,0.0841047470505136,0.0
0.8215324008560767,-0.1729451804850364,0.7891179056630699,0.0138811117472436,0.0548708491183644,0.0213484479308525,0.99816869737767,-0.5375293966925643,-0.0272737547421777,0.2055960288353938,0.1142645704722201,-0.0915837468908748,-0.0135937879335548,-0.0066163865307413,0.0116679313368413,0.1023575980239759,0.1036877990163708,-0.1798614995359206,0.0868861352309913,0.2672706027159978,0.1243958316803663,0.4400741820578952,-0.6765749407501904,-0.4673782690158404,-0.076792231396987,-0.1760517062887038,-0.5214380389283926,0.4541554883194787,-0.7359871278331503,0.0827231912189013,0.0
0.84459257817927,-0.1723590602698081,0.7872039999900546,0.0112453302827585,0.0543461477790593,0.0186686101883685,0.998284289048988,-0.5317093606227661,-0.0188603230625202,0.2239052881307021,0.1180696423521542,-0.085734931822362,-0.0100002896471339,0.0247434190232274,0.0183501969567287,0.1100361542836013,0.1088002270826721,-0.1807731692174642,0.0856580681671787,0.2713848562103464,0.127788155109416,0.4311832770542179,-0.6734633473503595,-0.4560324012741754,-0.0648033804348407,-0.1784276442218351,-0.5043104596411246,0.460517060835911,-0.7286355188311532,0.0799413612518287,0.0
0.8689305038197457,-0.1696844971973861,0.7859779542798533,0.0095817885049374,0.0537512067254894,0.0175582681584743,0.998353997499823,-0.516027987318653,-0.0146031054054001,0.2385448462267827,0.1373160510280761,-0.0821457759282102,0.0026347991816132,0.0521298902795441,0.020731165068054,0.1178048903222294,0.1246321950631138,-0.1713021827148669,0.0895631961007931,0.2710729523001695,0.118466533735997,0.4134519781745644,-0.6629546710930758,-0.4401239290347037,-0.0572838852350798,-0.1715985912032036,-0.4857360405189924,0.4722762270450448,-0.7023275785803211,0.0823400839782735,0.0
0.8967450715368671,-0.1659395590971367,0.7858091442037353,0.009595707986111,0.0552553391952763,0.0159712989942099,0.9982983960154896,-0.4913577641762547,-0.0154014458467123,0.2415864464223624,0.1551764866248421,-0.0750009871689402,0.0154941221760165,0.0728686626822121,0.0188302696839128,0.1303687431868089,0.1501535356525491,-0.1396671055229689,0.1023793228002738,0.267665096946786,0.1090470565109125,0.397873558366447,-0.6589722298971354,-0.4332738123176867,-0.0570900324510192,-0.1524014579672278,-0.4741578803470405,0.4862953847200571,-0.6792461753702441,0.0810798968758741,0.0
0.921480668544549,-0.1589937585703537,0.7867758355959941,0.0113438744128428,0.054919809912162,0.0187349912820351,0.998250535233606,-0.4598211630469548,-0.0233277645290595,0.2364799702550059,0.1718323214713765,-0.0744672386751891,0.0321343375439185,0.0870934729468428,0.0112774989700387,0.1435528502686913,0.1869105001352661,-0.0899263073820684,0.1260115174276287,0.2611328176291764,0.0905321433610851,0.375538703770564,-0.6485702991901258,-0.4296576947832827,-0.0572498247916093,-0.1236942520637623,-0.4645942399265358,0.4984703795410815,-0.6473669279166606,0.0738654411367409,0.0
0.942961769855687,-0.1495694289895527,0.789109744610501,0.0119980164248298,0.0575101170753756,0.0232679748038592,0.9980016209327388,-0.4367001738271305,-0.0367382412039868,0.2274520793851878,0.1863804239730251,-0.0990254257407887,0.0555925134240872,0.0843776634695008,0.0051570492836607,0.1530454498095094,0.2441206225310508,-0.0272726778415507,0.1588765022314346,0.2471582491274669,0.0621969557672567,0.3527141368791491,-0.6327718564962885,-0.4232085340222219,-0.0611210662909379,-0.0836902966102439,-0.4698966546149442,0.5055415528243757,-0.6121402935509431,0.0665184688564556,0.0
0.9705534780095018,-0.1396519956729632,0.7930109636506681,0.0110747658592585,0.05936291357692,0.0316547105690586,0.9976729791628176,-0.4035610027696759,-0.0502021998386511,0.2031686344343918,0.1900427810100064,-0.133091432473813,0.089686899863424,0.0649196323994967,0.0065086064410875,0.1575869613334346,0.3392503431829982,0.1060317366959236,0.2002363266808354,0.223618402436196,0.0263984001430358,0.3312776824867042,-0.6215673829142279,-0.4249876263278542,-0.0736815362755342,-0.044798952779563,-0.4661349052143221,0.5078654522845848,-0.5752900636426443,0.0695451694531541,0.0
0.9964838721399932,-0.1306786895212326,0.7977133220126577,0.0061004134196919,0.0589738975847039,0.0436771802158653,0.9972848982553424,-0.3645663984543797,-0.056356164802827,0.1726110763242225,0.1836587401818934,-0.1581274824590041,0.1147257813037061,0.0164696395275961,0.0175905676078151,0.1569703071960679,0.4626367879346451,0.2018594824932413,0.2258642142258885,0.1862503202001044,-0.0001798061569475,0.3295794703024421,-0.6041860855949395,-0.438398200789605,-0.0852495153715512,-0.0135924502225831,-0.4551604978690272,0.5060833963532172,-0.5328702200844028,0.0683772984852983,0.0
1.0256306457262463,-0.1264054394743785,0.8017547183859782,0.0036309670500466,0.0592560579471806,0.063256182661925,0.99622998902356,-0.3247746397636689,-0.0632439868835711,0.1296337076921288,0.1778683946049408,-0.1821833137006329,0.1354726224103121,-0.0564407637591158,0.0236297793231816,0.1386587634731335,0.5965434151472391,0.2372415076731824,0.2207926605981311,0.1364495208610996,-0.0265302184364173,0.3413831282972746,-0.5990700131637244,-0.4644797055436429,-0.0947212659310853,0.0185126999419452,-0.4494374485455933,0.5151902243687273,-0.5109462815624894,0.0612902206805531,0.0
1.0489935483020671,-0.1241250911525282,0.8045750093746645,0.0026632493239637,0.0589761153377032,0.0827513520359371,0.9948200534061103,-0.284543738012297,-0.0696990252338035,0.0967526671542762,0.1590278028770292,-0.1944496539818061,0.1428105844528004,-0.1327702359831967,0.0238781711732737,0.1129013872383005,0.7114148862438632,0.2199376144916841,0.1913353366533387,0.0805669667315135,-0.0559438465781357,0.3627845017588544,-0.5981403370506972,-0.4977505471422885,-0.1048673115464515,0.055311712670729,-0.4541704110177479,0.5342793516198197,-0.5170795408043171,0.0583926757270462,0.0
1.071261766433852,-0.1208312279737505,0.805941861595575,0.0040125201705063,0.0590673974220739,0.1024620062966025,0.992973554284976,-0.2478066873660217,-0.0801351233985414,0.0632376636224531,0.1444142669878156,-0.2092217641305343,0.1478435774867531,-0.21809238712239,0.0158567893273855,0.0842536974198905,0.8030340236071307,0.1767328618485088,0.1676741615975232,0.0250959323237754,-0.0828421716191883,0.3845413713472971,-0.601583235871075,-0.5422271435018758,-0.1030753968296878,0.0910954195526398,-0.4751165535771142,0.5581868759219857,-0.5344096487632438,0.065988099895191,0.0
1.0886366906712075,-0.1183895458613488,0.8065752960413751,0.0054136107548734,0.0558540396073588,0.1214025573494689,0.991015861703102,-0.2162418077656125,-0.0870598159014535,0.0311706858449687,0.1403361610992931,-0.2197638815260637,0.1486136557078704,-0.2896487621495054,0.0103756901159752,0.0608281966484976,0.8324792746810936,0.1266139559009683,0.1436191000445474,-0.0274195468462124,-0.1116002093800258,0.4055757024464624,-0.5870017164316246,-0.5773699809308378,-0.1117661177157179,0.1149505001469929,-0.4941343166223509,0.5616780034391676,-0.5482087850783988,0.0724156659002346,0.0
1.1050447705071187,-0.111711863420472,0.8062264097178063,0.0063830775403769,0.0551768602050846,0.1409980116995906,0.9884504697331994,-0.1897058739992213,-0.0984674838165156,-0.0035073853151946,0.1350163847050118,-0.2311832844390439,0.144323628142811,-0.354220183166242,-0.0079788113615644,0.0323595181517827,0.8123412395638252,0.0728721740444587,0.1218248422248183,-0.079264464903259,-0.1469581771858319,0.4223617645789436,-0.5714164894503613,-0.6167684393202336,-0.1313589438099056,0.1364528785733728,-0.5206225127101192,0.5633584556539557,-0.5737133641371127,0.0781264467733114,0.0
1.1220552011523657,-0.1016338113533188,0.8053035358835747,0.0059686103548082,0.055895916326129,0.1558364310936968,0.986182046567708,-0.1645745207932069,-0.1086386539416253,-0.0307877696256689,0.1323799785676893,-0.2458356108595816,0.1371465115746367,-0.4095552553227028,-0.0316124408467232,-0.0030292315784622,0.7588079014616993,0.021775727971952,0.0996304742127719,-0.1186767975270063,-0.1741687968348595,0.4395080698011392,-0.542037115455136,-0.6665775802483787,-0.1420047773541586,0.1559948105671972,-0.5466949054912282,0.5432822493350267,-0.6050803569691469,0.0838701777171065,0.0
1.1398134992825024,-0.0912398324780621,0.8037176231194179,0.0068584983843652,0.0551568412936436,0.1691685636099811,0.9840186385148172,-0.1409556755260471,-0.1195593016471008,-0.0605361495431913,0.1421441271878232,-0.2608621039129117,0.1325798026781583,-0.4486640934192583,-0.0539454661967822,-0.0323896006939561,0.678052027391638,-0.0101768188228508,0.08950920509241,-0.1530287555116339,-0.2045355235583095,0.442985222425252,-0.5213078960261305,-0.6908315502887905,-0.1631832338779928,0.1713209238718685,-0.5656299058222003,0.51290452454209,-0.6202069132438001,0.0881291612044409,0.0
1.158142537537483,-0.0845081626940588,0.8016115649462726,0.0094220758127477,0.0526870353119422,0.1873670874073498,0.9808307067755896,-0.1121862884359529,-0.1279562777938496,-0.1000358512282382,0.1476765045176149,-0.2737305999938525,0.1254739167303139,-0.4864719829999892,-0.0717958857398151,-0.05203886918327,0.5652573757252151,-0.0320843685965328,0.0854758877934672,-0.1972978867856303,-0.2219564416846291,0.4525795484060351,-0.5056163195369381,-0.7468948027491494,-0.1663467000288567,0.1870332020436436,-0.5819168921659486,0.4881222259917733,-0.6229928601129918,0.0896628002132334,0.0
1.1774040660210674,-0.0753026573260929,0.7993352229035369,0.0112085069735041,0.0511498050421296,0.1981034416764326,0.9787814328089433,-0.0772192346657695,-0.1344180296852553,-0.1234146041665446,0.1444567403702855,-0.2839837669647786,0.1198509234986689,-0.5091368803471691,-0.080910716030604,-0.0708334660205693,0.4414049563304842,-0.0329603090320952,0.1022457980037348,-0.2255502824034021,-0.2405586108375436,0.4530171207056383,-0.4779584133312783,-0.781986053253851,-0.1678414399984816,0.1958092161601748,-0.5911793313210878,0.4733215033243915,-0.6163746707534348,0.0940827858531496,0.0
1.197523632326539,-0.0693370715287997,0.7972299208470807,0.0128371666541081,0.0495455023812018,0.2074464472179509,0.97690655739571,-0.0431060983749851,-0.1345752083038812,-0.1448107063941793,0.1422610200376357,-0.2920538994361019,0.111565972945975,-0.52613699619654,-0.0902626850645189,-0.0795565465759323,0.3246992595160163,-0.0376469741555647,0.1216277427215669,-0.2481849236939846,-0.2501512627378996,0.4493002967774458,-0.4568029798814241,-0.8186205081959869,-0.1568781103238598,0.2036737999237331,-0.5924906370820326,0.4576375529580676,-0.6064192852409999,0.0973875211370324,0.0
1.218155465034498,-0.0675643329791828,0.7956231313414502,0.01469795636756,0.0482821836549715,0.2172197452394234,0.9748171023829256,-0.0110861213800031,-0.1284599549122592,-0.1666149116485002,0.1389574325497847,-0.2954178799434358,0.1015989000827744,-0.5377581969861293,-0.0933210075364839,-0.0832503545830152,0.2207792180326447,-0.0408774251574494,0.1439915486254381,-0.2636844043889498,-0.2584340216763151,0.4449791067749171,-0.4601938846973398,-0.8453805738879059,-0.1546785002376939,0.2104806187630966,-0.590362692938342,0.4562664566947437,-0.6065011864260983,0.1014176955735816,0.0
1.2394648061347766,-0.0669112279670712,0.7945301900109445,0.015786943163721,0.0484537448151872,0.2230868548041307,0.9734655937692556,0.0169694992555668,-0.1186853921952141,-0.1772624285123699,0.137965797770488,-0.2944759449651593,0.089708014044567,-0.5469193452411718,-0.0950787673521268,-0.1005704798765575,0.1387882682251305,-0.038622937687992,0.1711722946367476,-0.2721045442080647,-0.2614218402924912,0.4452591914083427,-0.4645396160725712,-0.8606663069695677,-0.1420038178236322,0.2130925624429984,-0.577929856100962,0.4592041058902495,-0.599234071826285,0.09900750133423,0.0
1.262505758798996,-0.0670894813627318,0.7933694197607262,0.0175279238964924,0.0504930549619708,0.2290880132640523,0.9719371921390878,0.0403813521493676,-0.1088043241633683,-0.1867326341041644,0.1416940297849109,-0.2890679771881213,0.0767736529843374,-0.5492707762089184,-0.0966485826541576,-0.1146142252367388,0.1017034261386664,-0.0248577301499745,0.1848247923442029,-0.2798617587506263,-0.2624097227122188,0.43972707194144,-0.4679176516786161,-0.8627261911513064,-0.1314790174539052,0.2098586848629492,-0.5638897591045405,0.4621561541083632,-0.5888822169937654,0.0938988174903777,0.0
1.2869653155380918,-0.0649482554220876,0.7924985046723032,0.0175543696113899,0.0523458843196171,0.2357473039838094,0.9702447944548364,0.0635921783486375,-0.0972795922108201,-0.2064865862600965,0.1501673360067485,-0.2765749454856495,0.0649521290133298,-0.5462723335958052,-0.1005225675977942,-0.1179042454772931,0.0906461720769696,-0.0134604133070819,0.1887389255516285,-0.2863906687236062,-0.2583850271468462,0.4288603155988816,-0.4826361234386344,-0.8485311437853417,-0.1233661134811052,0.2059122212646506,-0.5484141494484768,0.4750581383222583,-0.574630539395825,0.0921747891268998,0.0
1.3123966273306895,-0.0620898932346243,0.7922066408149397,0.0172811203892719,0.053957148440948,0.2425922882508809,0.9684724935130644,0.0857563202404415,-0.0852610754949602,-0.2254259172260251,0.163284320605915,-0.251086274050202,0.0480955704011624,-0.5350119080636483,-0.102248807324742,-0.1150016655794549,0.0990358609979644,0.008457167530138,0.1851739101026002,-0.2913906297360552,-0.2473612739322608,0.4163654395726859,-0.4971639243829968,-0.8105315453526357,-0.1112004419165079,0.1982745210288842,-0.5321270670495181,0.4912911892923611,-0.5600903759965606,0.0900747893854813,0.0
1.3359684782939565,-0.0595194736812161,0.7931697401778338,0.0177020911695844,0.0555093820602099,0.2491082417630893,0.9667214843775946,0.1014688091235434,-0.0761471630395151,-0.2400025844186787,0.1829683221674117,-0.2085764859488084,0.0267455083742721,-0.5208299065202371,-0.1060305579851828,-0.1048707262440886,0.1191467930875224,0.0285918249583902,0.1760932546673771,-0.291708789248448,-0.2295251763591063,0.4031019021620409,-0.5116983956251632,-0.7583922578863531,-0.1026445619186962,0.1876614334449067,-0.5154625419646466,0.5136897632520782,-0.5380341902607078,0.08865910977372,0.0
1.3590116907428025,-0.0538567188983786,0.7952211077683348,0.0175608900187278,0.0566072426327868,0.2514048349667416,0.966065652105802,0.1102083759081099,-0.0742705095902675,-0.2589585531792044,0.2192266921184428,-0.145771979359579,0.003447667123727,-0.5029172369667189,-0.1027922499435492,-0.0811699650836646,0.1379088984898215,0.044331196111208,0.1662912220982234,-0.2797840515104902,-0.2096570189073541,0.3786732794644085,-0.519195587665796,-0.685647780304288,-0.0773561530541651,0.1763032624324189,-0.4958632948449381,0.5291526195022439,-0.5178923978995414,0.0670667758894875,0.0
1.3821984804890777,-0.0516724329450972,0.7983098497209282,0.0191859395534296,0.0554379644409735,0.2536715350584302,0.9655098570823568,0.1104117488823496,-0.0786818041475324,-0.2748834936516833,0.2748141982427559,-0.0607324449535777,-0.0293509103052816,-0.4759177091094528,-0.0958059330981545,-0.0587177944328684,0.1549547375635562,0.0511068366807127,0.1516836542710684,-0.2616738447175868,-0.176587158544395,0.3624976150954805,-0.5292009508839062,-0.6226108439167556,-0.0505564194356337,0.1651516165369859,-0.4782939481866756,0.531062843425934,-0.4993907179968596,0.0352389745489338,0.0
1.405823326976853,-0.0325791113429213,0.801930901010678,0.023991492391462,0.0515060141334932,0.2519234384995084,0.9660776987051792,0.0973950321168081,-0.0905572100490507,-0.2940390051871663,0.3498099569787937,0.0568780523109734,-0.0825998304317636,-0.4417395453791287,-0.0990329198569857,-0.0236486465666689,0.1749610394587915,0.029118856977345,0.1353247360335807,-0.2323318278626676,-0.1478724335678159,0.3397169868571278,-0.5304873840705919,-0.5629209036624881,-0.0422784368478378,0.1544600530839371,-0.4745414289235688,0.5331968811257067,-0.4945073457296643,0.0146089068045343,0.0
1.4295632451328557,-0.028812453707741,0.8059320225903407,0.0352917067477275,0.0478435941247116,0.245294924795726,0.9676238348684478,0.0549051404335533,-0.1093204250093456,-0.2886924831842856,0.4574278344913425,0.1811310552497892,-0.1304789379723028,-0.403113327518664,-0.1028002117377038,-0.0115026156499299,0.1832380520168826,0.0029119947776963,0.1028988517056421,-0.1954050403661658,-0.1124005007387419,0.3280420740037066,-0.5492595875133625,-0.5090148829458424,-0.024007529573956,0.1405552718804172,-0.4795324144398715,0.5341700642830745,-0.4890880048113228,-0.0044912855420755,0.0
1.4592039315819014,-0.027002569032821,0.8093270600174666,0.0452379759531726,0.0473417733418213,0.2324694140359024,0.9703969566967512,-0.0150317586847052,-0.1267735148065587,-0.249504585942853,0.5861607773346775,0.2567632899819596,-0.1465661537845601,-0.3634242839325328,-0.1000940677505966,0.0082670875063708,0.1851186305331938,-0.038422523173847,0.0773380424265442,-0.1489462854643841,-0.0743932477172342,0.3115869368813933,-0.5713293125390813,-0.4656266657146032,-0.0156483975481752,0.1267297817463154,-0.4909769404518032,0.5300699470612671,-0.4971009179839013,-0.009732681319549,0.0
1.4787286314552834,-0.025224238435864,0.8117606825147685,0.0513029586056998,0.045747282269418,0.2261859473949326,0.9716558597591644,-0.0957842594127088,-0.127208523541002,-0.1944736123665151,0.7040232687097314,0.2500078408330054,-0.1222957749182834,-0.3302710936607766,-0.1004722605913562,0.0220574764573021,0.1817705562702174,-0.0689624332152126,0.0532885433635059,-0.1027660652834343,-0.0533518692937499,0.3019458580443593,-0.5875653365494918,-0.4425095964423786,-0.0151515589207888,0.1089694693776912,-0.5024052246202685,0.5199586643067154,-0.5105877966466585,-0.0098406794280218,0.0
1.4941231356608995,-0.0183674647383007,0.812928459008472,0.0501213969890217,0.0424881230197533,0.2137873949148737,0.9746679202382932,-0.1716010135960483,-0.1074882172658312,-0.1181075796607066,0.7772831929156678,0.1883965543990572,-0.0660279767135946,-0.2963280968778147,-0.0906433432505732,0.0395051477647787,0.1713790031201026,-0.0892346588068261,0.0482002580870262,-0.0541453985257694,-0.0247874771202139,0.3033699778410335,-0.6014620473666685,-0.4247119156304125,-0.0344698295188219,0.0703268969800366,-0.5126019882239975,0.4864547581207935,-0.5240411022188495,0.0157667741114589,0.0
1.5097180594618838,-0.0122283799195047,0.8138265407246804,0.048396790333351,0.042701923290068,0.1995465934979229,0.9777604274341102,-0.2410988252885607,-0.0855996833227208,-0.053669016139262,0.8225015641792097,0.1151947138330788,-0.0145690559559504,-0.2669317608363576,-0.0801280612290673,0.0587766334868254,0.1525581614139215,-0.1039341328610592,0.046079242905406,-0.003802230926914,0.0085461795351198,0.3120419940839047,-0.6002056375456117,-0.4207461174600246,-0.0388977910056016,0.037787495599337,-0.5269039576850411,0.4721760186052682,-0.5582601540334708,0.0330501239545872,0.0
1.5237955319600336,-0.0091528163551989,0.8143068938318867,0.0480270351055804,0.0418296586787083,0.1838734091713289,0.9808844238509974,-0.3155941211681913,-0.0666935333050379,-0.0050434558290667,0.8400004438208397,0.0444032987232344,0.0297131504031581,-0.2395463069643283,-0.0695238607367345,0.0772905550279024,0.1358047443610462,-0.1172287974335155,0.0484139858797149,0.0508892956116106,0.0393338231865181,0.3238332264005411,-0.597353176062935,-0.4239889852985901,-0.0381099561147646,0.008483394982754,-0.5443238454785798,0.4618919854288688,-0.6022617649242408,0.0460532032174088,0.0
1.5344257735314235,-0.0029612089212483,0.8145399822675239,0.0445036736478029,0.0410803238635899,0.166831161876228,0.9841235661491602,-0.3773054476454301,-0.058997713464371,0.0128727721589198,0.8090675347102123,-0.0086330580522918,0.0469900127729688,-0.2110209635119525,-0.0589173526130632,0.1031636565781838,0.1075352562720695,-0.1183736815650388,0.0495220386606822,0.1003628308005366,0.0718240987258598,0.3418774385124869,-0.5953738974963826,-0.431981610544638,-0.0298705279654442,-0.0252075948136562,-0.5564640885813932,0.4591584288579948,-0.6432106394221098,0.0447315767769714,0.0
1.555382102973418,-0.000897215875883,0.8142510073676151,0.0418718464390246,0.0417385417319956,0.1506343957308493,0.9868201059122558,-0.4205535278464722,-0.0478797987768978,0.0260738785462318,0.7357025501294409,-0.039765442951458,0.0561552884391565,-0.1846611815394236,-0.0420028430837415,0.1315198968682769,0.1015258703948449,-0.1345627640853147,0.0471673642732126,0.1439643224754043,0.0978747747264068,0.3689838472045451,-0.6030974987492308,-0.4400880463119025,-0.0322580924957834,-0.0598798630245187,-0.567715689684312,0.4467412019328499,-0.6806332970665931,0.0470371773291195,0.0
1.5702568306749092,0.0004126102227716,0.8135671812660095,0.0397878816128406,0.0404934786616862,0.1353272597183457,0.9891732585547196,-0.4572688871613611,-0.0386104327866669,0.0369520864877262,0.6437814806817921,-0.05322646849614,0.055618962182495,-0.1604075007974942,-0.0290087270218476,0.1595000372376478,0.0926774996308281,-0.1443320842399198,0.0457003630223492,0.1829092649793903,0.1217793298308934,0.3869822964548774,-0.6113010295865197,-0.4490361029802716,-0.0222776040273576,-0.0941095492346579,-0.5725218025655674,0.4413148749443083,-0.7134543903198255,0.0428772863105677,0.0
1.5818567347456616,0.0036415195488077,0.8118697880669891,0.033909843068281,0.0360058815866175,0.123128432298769,0.9911574487405636,-0.4791723418658028,-0.02923920579252,0.045194638969437,0.5185163937301671,-0.0519349332231647,0.0417046004109408,-0.1386208435829743,-0.0117935440470098,0.1834397833776216,0.0952286404675617,-0.1544335577307492,0.0450478861384725,0.2093387843160093,0.1403732049428842,0.4055068389408812,-0.6224675976355409,-0.4595443291562759,-0.0212173687265539,-0.1249506013363664,-0.5638593036106205,0.4298390057469878,-0.7452658537944746,0.0329462769318338,0.0
1.5970122928903672,0.0095838678055622,0.8098719471883544,0.0269689240860125,0.0328141320581105,0.1071578033758482,0.9933343420251712,-0.4979670829693635,-0.018132646423096,0.0377761909938615,0.400332213816732,-0.0525268518345272,0.02088430169186,-0.1149099732660428,0.0049446252553622,0.2043339963225368,0.098565841567238,-0.169969222133529,0.0499494871098858,0.2391906419064397,0.1500794428822815,0.4204064118620557,-0.631059739409968,-0.4626294869619199,-0.0137842645609162,-0.1486488437826988,-0.5588803765670096,0.4246504076846256,-0.768828771494227,0.0196126760933955,0.0
1.612367880044755,0.0127656095723918,0.8085257385206127,0.022208459276546,0.027809212810878,0.0938702821653217,0.9949481404302464,-0.5178110739939765,-0.0120138216645557,0.0182199160515562,0.2888228088136688,-0.0543393650592654,0.0051065378591817,-0.0845446588065594,0.0188887612497243,0.2316446407163534,0.0982781458178875,-0.1781683279703176,0.0452985558570483,0.2645148796727314,0.1606596318902655,0.428464324676994,-0.636768137882515,-0.4625838625959593,-0.0140170888663423,-0.1703640819997862,-0.5518785483939664,0.4295595195597187,-0.7857342954352027,0.0149656099409256,0.0
1.6334062204881383,0.0171621825689794,0.8077948165448804,0.0199318370768346,0.0274344711730421,0.0819612780443688,0.9960584423433864,-0.5314383632626704,-0.0061794586957082,-0.0046828524446307,0.1938994803585172,-0.053866069866211,-0.0142764438293715,-0.0525126520745789,0.0240263278248253,0.2539200918826311,0.0927576592269618,-0.1849118948941445,0.0444173700714006,0.2811107271878315,0.1613024048105047,0.4287123312798629,-0.6416213671905364,-0.4633775992040852,-0.0123970686126998,-0.1889829984831059,-0.5393241490745841,0.4363244332984994,-0.7942170605566319,0.0060022701743811,0.0
1.6564285576037912,0.0226979681873055,0.8072082400984151,0.0181600828186379,0.0288958229705845,0.0704418675128516,0.996931886393537,-0.5432201663046683,-0.0022927579028756,-0.0223206315857011,0.1298022612425913,-0.0556313777748312,-0.0260396408823715,-0.0229819869022045,0.0255976911550188,0.2827810596814187,0.0898897770212231,-0.1920914489305276,0.0367496598324836,0.2893776644941923,0.1655454661439226,0.4234441388569874,-0.6391247877245462,-0.4614052368456106,-0.0062902139312806,-0.193417992674436,-0.5263293299281233,0.4460699458000751,-0.7865425026305628,0.0004586133096931,0.0
1.6755569883825894,0.0278777887005745,0.8065204843474318,0.0172268711351776,0.0280639530893087,0.0596971249311071,0.9976732444657692,-0.5442254363123167,0.0037434752094945,-0.0371833071120213,0.1058328689244688,-0.047979166857681,-0.0327416530050547,0.0038976811889034,0.0248776065016815,0.3020628727985146,0.0919215443505436,-0.1964559334038383,0.036121622776729,0.2967121030834629,0.1630179353275238,0.4203008259504824,-0.643107381345045,-0.4666294121298417,-0.0081017937863428,-0.1911507439654732,-0.5134429993491382,0.4617746326695622,-0.7707664844102093,0.0034197032051942,0.0
1.6954933563952892,0.0335500050125857,0.8056920440126343,0.0161903587279307,0.0280573859654854,0.0509635565216485,0.998175020366524,-0.5366144733291607,0.0077222906724687,-0.0432160894396587,0.1094636922466126,-0.036391002161322,-0.0335681913070497,0.0290056437747363,0.0232383197908472,0.3161488187850367,0.09706010751982,-0.2007952579588791,0.0364485357466964,0.3003310254331573,0.150537189322243,0.416668374031398,-0.6453740332737015,-0.4739567560343324,-0.0113269861885681,-0.1780569520685603,-0.4982158266867318,0.4867184405186663,-0.7417398434871211,0.0096214417797131,0.0
1.7156093607389615,0.0411772558732978,0.8053854816775361,0.0161767538850215,0.0290923891325427,0.0438480076600912,0.9984834989886142,-0.5158059413137023,0.0129573830722917,-0.0407818102954682,0.1254643479327238,-0.0176188622681502,-0.0280968948266741,0.0498289361568005,0.0166827716987996,0.3296339972851845,0.1067420729280703,-0.1992794415813387,0.0403428109085207,0.2995882950478895,0.1328851174574996,0.4016058951009468,-0.6527507300459693,-0.4700880349119872,-0.0093586661926013,-0.1575976305850316,-0.484776981483056,0.5219154635680688,-0.6999777290573475,0.0101738814493795,0.0
1.7391320164733186,0.0515881979427341,0.8057160233538242,0.0156232651431086,0.0325178876813884,0.0376099111289845,0.9986410742363244,-0.4996532161351505,0.015869394430126,-0.0184265891777372,0.1484069050405914,-0.0100174875541748,-0.022477912796361,0.0653819357302593,0.0089035172071192,0.3400722666638944,0.125838719412153,-0.1867383530951067,0.0543012521078977,0.2999586542842467,0.1066463852018736,0.3847490613715402,-0.6497980774853578,-0.4624659513557082,-0.0083669236018252,-0.1325004503708124,-0.469733453455727,0.5500118081795994,-0.6458753862121774,0.0138390726761839,0.0
1.7608605834677211,0.0633299693942515,0.8066591407922352,0.0145538783565748,0.035680084250127,0.0288095175455903,0.9988418933502324,-0.4750474532794705,0.0172114768886713,-0.0047608869278756,0.1709520137439764,-0.001642021206781,-0.0131638400881804,0.0735091772242156,0.0009143181454041,0.3578678761350872,0.1517100788861557,-0.1616957248769457,0.0755742731676287,0.2970671326062367,0.0803105836000833,0.369698447141524,-0.6404799773733678,-0.4668766389722004,-0.0161789685136894,-0.102200349014144,-0.4566756721407743,0.5730351174109127,-0.5943336131571104,0.0120774963048152,0.0
1.7807404790176455,0.0744674447378155,0.8082915338730983,0.0146643902126167,0.0377171085524602,0.0231241935180343,0.9989132329968784,-0.457849944286171,0.0114746699504049,0.0011359822638312,0.1943177918751906,-0.0253162075364638,0.0072627265144943,0.0766301085743426,-0.0064313008427297,0.3815710391668707,0.1844900354422652,-0.1175864604642674,0.1137021990278289,0.288927299817279,0.0479573404438839,0.3594695466930602,-0.6240604432267229,-0.4827467552780226,-0.0354040661223594,-0.060584362735093,-0.4522009569846246,0.5843433046506756,-0.5548433130697553,0.0089268022206371,0.0
1.8062557813947009,0.0851847276768821,0.811260822737882,0.015673243262443,0.0444842806571806,0.0136589708391359,0.9987937378336262,-0.4399771824494007,0.0062562211097967,0.0144131970887376,0.2107723244390352,-0.077503810459606,0.0453324742317238,0.0653781905690183,-0.0100219871711462,0.4071276842244968,0.2379349863734693,-0.040468857511312,0.165058558006162,0.274158984798262,0.0161690625383875,0.3484055317199893,-0.6238756457801867,-0.4945943099703981,-0.0502620696993982,-0.0188650432413496,-0.4600819404142297,0.6127541904970119,-0.5340721584295779,-0.0032442324780787,0.0
1.8228538679878836,0.0941163543976639,0.8145378906826906,0.01411325999925,0.0481568616413088,0.0091936495438197,0.9986977567698448,-0.4278334643479968,0.0022122313213896,0.0177559250128952,0.2227394549867314,-0.1069825443023635,0.0669217591499011,0.0317351968797823,0.0046007880883387,0.4191596552622456,0.321361827436976,0.0509802510706875,0.2241696346928327,0.2540519987833742,-0.0151068060266324,0.351838739869752,-0.629495710175514,-0.5233021726357955,-0.0636269168174317,0.0099566088721765,-0.4795341942345678,0.6429657598650257,-0.5443148731394617,0.0037423891009537,0.0
1.8409197923122744,0.1038333531584463,0.8183505679084765,0.0087622901876082,0.050840902898665,0.0057489205855122,0.9986517785370534,-0.4044328503100459,0.0039916828259386,0.0180779379556289,0.2193609208353477,-0.1398306138560011,0.0911445515803616,-0.0178455499792705,0.0214454528057773,0.3834587275931984,0.4163488494090331,0.0989232434675077,0.248764255826373,0.2190316454913952,-0.0452444614329003,0.3730859547834939,-0.6276465543220127,-0.5553918638222854,-0.0751871491616177,0.0268632978388799,-0.4936343975484611,0.6628199328903729,-0.5680634093302058,0.0126380462312235,0.0
1.8550919757228816,0.1120027647726784,0.8221352939637476,0.0030121866726138,0.0520712943990921,0.0037814004992662,0.9986316678542276,-0.3843109343343212,0.0072264681362221,0.0188360163780796,0.2172131814078963,-0.1599913316594385,0.1090977920105631,-0.0875026483071571,0.0357044576495216,0.3256650452731332,0.5227690064270698,0.1106797845098203,0.2363438956413034,0.1841163823464412,-0.071976789726003,0.4009197993893946,-0.6213996419703334,-0.5796833598280942,-0.0815749115044317,0.030882509374687,-0.5081773696476403,0.672659074307981,-0.6048455112258139,0.0243188944179098,0.0
1.8712706805323809,0.117540294266384,0.8252676777575497,-0.0014475141580184,0.0557156710374532,0.006580281923673,0.998423942317798,-0.3688834030815359,0.0080884450239302,0.0126422805904972,0.2159471381610487,-0.1790708364787382,0.1217209593436398,-0.1615179904728469,0.0405703574380839,0.2620364964006473,0.6077162902299822,0.0950443600571362,0.2001546585862348,0.1446951689200578,-0.0989081322727322,0.4280810676768999,-0.6138736643077333,-0.6006731588533814,-0.0865362619525027,0.0288667027386493,-0.522628334693792,0.6683816241235317,-0.6580516732449198,0.0282278990050156,0.0
1.8839076308109652,0.1246619425137302,0.8276926082260369,-0.0055501497904625,0.0585357761534634,0.00680465462672,0.9982466906646004,-0.3604956048895079,0.0076896244626146,0.0112686300637332,0.2236461549683094,-0.1925090843220106,0.1313188460072539,-0.2251060038188939,0.0372444627273694,0.2057686077235432,0.647291009785681,0.0618619622525747,0.1570080612435773,0.1092535983595483,-0.1275681489790985,0.461860899557066,-0.5947844754284569,-0.6092510094359315,-0.0951309968372145,0.0205275378485165,-0.5420798614937827,0.6522114022687058,-0.7178892562541308,0.0359545322881718,0.0
1.8937303440688515,0.1303120043217508,0.829069252407385,-0.0081239278813444,0.0605664961497185,0.0105710688774078,0.9980751243482195,-0.3502087660204337,0.0038447054130899,0.0084793961253122,0.2217841172911007,-0.2027396973410486,0.1309493578549415,-0.2791213647417925,0.0266209706267176,0.1435321061261308,0.6461897673779677,0.0155782712831297,0.1133842433440669,0.0721599141952198,-0.1559028953279781,0.4845162296071781,-0.5755696860886341,-0.6255456980171419,-0.1052911258058914,0.014524850675047,-0.5585895374535139,0.6336511470485108,-0.7748933114995982,0.043369507216148,0.0
1.9011957927462024,0.135290568171403,0.8299439267416184,-0.0095155874135515,0.0605708479419686,0.0133952978741659,0.9980286528805816,-0.3395791077939789,-0.0010121809356602,0.0048275277688586,0.222136079432211,-0.2097931449752984,0.1308886303178848,-0.3252062631687454,0.0247889911495913,0.1036454799372369,0.6252363615915106,-0.0282973501384148,0.0870602400182623,0.0398625680081582,-0.178284432786293,0.5048492233960005,-0.559627174526946,-0.6287421984768866,-0.1039116059138095,0.0104799302834779,-0.5716503412427633,0.60897185592535,-0.8162395639273512,0.0346256208741475,0.0
1.9076161537020813,0.1378011624917042,0.8300391852245206,-0.0091176862614367,0.0591015840956673,0.0222988824665134,0.9979612369202348,-0.327210998609564,-0.009420410903734,-0.0063247491669634,0.2192463076353177,-0.2131823933591612,0.1223746556568339,-0.3588394080477836,0.022189871396079,0.0839520157590289,0.5662895955625853,-0.0636448970501565,0.076223609908904,0.0048342030485406,-0.2031845580050403,0.5167415263960073,-0.5545350301170363,-0.6259166786188773,-0.1019348298535496,0.0093738144786287,-0.5823435936372786,0.590579819318794,-0.8441267461101032,0.0283067273994089,0.0
1.9128709322462647,0.1400162771835876,0.8296402232319517,-0.0079305172215117,0.0562840278634467,0.0344589622996912,0.997788452038454,-0.3153786962289935,-0.0206124558733758,-0.0232878009002148,0.2188720471527694,-0.2182558046737588,0.1144072015726108,-0.3883722808603673,0.0213477238573175,0.0618348341145986,0.5039416822153083,-0.0885308573665997,0.0671302237005162,-0.0289861486551324,-0.2245937462424052,0.5236440570233342,-0.5422100519221675,-0.6225041144702573,-0.0929280930259029,0.0112411497681944,-0.5878021409264771,0.5747334738360249,-0.8620229312881924,0.0218307685652554,0.0
1.922464481051409,0.1446161005241999,0.8296210026622901,-0.0085087238812433,0.0576921509658819,0.0473363619328981,0.9971752534904784,-0.2946402582904688,-0.0306245159700686,-0.0335165599571292,0.1963379433516728,-0.224400234333759,0.1071997092378396,-0.4106231566201329,0.0219863576162449,0.0373070029475839,0.4492224109792994,-0.0904637966178139,0.0751075013296014,-0.0593963805196896,-0.2416414399506158,0.5240110565636957,-0.5377230651784792,-0.6182919441175786,-0.0876510780238092,0.009417808941562,-0.58631386994786,0.5626730417571443,-0.8685695136499902,0.0180933792387124,0.0
1.9330530495883265,0.1483149024996479,0.8289275389083129,-0.0062718049006296,0.0586826443924326,0.0609384643793513,0.9963952605615332,-0.2767079213800024,-0.0448727473670033,-0.0478988457840231,0.1843659347170934,-0.2304218261018877,0.0993060523375666,-0.4254071407860655,0.018758626319429,0.0184195674442943,0.3744563759305725,-0.0927425785318248,0.0883788745251801,-0.0853696115386039,-0.2557997255078432,0.5128392563471557,-0.5416364595278442,-0.6199960828098687,-0.0743081256539092,0.0124378443062962,-0.5888992397521254,0.5642002304083495,-0.867164042302643,0.0213499153412636,0.0
1.9406158685175796,0.1522838138814907,0.82842640021571,-0.0037516856705781,0.0567687062700754,0.0745057700199887,0.9955963685534306,-0.2572305048502444,-0.0594597990631405,-0.0662778311914559,0.1742723585076095,-0.2306526672428843,0.0977644519127586,-0.4407520636393098,0.0167635249484456,0.0252643939923781,0.312817828649865,-0.0752579921458509,0.1056151692845279,-0.1069595631185586,-0.267127822662685,0.4926240043327221,-0.5505703493680896,-0.610158456400816,-0.0613019791076947,0.0169236203163502,-0.5864641554557058,0.5656857735877464,-0.8587824015621289,0.0183954401309061,0.0
1.94939326522221,0.1567682911884057,0.8281871244595287,-0.0025043493072543,0.0550799295003292,0.0846007367678846,0.994888257513936,-0.2403546837594701,-0.0698807958990822,-0.0815442993151857,0.1727965498631193,-0.2345732129916218,0.0971059215705678,-0.4515640627598496,0.0147949324989484,0.0270609519079971,0.2709849538334,-0.0611373404149739,0.1170118935803774,-0.1162720859993897,-0.2751956682091442,0.4700634980454543,-0.5581209016044079,-0.6020222304890079,-0.0524637439990097,0.0232073017920072,-0.5836704924719567,0.5650532152657678,-0.8471905549600144,0.013367300575669,0.0
1.956661946616288,0.1596364785084744,0.8280874176963199,-0.0019869204097827,0.0526094492772073,0.0971764392653865,0.9938737533740056,-0.2207734756988822,-0.0768005681899962,-0.10245226890596,0.1631405070491189,-0.2326762158120033,0.0925924967493178,-0.4573834979904208,0.0137326131925844,0.0372793045738731,0.2277678546249421,-0.0412941154487493,0.1320194168031091,-0.1238396018352436,-0.2801171024724438,0.446653366650664,-0.5681563232362322,-0.5955241806918685,-0.0469515146867469,0.026864426928991,-0.5733422115756573,0.5756608336990932,-0.8352122033463911,0.0122286175271449,0.0
1.9669429120947612,0.1632971976525726,0.8277108133980983,-0.0002209318333145,0.0521325762394205,0.1036161169091959,0.9932501427135184,-0.2081598694169071,-0.0852135190879423,-0.11708303748424,0.1699601472106219,-0.2412859029717605,0.0948453426871595,-0.4655695580214307,0.0142505357690742,0.0427655379715824,0.2108892665476562,-0.0319335939825716,0.1412743504382352,-0.1208834140986967,-0.2789478241092463,0.422165473789503,-0.5797103710300167,-0.5807609997094505,-0.043850897459987,0.0301646077038217,-0.5672494491899631,0.5819279183730888,-0.8137138841140394,0.0109782866098332,0.0
1.975637049956245,0.1672015373246259,0.8277035443996916,-0.0005590561577397,0.0510156725162883,0.1122249988079157,0.9923722276729058,-0.1930547413484251,-0.0896520937720379,-0.1359549822223641,0.1684644252814162,-0.243426155014541,0.1008055011388779,-0.4681584268849095,0.0113971006011098,0.0409655662059373,0.1934138105008734,-0.0137324998518484,0.149924146689331,-0.1203506461014162,-0.2767409403857783,0.4002630010611041,-0.5848658653819452,-0.5678600098341998,-0.0508561393048923,0.0342970319406947,-0.5537548179986705,0.5802231534240129,-0.7878695205627451,0.0076796377662994,0.0
1.987277125754188,0.1702529746722204,0.8273009436057197,0.0001778400955904,0.050678134061543,0.1160160932141557,0.9919536083992352,-0.1787457315757536,-0.0932261571618153,-0.1484710626313948,0.1748987700412197,-0.2539594557407061,0.0996459686896026,-0.4756276708667786,0.0097834828021108,0.0385205805442026,0.1859892640757198,-0.0100513943777516,0.1570943531825842,-0.1134912391901779,-0.2634016268268533,0.378991669824514,-0.5996615716365183,-0.5543591606234083,-0.0438395389261942,0.0355970836354657,-0.5431734310241271,0.5854813170254225,-0.7617216019219631,0.005892094668531,0.0
1.9959616470663657,0.1717323449746208,0.8271752673594454,-0.0004397785454799,0.0486492061890154,0.1232566749462508,0.991181544124588,-0.1651045427481929,-0.0925919671776936,-0.1623557175038856,0.178899808790837,-0.2603352832491997,0.1012567133619376,-0.4827695928615946,0.007365823457846,0.0349393682852121,0.1818587115433298,0.0028121969218166,0.1600054655008911,-0.1122454974747562,-0.2422113947343906,0.3645128127655537,-0.6156508078452182,-0.5366904189860353,-0.0456891254013961,0.0334948458272412,-0.5274447714545476,0.5898389484056004,-0.7300689085466637,-8.502002256926579e-05,0.0
2.007829713557297,0.1730468599363784,0.8268172508484701,-0.0001129154540087,0.049217252728167,0.1289660876553215,0.9904268764118188,-0.1519471781159962,-0.0925285167235934,-0.1708885540101933,0.1825516491438693,-0.2678885593715672,0.1014449622138902,-0.4919047428374595,0.0058384639359453,0.0260161166042667,0.1766475073951385,0.017865829067615,0.1651232749898912,-0.1108973908022187,-0.2176344729253089,0.3506574755827078,-0.6212669750139029,-0.5203419863586564,-0.0376437151170453,0.0333447843518224,-0.512797110781172,0.5880542516934251,-0.7027742830278199,-0.0090853195197284,0.0
2.0182072279216707,0.1740432625442457,0.826341960007376,-0.0004248298668352,0.0496146184753987,0.134794370150031,0.9896305810397036,-0.1405572131206497,-0.0907858237545902,-0.1770376168278327,0.1858673042783087,-0.2759123034502391,0.0975140365682271,-0.4973391062708747,0.0030808456722475,0.016921793919644,0.1693465313327495,0.0212820173661034,0.1654787931220731,-0.1067643316039923,-0.1905325010453916,0.3422804385120928,-0.6261476760703939,-0.505791995891146,-0.0335023040218968,0.0292829698983551,-0.4990033830132067,0.5862126127020794,-0.6808022597946246,-0.0141558902756784,0.0
2.029563506892793,0.1739351030524416,0.8259237535190266,-0.0011177959236063,0.0492957744661175,0.13760561864728,0.9892590009035848,-0.1272045887602909,-0.085431229084079,-0.1828041556157427,0.1903255382348395,-0.2845809492078156,0.0962654017103066,-0.4999993037446267,-0.0038813074775058,0.0044145845478269,0.1639118059926578,0.0332391437458038,0.1667068724821081,-0.1004360422307339,-0.1598285497080773,0.3370187571529686,-0.6241427754195252,-0.4867653612295222,-0.0180458910469303,0.0290931792983827,-0.486438816683588,0.5811690575299955,-0.6518829382930823,-0.0261993244148574,0.0
2.03970548533504,0.1738566150897308,0.8253666153698932,-0.0014710087462734,0.0496849532590264,0.1429402800193642,0.9884823305962036,-0.1177991597640188,-0.0818482036287229,-0.1886703350592111,0.1957058857623964,-0.2921197381891171,0.0934133069039222,-0.505278995372784,-0.0079630828559622,-0.0062773093760138,0.1593089349745868,0.0481932001453204,0.1693058264723342,-0.0996503885176794,-0.1303224797307877,0.3342255871356818,-0.6298691198444518,-0.4736931777764271,-0.0128847103523771,0.0302884256593764,-0.4753894611042217,0.5782969891944141,-0.6308286524993583,-0.0348284633275344,0.0
2.054637490489136,0.1736203387223142,0.8247892864987088,-0.0023445191817238,0.0520740556891126,0.1467444233721045,0.9878000152678086,-0.1031933279421507,-0.074611981400088,-0.194353707512666,0.1951464636884244,-0.2996764546539226,0.0906889990732178,-0.5131881906281274,-0.0143835232305886,-0.0160430014543357,0.1503241168840602,0.0599714457267518,0.1719758648046138,-0.0979247116855408,-0.0996109347561636,0.3318265823600563,-0.6223824028877951,-0.4539301602753783,0.003962948120108,0.0374360040364068,-0.4663298975569697,0.574953593003479,-0.6051236955409388,-0.0473263587614259,0.0
2.068601956094525,0.1734056671322914,0.8239556084253408,-0.0028127838613776,0.0534665380560612,0.1495989126824985,0.9872960968622654,-0.0881371779271019,-0.0680629355608204,-0.1960716550555041,0.1962784172646041,-0.3068574293769944,0.0864385121599199,-0.5217177919466162,-0.0220869708086227,-0.0325816752001195,0.1415745795654944,0.0624070500219157,0.1740709279705794,-0.0965260902968797,-0.0700866647315778,0.3303103657152674,-0.6143273839782794,-0.4446386365713259,0.0171395723067024,0.0433431640999125,-0.4599510217578708,0.5658966249203674,-0.5852663333954872,-0.0539053816614274,0.0
2.0828311662285985,0.1718763342987433,0.8232108476751927,-0.0033466129028658,0.0540690479008442,0.154436062767309,0.9865165182388516,-0.0717273128752328,-0.0591315460503229,-0.2019393089324163,0.1965224017610066,-0.3118192253182515,0.0827261848541757,-0.5302953302204372,-0.0303081084266979,-0.0433189048797959,0.1352871999048085,0.0617065059209136,0.1738405015656511,-0.0982542245692262,-0.0453710184944822,0.3324814984209759,-0.6014740106553598,-0.431781662019801,0.0289184624858262,0.0515906892794362,-0.4551770049063025,0.5590440692420532,-0.5653168799031251,-0.0584087198674515,0.0
2.0971772785531173,0.1713772676887408,0.8223787036453227,-0.0040634056599745,0.0551585503041189,0.160352443367082,0.9855090648842336,-0.0531507638081302,-0.0502851655675323,-0.2077392174191265,0.1907898966575865,-0.3134242798166654,0.078014457700762,-0.5374233507856963,-0.0408012657741082,-0.065276583292985,0.125433337465889,0.0627956400920428,0.175722807121688,-0.1019253377330475,-0.0288310139493687,0.3338409887359063,-0.5881536928482833,-0.4250991638079429,0.0310687819472848,0.0602244414897283,-0.4516068086656253,0.552847788604921,-0.5550748039117426,-0.0641751783104349,0.0
2.113371099159947,0.1718115626212843,0.8216293528216962,-0.0054919352584067,0.0568588740874047,0.1684533977914317,0.9840530269539096,-0.0349488158713357,-0.0403672683120639,-0.2171417619878688,0.1869671072178479,-0.3134364446252302,0.0743122718563253,-0.5412775067954589,-0.0511370302465295,-0.0735895673943592,0.1209761270207805,0.0568189664324775,0.1760456727314171,-0.1083021473004638,-0.019889998743537,0.3432777734972604,-0.5821243672122834,-0.4213835292060119,0.0362320018430476,0.0691309822620909,-0.4506981993174242,0.5540045916301103,-0.545574253434363,-0.0702769366422074,0.0
2.1309201377571028,0.1726396583400941,0.8208789707967974,-0.0055256851760421,0.0600591307132019,0.1750840758184082,0.9827043980852654,-0.0225535742596024,-0.0344571882792828,-0.2235788908420353,0.1932324981983548,-0.3080587869575287,0.0701848652303785,-0.5407725430604978,-0.0559136514105267,-0.0805856741089253,0.1261779993507604,0.0602546380513257,0.1720885216224825,-0.1147975775131117,-0.0179652728741458,0.352914180674403,-0.5705180462567573,-0.4281413410508559,0.0403944720760902,0.0753910602105521,-0.455134339058542,0.544108989122679,-0.5398438234284814,-0.0828084420547712,0.0
2.150439723662709,0.1719684563659883,0.8207526925027895,-0.0053677243154282,0.0622781460090493,0.1839898632857521,0.9809385048378104,-0.000508494119463,-0.0236090345880454,-0.2355713903617962,0.1871501503444942,-0.2909693940297594,0.064333442384832,-0.5297273828109949,-0.0601390045014186,-0.0791445271395633,0.1303757814809232,0.0618763846788563,0.1654089997527217,-0.1257296662728379,-0.0190423992107519,0.3614225094563221,-0.5618482965043292,-0.4317966472147475,0.0483923809313793,0.0766035304651532,-0.4559568121593856,0.5437959153920733,-0.5346120786988268,-0.0899849275806978,0.0
2.1686374045222063,0.1720867214001209,0.8212140618396537,-0.0053058213939831,0.0654911348098684,0.1900243827501958,0.979578222237029,0.0134206080634899,-0.0155167863246969,-0.2373209774087092,0.1913090613677338,-0.26997822825805,0.0518619670691619,-0.5210509034792346,-0.0624818405724595,-0.072486387205056,0.1436947416676254,0.0683468015515316,0.1619592370825449,-0.1334883763862717,-0.024286611736163,0.3727954952757472,-0.5560826618581192,-0.4456784854851537,0.0439454102163918,0.0754330922436249,-0.4600136569777222,0.5397535336125903,-0.535267095900992,-0.0945584206399221,0.0
2.186786700221896,0.1708572364569517,0.8221827786801363,-0.0036578782227547,0.0672124807239517,0.1963795098617557,0.9782147977148458,0.0315811991998247,-0.0078380236852999,-0.2373684832876757,0.1930145080671141,-0.240570645310059,0.03548268619631,-0.5055546701169387,-0.0613143599181715,-0.0732482828196452,0.1584491742327657,0.0716631364300431,0.1582516735418316,-0.1381381893587053,-0.0377493859262851,0.3765110116914195,-0.5459568791907822,-0.4566752310632797,0.0376014104647949,0.0761634816021044,-0.4645223401697445,0.5379782973603914,-0.5380517415737488,-0.1010966917358515,0.0
2.211341613587568,0.172272041049351,0.82350151442819,-0.0019810503856391,0.0711458039322441,0.2009526193749634,0.9770119726945752,0.0492650766694999,-0.0030285619906537,-0.2489181156459579,0.2041512323427003,-0.192853822285671,0.0174025634742841,-0.4820032486045434,-0.0599286949416769,-0.0757037994173117,0.1721166035953338,0.059715995837268,0.1517239442769111,-0.141562479543684,-0.055939358711527,0.3804029728304799,-0.5384292375055267,-0.4629211981594921,0.0307776516591471,0.0729554264761615,-0.4715380258164436,0.5449167045066788,-0.5380685498921033,-0.0986088852390112,0.0
2.2335756613981004,0.1680512713649086,0.8250919222130277,0.0020201756562184,0.0720204445977062,0.2020545273770796,0.9767205037351738,0.0681467076332472,0.0032223885295221,-0.2526759445066258,0.217549918363312,-0.1431655806780236,-0.0053726571268397,-0.4577208463140491,-0.0574447738595639,-0.0881665058704146,0.1908013456415657,0.0404278926092412,0.1407477341460694,-0.141106637696478,-0.0713634470646556,0.3833084019429081,-0.5218882195130097,-0.4682398889324848,0.0390966238462633,0.065872783762188,-0.4796489895688764,0.5503922793769763,-0.5409080978327976,-0.1015826416749627,0.0
2.259570055249432,0.1678907211889632,0.8269825346067082,0.0040858352193226,0.0727660732478841,0.2008322012602037,0.9769108615793072,0.0866970733711466,0.0075071314327866,-0.2664414504892299,0.2407229217988315,-0.0761731212572821,-0.0282565195964119,-0.4340056386368917,-0.0531605772896307,-0.0907731801924935,0.2151655559293887,0.0155026619873917,0.1285197270072675,-0.1388297316478545,-0.0853000384899107,0.3873816408428049,-0.4960820540742794,-0.473300157797933,0.0563537017779929,0.0560088593057239,-0.4854263441742732,0.5469213902151981,-0.5445994518925553,-0.1148559027582448,0.0
2.279478408765921,0.1672937970192696,0.8286616092327892,0.0080589048696835,0.0754073186423124,0.1988312406721256,0.9770951479156268,0.0905334249041247,0.005666436028662,-0.2723535678723181,0.2827326712619434,-0.0226619809241499,-0.0524443132240639,-0.4130088551868518,-0.0527275515504174,-0.090509569704852,0.2482959919639026,-0.0187561615689786,0.1086966683562358,-0.1327224782072688,-0.09497274028594,0.3893376093622133,-0.4820808151840969,-0.4918720132541305,0.0723380135528272,0.053572872784104,-0.4935265205723103,0.5302647696655682,-0.5615315432152128,-0.14406865401431,0.0
2.2996066033708136,0.1671817626658642,0.8298344738158476,0.0165839695062199,0.0742968566463707,0.1886290582505642,0.9790934722647218,0.0866239919483221,0.0057565823399084,-0.2295536607654464,0.356976223294451,0.0767806517906943,-0.0762434034628253,-0.3795983752066202,-0.0505291175861446,-0.0872946931721752,0.2945313019761029,-0.068666809479916,0.0776706039331901,-0.123680751643824,-0.1042703038242085,0.3883637459131747,-0.4633561219262351,-0.4945147593686524,0.067594447842564,0.0441853252778219,-0.5091633458183437,0.5149583000499395,-0.5699017373556743,-0.1452072087478017,0.0
2.3201909559509053,0.1668697975579206,0.8314218008058287,0.0253527110986631,0.0746260615315747,0.179751949243743,0.9805495539356014,0.0406414166664597,0.0105185529576014,-0.1652551882552403,0.4915997176703581,0.1279226117057295,-0.0477575144547861,-0.3378921257793523,-0.0430598356255583,-0.0561121002960632,0.3650515695899075,-0.1523532754153283,0.0249320814245591,-0.101592001151305,-0.1218683388187697,0.3802122113245067,-0.4332670730501148,-0.4926819765393659,0.0714786875806117,0.0439289419453638,-0.5311702217445171,0.485491857374024,-0.5927232827049289,-0.1666614624478464,0.0
2.3397559624693307,0.1657858496001116,0.8314018692154344,0.029368182788961,0.0789267465430802,0.1696427377126501,0.9819009217131606,-0.0220286647246399,0.0126846249061458,-0.0935936582091113,0.6036379095223209,0.0719494844979719,-0.0052984499111858,-0.3060669767888632,-0.028390030639398,-0.0283545684001892,0.4168104064052739,-0.2187689218781508,-0.0096517083158513,-0.0801540795387431,-0.130934865601085,0.3790460314221948,-0.3846240377493906,-0.4951029850531573,0.086035957722845,0.0417799860492548,-0.5436691101613702,0.4354089515785871,-0.5784490887162355,-0.1748508613355354,0.0
2.3489981949447816,0.164249029270031,0.8311772781218667,0.0327764162819771,0.0784305090217202,0.1579744102345169,0.9837776412896156,-0.0762147179690315,0.0191978165596961,-0.0395519625365947,0.6789139137061951,0.0107657684278714,0.0333893588430972,-0.2771840706072883,-0.024632106726718,-0.0275644502151827,0.4125560858578296,-0.2313809197535288,-0.0197480905842954,-0.0638350457670183,-0.1263708880741434,0.3851583370372446,-0.3317606389745531,-0.5003217820017567,0.0997099079881135,0.0480179260184737,-0.5463195910270118,0.3912690939805339,-0.557579197616117,-0.2036814620685019,0.0
2.3615532559375,0.1646773280706972,0.833739702124369,0.0330805565364868,0.0817232326950551,0.1474580624110682,0.985131011514244,-0.1301446022192239,0.0241233240880686,0.027755487937703,0.699022719675902,-0.0558033220890776,0.0812245293920615,-0.2547035144441142,-0.0182332395570461,-0.0199268364415452,0.3967198760939302,-0.210495055896302,-0.0115047180403803,-0.0481795158723829,-0.1006071869478033,0.3943327190214162,-0.3196611380603872,-0.5268773968492422,0.1047405463072958,0.0568703921742117,-0.5487901798618409,0.3711471554858506,-0.5482909820936915,-0.2140572331701855,0.0
2.332442094952016,0.1634757254259478,0.8370728614981772,0.0301183930316328,0.0797695586756757,0.1372867254396389,0.9868546270489597,-0.1494092160087898,0.0083880451043538,0.0637853901580071,0.6255506797651817,-0.0833157144620898,0.091656862647176,-0.2550749819116242,-0.0179782718448636,-0.0319854641608496,0.3339178820022472,-0.164276075828272,0.0222969924552498,-0.0416038346959225,-0.095443765656946,0.3949770821667431,-0.3137578742683458,-0.5460578313234555,0.1041572255646481,0.074072814616167,-0.5518728792729454,0.3441900823194528,-0.5288118497417408,-0.2145916666227649,0.0
2.358642860585725,0.1622121378200368,0.8390811196555981,0.0237373097715074,0.0787122171115944,0.1282931980288535,0.9883227116391275,-0.1627473718109074,-0.0219130081516938,0.0983411922734299,0.4827483442463796,-0.1104444775740628,0.0869279693560504,-0.2321213071267682,-0.0110274397401299,-0.048934757249191,0.2795798127663975,0.0251007723489925,0.1073433188697448,-0.028119678124906,-0.0473719500061593,0.3877659901985003,-0.3167854035321726,-0.5333434048848537,0.0911838767663944,0.0833393243562504,-0.5471881740099456,0.3267661378429597,-0.5039631283469097,-0.1717130162309775,0.0
2.381274370979325,0.1596813720853165,0.840494344132749,0.0130488703166345,0.0817722677813511,0.1278426046603866,0.9883315696865108,-0.1638659125345292,-0.0403604150298279,0.1090843882354014,0.3167610804509306,-0.096346325981019,0.0561473858322929,-0.23292634564974,-0.0032332726621249,-0.0504214152602766,0.2362311960339992,0.1483642881943792,0.1612297023280179,-0.0268825056569578,-0.0174898350261499,0.3721316578784654,-0.3325500623606217,-0.5102064965554479,0.0947442617508308,0.0877800610798157,-0.5307010443803966,0.3041006444473682,-0.5038268648476624,-0.1611753346339481,0.0
2.402777194552048,0.1566422892992613,0.8406592091364622,0.0051099005795374,0.0770058450930174,0.1276955940744702,0.9888062621118175,-0.166586615623544,-0.045691093663404,0.0998987885173548,0.222209055145432,-0.0635577054782612,0.0255499136572272,-0.2432380742327363,-0.0048357307833935,-0.0755440387172171,0.20084485927713,0.1350022497664126,0.1456687536958129,-0.0189916586057714,-0.0012211498157638,0.3515273680239943,-0.3347503031867055,-0.463006672767064,0.115680696460836,0.0949809607705707,-0.5045826926013062,0.2825172311203032,-0.4715966903952692,-0.1932097490462056,0.0
2.424161019640358,0.1536313829727315,0.838253214458578,0.0026221638412309,0.0717515207596826,0.1340919183202839,0.9883644069707528,-0.1782113132051599,-0.0479712772116749,0.0551508723284973,0.179470041392301,-0.0683942826250635,0.0207370528538249,-0.2472953187995268,-0.0002820070109264,-0.0457961882103227,0.1711462801543036,0.0635791104039539,0.1239300792615591,-0.0134809764369368,0.0067522974042356,0.3467176064746806,-0.358229910729178,-0.4379213881206902,0.1075115888429472,0.0928531867157926,-0.4825455857922991,0.3017791024411512,-0.44984382296839,-0.1856781757654691,0.0
2.445592671215648,0.152007000751142,0.8332838589935698,0.0025492861836966,0.0699378045129045,0.1344951604313997,0.9884398092248204,-0.1805624418709591,-0.0486324579835671,0.0214854582914198,0.1625771132823568,-0.0962353839485396,0.0297432428079349,-0.2416245537836862,0.0090937161598096,-0.0153051160011999,0.1591134431689426,-0.0038921081853287,0.1033701413852061,-0.0094822746039282,0.0168160032966844,0.3160421423537578,-0.3980117273055429,-0.3893262268851869,0.092420778247771,0.0851626292380322,-0.4508260053734679,0.3325503874763773,-0.4238993459330912,-0.1858112035166164,0.0
2.466800757375168,0.1512288261824635,0.8289043003951313,0.0022349702876208,0.0676474111225189,0.1343949603527474,0.988613588470246,-0.1820084814679969,-0.0505344219044381,-0.0002995740107511,0.1608279690477325,-0.1157380526446076,0.0492245064584159,-0.2354394395253053,0.0173462699616324,0.0042578773233684,0.1650527975244549,-0.0621365988534595,0.0917231796426628,-0.0047110271937346,0.0218589768184963,0.2898684870750627,-0.4609263834398644,-0.3489108431831944,0.0772544076301126,0.0786337891775824,-0.4241505044437628,0.3618233421393827,-0.4034710230592379,-0.2001900526366816,0.0
2.4857280076694543,0.1346563573456466,0.8262552408787224,0.0043486422407025,0.065196451267265,0.1394658520634521,0.988068716315334,-0.1837521202633651,-0.0454113096521837,-7.242326558254582e-05,0.1587756802968254,-0.1352858482806896,0.0628532291487689,-0.2256015373014132,0.0304941299987253,-0.0017311444984022,0.1616232872168033,-0.1059692913232016,0.0912882983256787,0.0006956984319168,0.0229813269648052,0.2722200849480536,-0.4992233496761147,-0.3386424134613894,0.0646514618921109,0.0821543639396578,-0.4093486561150674,0.4010108740492524,-0.4161911238819311,-0.2012461217953841,0.0
2.484590838036904,0.1380033591029176,0.8245876007947673,0.0002090022340308,0.0634145598938879,0.1400504733969467,0.9881115396618044,-0.1941090680005519,-0.0511371818477958,-0.0349577079464182,0.1527690793680056,-0.1471507737110082,0.0587530525602055,-0.2305096529283109,0.0309365957089774,0.0059705045280713,0.158789050393568,-0.1251874726206206,0.0820804018409008,0.0125220027452673,0.018141430275408,0.2704357298053477,-0.5171012410045169,-0.3438753292910186,0.0663593828060357,0.0693430404388884,-0.4106923921675129,0.436226169793494,-0.4325125067217117,-0.1869211339264543,0.0
2.481972776303015,0.1316393565477817,0.8230874864965144,0.0006743596425762,0.0655628448952272,0.1495388660421502,0.9865795386846132,-0.2063428220286548,-0.0519254326938499,-0.0594216866758165,0.1508710992873508,-0.159082246354285,0.0505922197266312,-0.2445847259762972,0.0330111147482703,0.011471724937201,0.16002081113552,-0.1402118351285056,0.0742746647078328,0.0009824916992953,0.0244891311146695,0.2829616743581698,-0.5496809339995034,-0.3740917938637858,0.0400482021488189,0.0610413058578769,-0.4012085363384216,0.4765854054170378,-0.4578870490836342,-0.1800344100181767,0.0
2.4710875874773928,0.1288172453268989,0.8211019056008014,0.0007561666750982,0.0609940976010254,0.1578695934742354,0.9855741168101336,-0.2130935513138765,-0.0513750112844954,-0.0543990583535463,0.154528898783609,-0.1697127746232511,0.0335709622913384,-0.2516959150898755,0.0288597518872269,1.5795462792612264e-05,0.1574145210743513,-0.148674000343036,0.0690593755985917,-0.0127720661449364,0.0259921725240032,0.3136051793070231,-0.5813805127135218,-0.412556625291099,0.0202641679873501,0.0505575866060327,-0.4099150814054972,0.4828678637730546,-0.5055365326802618,-0.1921831740375879,0.0
2.4846917255372696,0.1117725796958949,0.8194607912533626,0.0035310185132555,0.0676184314991795,0.1539182872642176,0.9857608434480946,-0.211867029890845,-0.038695847862788,-0.0612385780372208,0.1681363901761978,-0.2036586707319613,0.0507676583323399,-0.2611921705128875,0.0418561758971526,0.0213922581618412,0.1610440685561734,-0.1789762505193483,0.0770980057167711,-0.0142973385093116,0.0282197427359711,0.3147754933270188,-0.5522211991564133,-0.4258548149969226,0.0200888783967498,0.0383352714639974,-0.4096355012770752,0.4804754153119436,-0.5108534278253697,-0.1691673369411193,0.0
2.499298812108693,0.0939551330413188,0.8192645623426399,0.0064956251327523,0.0654305513216731,0.1525255869779212,0.9861098291391868,-0.20591028825341,-0.0329720787466768,-0.0376804011316883,0.1853597898673608,-0.2120260537284385,0.0727290786265644,-0.2545317808514376,0.0514658445712575,0.0288666897869486,0.1619345717139504,-0.1854605478717831,0.0867765716190413,-0.0145514470240028,0.019056094099601,0.3096616640908495,-0.5595008762004299,-0.4330122467411957,0.0192339699946349,0.0341136029832916,-0.4286986955366081,0.4873807505365207,-0.5141479363096961,-0.1429262472530682,0.0
