-2.7589939,-3.3120458,0.83869475,-0.04591309,0.052758355,0.7648652,0.6403825,-0.22226527,-0.015323522,-0.0066675814,0.16640918,-0.019296858,-0.012612622,-0.17980324,-0.06433568,-0.29972377,0.2130945,-0.14164886,0.020744875,0.19399862,-0.07097681,0.23979631,-0.50613934,-0.5886032,-0.75423616,0.11625751,-0.38471538,0.43771443,-0.6113963,0.33668473,0.0
-2.7560487,-3.3139577,0.8386591,-0.048158884,0.05402031,0.76077706,0.6449658,-0.2316492,-0.008960437,0.0017585512,0.16993693,-0.018331785,-0.01629975,-0.1923606,-0.05772932,-0.28713173,0.21407281,-0.13847779,0.015132617,0.19009829,-0.072083354,0.22918504,-0.513801,-0.58193594,-0.73765767,0.113634154,-0.3789834,0.44345766,-0.6321864,0.34217072,-1.29594895e-08
-2.7532043,-3.3146317,0.8386309,-0.04885293,0.054232825,0.7564359,0.6499824,-0.23334037,-0.002177836,0.0126069635,0.17136632,-0.019854676,-0.020982865,-0.19832811,-0.05105885,-0.27359405,0.21419501,-0.13751915,0.010021355,0.18887132,-0.07417081,0.22504035,-0.5135667,-0.57568896,-0.7274036,0.101035595,-0.36873847,0.44802624,-0.6467248,0.3647178,-2.7057672e-08
-2.750611,-3.31385,0.8386446,-0.048433807,0.053736415,0.75372374,0.65319765,-0.22860327,0.0035065236,0.01983658,0.16935684,-0.022434525,-0.026294183,-0.19628456,-0.04513168,-0.26462102,0.21145743,-0.13927543,0.0058799866,0.18842714,-0.0747497,0.22881901,-0.5187676,-0.57705235,-0.73134553,0.08927443,-0.36592066,0.45680824,-0.6648066,0.4062119,0.0
-2.7485228,-3.3154345,0.83862543,-0.049816664,0.05436841,0.7537363,0.6530268,-0.2346593,0.006725461,0.018357385,0.1687052,-0.019655183,-0.028530259,-0.20024064,-0.040905125,-0.2651771,0.20804414,-0.13647935,0.0025057294,0.18464823,-0.07735394,0.23326978,-0.53362614,-0.58012146,-0.7439857,0.07987079,-0.36326742,0.46578413,-0.67567956,0.44836766,-1.4017809e-08
-2.7468088,-3.315611,0.8385852,-0.050478205,0.05496866,0.75454324,0.6519931,-0.2366125,0.007758105,0.01455333,0.1673379,-0.01879471,-0.031013684,-0.20001298,-0.039148636,-0.2684238,0.20570785,-0.1372172,-2.5383371e-05,0.18189351,-0.079679966,0.23943844,-0.5425117,-0.5823605,-0.75867546,0.07932461,-0.36784,0.45803738,-0.67776,0.42778373,0.0
-2.7450917,-3.3144631,0.8385038,-0.049210984,0.05546071,0.7568933,0.6493188,-0.23555705,0.0073644063,0.008778241,0.16710673,-0.019822795,-0.0341953,-0.19596739,-0.03915802,-0.27348226,0.20477162,-0.14131644,-0.0019185054,0.18159549,-0.08025332,0.24523735,-0.5412584,-0.5871078,-0.76782805,0.084698655,-0.37856078,0.44206128,-0.68162584,0.3618768,0.0
-2.7434506,-3.316039,0.838176,-0.05062698,0.056877725,0.7599013,0.6455633,-0.2515599,0.0067248414,-0.0027666572,0.1789146,-0.018945603,-0.034960262,-0.20328516,-0.039430715,-0.28220284,0.20900205,-0.142825,-0.0035572872,0.18655704,-0.08286258,0.24265383,-0.5414586,-0.59137964,-0.7713205,0.08461613,-0.38135493,0.43562144,-0.6897508,0.3429826,7.4014784e-17
-2.74167,-3.3165822,0.83736336,-0.05265952,0.058729008,0.7649288,0.63926667,-0.2776922,0.0049408837,-0.022148991,0.20624429,-0.024804628,-0.036259145,-0.21275139,-0.041035544,-0.29505533,0.21947616,-0.14987446,-0.004655187,0.19296178,-0.08741661,0.2398693,-0.5457048,-0.59430313,-0.7710525,0.08347183,-0.3834241,0.43846762,-0.6950223,0.34720603,0.0
-2.7395422,-3.3163114,0.83592576,-0.055155016,0.06108466,0.77227706,0.6299324,-0.31556284,0.0007051735,-0.05058505,0.25091195,-0.035754852,-0.038351618,-0.2244514,-0.044360533,-0.31259853,0.236434,-0.16299242,-0.005663072,0.20224573,-0.09551739,0.23989622,-0.5488829,-0.59433395,-0.77158576,0.082542196,-0.38422403,0.44288248,-0.69730663,0.348783,0.0
-2.7372434,-3.3240585,0.83274126,-0.0665664,0.06538791,0.7842093,0.61344045,-0.41191864,-0.009813441,-0.10674372,0.33788761,-0.04051061,-0.03491918,-0.26937813,-0.04628215,-0.34426036,0.26668185,-0.170085,-0.0068275714,0.22022118,-0.119904704,0.22828847,-0.5587678,-0.59172124,-0.78319764,0.067463286,-0.35734206,0.44658703,-0.6908411,0.3551139,7.401461e-17
-2.7347422,-3.3272786,0.8283036,-0.07688669,0.068802744,0.80038315,0.59054345,-0.5169728,-0.02592533,-0.13219818,0.44986814,-0.036972653,-0.026028074,-0.30519044,-0.053226996,-0.38696545,0.30604193,-0.19543907,-0.007063156,0.23263495,-0.14297704,0.22855888,-0.56743956,-0.59722245,-0.80327624,0.060039647,-0.35258687,0.4544729,-0.68905014,0.35730386,9.109022e-09
-2.732074,-3.329778,0.82061344,-0.09066302,0.06877759,0.82450867,0.5542882,-0.645131,-0.011088628,-0.006671606,0.59358406,-0.028833361,0.008415919,-0.34118888,-0.06338479,-0.46082813,0.36232314,-0.23545147,-0.0045544375,0.22418542,-0.16212347,0.2401365,-0.55878234,-0.613442,-0.7967192,0.04767463,-0.34787077,0.464508,-0.68715775,0.3569102,-1.110223e-16
-2.7265103,-3.323698,0.8127898,-0.10365851,0.060237803,0.85462284,0.5052189,-0.68099076,0.09396233,0.3700714,0.66947436,-0.09069537,0.06930569,-0.33870393,-0.056937326,-0.5663586,0.40223405,-0.28508848,-0.0012758619,0.18053949,-0.15124524,0.29017174,-0.5292,-0.66438293,-0.77482307,0.02814515,-0.3550311,0.4832403,-0.68542826,0.3428048,0.0
-2.720661,-3.3187084,0.8096961,-0.11379908,0.046530243,0.8815005,0.45589665,-0.63276196,0.13455006,0.6352094,0.6265702,-0.18647437,0.14173488,-0.31156304,-0.033406474,-0.6808586,0.401148,-0.30329233,0.0013602528,0.12362579,-0.1190175,0.34025437,-0.5103421,-0.6905124,-0.78934276,-0.012279078,-0.33419907,0.49924573,-0.6609522,0.34456563,0.0
-2.729479,-3.3105388,0.81262356,-0.10437103,0.0382827,0.8931878,0.4357255,-0.56291634,0.10437115,0.6299648,0.5666236,-0.2083199,0.14238565,-0.25264394,-0.037708625,-0.7326493,0.38961133,-0.29936957,0.01828832,0.1209421,-0.078158155,0.33586782,-0.4962921,-0.6517408,-0.72389346,-0.028944364,-0.3294184,0.49195376,-0.6175601,0.35137573,0.0
-2.7415023,-3.3024392,0.81319535,-0.09394262,0.030811496,0.9019566,0.42035675,-0.5143837,0.09154699,0.61267596,0.5559646,-0.214023,0.13396046,-0.22565499,-0.07070851,-0.7582619,0.45157868,-0.27890372,0.030841805,0.14976953,-0.06568712,0.31353366,-0.5029295,-0.5984553,-0.64589745,-0.020265318,-0.3258631,0.46429014,-0.6072234,0.34140158,0.0
-2.756622,-3.2933981,0.80947304,-0.08106479,0.02897379,0.9131084,0.39852485,-0.47213274,0.06384379,0.5788225,0.56477743,-0.23649442,0.12617128,-0.24892226,-0.15863976,-0.7477828,0.62695503,-0.24330387,0.0092134625,0.18128914,-0.062352892,0.2990995,-0.52033675,-0.5964414,-0.61661834,0.025200164,-0.34975058,0.44626868,-0.6609826,0.33731538,-2.891091e-19
-2.7779264,-3.290409,0.79743147,-0.060548645,0.04680257,0.93136,0.35596624,-0.42965984,-0.033017773,0.5250453,0.5752316,-0.26795486,0.13510919,-0.3634809,-0.3440872,-0.6427033,0.94404674,-0.19915302,-0.091835156,0.17028926,-0.073660694,0.23795818,-0.5062771,-0.5926018,-0.6545405,0.12549989,-0.426942,0.354403,-0.7585306,0.33220148,0.0
-2.797866,-3.2845273,0.78870344,-0.039759565,0.05504071,0.95421964,0.29129806,-0.37915784,-0.11354847,0.43041015,0.58527124,-0.29079983,0.14535743,-0.47507071,-0.42956683,-0.43091822,1.1758872,-0.0776099,-0.14028199,0.11070038,-0.07359885,0.19581252,-0.4755379,-0.57961047,-0.71118975,0.17312409,-0.4522047,0.2556586,-0.7579955,0.30806035,0.0
-2.8029714,-3.2709594,0.78933054,-0.028763967,0.04940435,0.9754765,0.21254984,-0.35252097,-0.14292523,0.29205683,0.58876276,-0.28075653,0.14350782,-0.54148585,-0.3097741,-0.16747601,1.256048,-0.079530776,-0.082584575,0.042789984,-0.06423778,0.1941375,-0.4634375,-0.57633,-0.71899617,0.18032047,-0.44295657,0.23208243,-0.71223694,0.28152284,0.0
-2.8047433,-3.2568047,0.79290277,-0.027421353,0.040234346,0.9896949,0.13466005,-0.34940842,-0.1556778,0.14591222,0.5900783,-0.2625172,0.1363525,-0.5488712,-0.15961806,0.025240103,1.2080295,-0.16061108,-0.038900644,0.0033800341,-0.059764057,0.20462723,-0.4748523,-0.57597053,-0.7294594,0.18059589,-0.42713547,0.2502433,-0.6780057,0.29565135,3.7520658e-22
-2.8097095,-3.2463117,0.7987684,-0.026904883,0.03523609,0.9972986,0.058566708,-0.32742637,-0.1797665,0.009034333,0.5561591,-0.23445511,0.12831256,-0.49646336,-0.10710803,0.13144428,1.0259836,-0.24922588,-0.040973507,-0.022577703,-0.04725574,0.2228826,-0.4916248,-0.59511316,-0.74951327,0.20396161,-0.434662,0.28493768,-0.6841411,0.30263603,4.4152348e-10
-2.8109608,-3.2354822,0.8060789,-0.02854385,0.03257406,0.99890417,-0.017740276,-0.3087545,-0.2024323,-0.12809688,0.50818014,-0.18867531,0.11559196,-0.4152924,-0.10681282,0.18035883,0.750499,-0.30671182,-0.0036757835,-0.041410893,-0.032585405,0.24708366,-0.49839157,-0.62028724,-0.75336426,0.22486159,-0.4384352,0.30544373,-0.6947551,0.30199638,2.3128729e-18
-2.8074026,-3.2252889,0.8112669,-0.038742837,0.031723496,0.9965312,-0.06647047,-0.32339567,-0.21420422,-0.21947262,0.47567034,-0.14509167,0.10189332,-0.38129693,-0.112155326,0.1777074,0.6226721,-0.31755197,0.07434656,0.006962568,-0.03648639,0.26925892,-0.49561507,-0.6322561,-0.75177073,0.21527345,-0.4409345,0.3326268,-0.6920374,0.30285802,0.0
-2.7968087,-3.2118652,0.81591713,-0.05562539,0.027874254,0.9956361,-0.06955304,-0.36546353,-0.19660589,-0.24506152,0.44774652,-0.109492496,0.081832126,-0.41828644,-0.097293854,0.15142235,0.5859322,-0.2850037,0.06695879,0.13355093,-0.03865312,0.27082866,-0.48211116,-0.62476593,-0.74827266,0.17848782,-0.43920946,0.39309245,-0.6833389,0.318209,-3.7006307e-17
-2.7911415,-3.1949806,0.8228539,-0.06540664,0.017475907,0.99518,-0.07094612,-0.38322514,-0.15403636,-0.2685139,0.4103421,-0.080782086,0.05572607,-0.39771783,-0.055673923,0.13504265,0.49517855,-0.23823476,0.046426326,0.22336164,-0.010395471,0.27468988,-0.4511873,-0.6085366,-0.73124826,0.10397904,-0.4390019,0.47881186,-0.6719326,0.3688988,-4.132257e-09
-2.788348,-3.179119,0.8274505,-0.069414355,0.007578617,0.99433166,-0.080179736,-0.39351317,-0.116674654,-0.29776287,0.3869551,-0.06167729,0.030970255,-0.36368346,-0.02247618,0.10020338,0.41558656,-0.20071782,0.026409553,0.23226787,0.06610004,0.2952758,-0.43422106,-0.6120188,-0.7087732,0.008209548,-0.41148388,0.5058793,-0.67722154,0.44366664,-5.5077047e-17
-2.7934413,-3.1678207,0.8286736,-0.06664113,0.0010983237,0.99445,-0.08140677,-0.38854057,-0.08385146,-0.2994119,0.3905186,-0.074185856,0.014469124,-0.33289537,0.0033314787,0.07922066,0.38459238,-0.19604057,0.013628388,0.21772562,0.14590572,0.33197576,-0.4709635,-0.5864485,-0.7100125,-0.0470678,-0.397802,0.45349962,-0.7423423,0.40265146,0.0
-2.7913907,-3.1597576,0.8280144,-0.07105581,-0.0038142288,0.99541503,-0.06391772,-0.413491,-0.05584485,-0.27850717,0.4130333,-0.087065615,0.0011795429,-0.35441503,0.033804044,0.10636652,0.38806802,-0.18447863,0.0072132302,0.21808967,0.18675536,0.31486344,-0.5020683,-0.5272708,-0.775979,-0.09663995,-0.3705084,0.3913508,-0.8153313,0.33619893,0.0
-2.789459,-3.1555767,0.82647,-0.07485777,-0.007990095,0.99667484,-0.031175166,-0.43823028,-0.024271192,-0.23042269,0.45037735,-0.11160488,-0.006296965,-0.37878153,0.068279736,0.16349418,0.39595068,-0.17298973,0.0072141076,0.20927648,0.21495473,0.28198794,-0.5227833,-0.5013364,-0.824234,-0.14996384,-0.3449716,0.38546953,-0.8733493,0.32741764,0.0
-2.7909198,-3.1547337,0.8232131,-0.072912164,-0.01556209,0.9971294,0.0132161975,-0.4725839,0.01598176,-0.17558253,0.54333174,-0.13763665,-0.012619598,-0.38418984,0.11175984,0.23462495,0.40378487,-0.16698292,0.021168094,0.19040194,0.23962651,0.26542157,-0.53483176,-0.5112193,-0.8130443,-0.19868621,-0.32430577,0.4341424,-0.8948741,0.3685898,0.0
-2.7970767,-3.1572838,0.8185768,-0.061227564,-0.023360932,0.9948892,0.07681775,-0.5105872,0.04058854,-0.18439452,0.71120137,-0.13448824,-0.037197255,-0.36782205,0.15953806,0.33508432,0.42397776,-0.1742751,0.05600048,0.21957448,0.24179041,0.25904784,-0.42707592,-0.50690746,-0.7674717,-0.20217016,-0.31059015,0.4425791,-0.87841797,0.37473038,0.0
-2.8063545,-3.1596396,0.81392956,-0.04318348,-0.032563902,0.9828694,0.17618904,-0.43216336,-0.05466229,-0.43327582,0.83835113,-0.21152595,-0.19606012,-0.3307546,0.22902477,0.4974906,0.44463536,-0.17168789,0.08484999,0.2927771,0.25595638,0.3331317,-0.277322,-0.5365752,-0.6264548,-0.15624866,-0.2977913,0.4341529,-0.86256653,0.3668971,1.3651728e-14
-2.8045447,-3.1580648,0.8115469,-0.032460418,-0.045763344,0.95168436,0.3019089,-0.2255963,-0.101552084,-0.6363628,0.73083174,-0.2968072,-0.14269051,-0.29317313,0.32562238,0.70889115,0.43554345,-0.12208496,0.13068247,0.38507003,0.2897179,0.43585753,-0.16268355,-0.6051681,-0.5422226,-0.1108848,-0.29036516,0.42526174,-0.82527864,0.35891172,6.0421124e-10
-2.7982862,-3.1643333,0.812261,-0.0423745,-0.054013833,0.9134473,0.4011246,-0.1272035,-0.029794473,-0.5270358,0.5753262,-0.34598896,0.08736233,-0.28829086,0.38007957,0.8816442,0.37226462,-0.064229935,0.25106445,0.39110103,0.3244652,0.5206897,-0.10135743,-0.66523755,-0.45939502,-0.099114686,-0.3213346,0.42247623,-0.7756499,0.34556,0.0
-2.7885966,-3.1554687,0.8163314,-0.0668732,-0.050716046,0.88014036,0.46723527,-0.13097861,0.042434663,-0.38837412,0.5068391,-0.35124162,0.09110947,-0.3040188,0.395094,0.9601037,0.2535705,0.020935936,0.2618,0.26251966,0.3861596,0.6118273,-0.120487146,-0.6892583,-0.40531594,-0.1177395,-0.34940085,0.3899265,-0.70630115,0.36103162,0.0
-2.7850673,-3.2018385,0.8166671,-0.09387227,-0.026643453,0.8292289,0.55032504,-0.27117944,0.026778886,-0.22794268,0.5386855,-0.3202864,0.089752905,-0.42289156,0.31916022,0.7295398,0.12693569,0.02538047,0.21157897,0.19073673,0.4185475,0.67625546,-0.1423155,-0.71668273,-0.610683,-0.111390725,-0.3897035,0.24399605,-0.7168086,0.32521915,0.0
-2.7788534,-3.230929,0.81352854,-0.1154709,0.0020642213,0.7639122,0.63490194,-0.38924563,0.039630674,-0.06522182,0.58100295,-0.3216902,0.08436734,-0.5479189,0.2795295,0.27160987,0.121784635,-0.047275558,0.06151534,0.17677866,0.4021706,0.7033322,-0.13185447,-0.7069024,-0.8436644,-0.017548718,-0.49004436,0.1521389,-0.8472899,0.19619344,3.700512e-17
-2.7767167,-3.2422583,0.8134055,-0.10940084,0.017707786,0.6843034,0.7207266,-0.36256436,0.071332715,0.15856668,0.54746264,-0.32623515,0.07401058,-0.6051498,0.21898443,-0.1970807,0.2272494,-0.106058985,0.070914365,0.23998103,0.354243,0.71116316,-0.056873087,-0.6327024,-0.79261947,0.108948395,-0.62298423,0.09305746,-0.91393393,0.1842523,0.0
-2.7769184,-3.2571187,0.8116814,-0.09498205,0.038641214,0.6120705,0.7841269,-0.3463776,0.06656265,0.3476893,0.5205704,-0.3169304,0.07017572,-0.6479318,0.08300434,-0.5052588,0.39183956,-0.13227028,-0.040921837,0.2690144,0.26339963,0.6767415,0.019302342,-0.54364306,-0.55470365,0.18263248,-0.72500706,0.029072573,-0.8669119,0.25926098,0.0
-2.777123,-3.264115,0.8099146,-0.07266791,0.05151844,0.5669024,0.81895477,-0.29372576,0.027848389,0.4724238,0.45888463,-0.29866627,0.06814594,-0.6790123,-0.07033192,-0.536296,0.5877365,-0.1574732,-0.06783733,0.24101532,0.15617391,0.64867616,0.05930806,-0.49531776,-0.42231,0.20765546,-0.7730887,-0.037265345,-0.7116493,0.21751821,0.0
-2.771241,-3.2695484,0.80908304,-0.058547847,0.05403833,0.5359169,0.84050286,-0.25119033,0.016020568,0.5514771,0.41893265,-0.28856042,0.056535598,-0.66065043,-0.16782393,-0.49851564,0.6983283,-0.17284392,-0.07661085,0.18336403,0.05038698,0.6247399,0.103661984,-0.5124825,-0.44477284,0.19419795,-0.7507415,-0.085903704,-0.5506007,0.12959358,0.0
-2.7607732,-3.2723424,0.8102834,-0.048802655,0.054748576,0.5081729,0.8581266,-0.20591465,0.011686584,0.62006396,0.3741664,-0.27377334,0.034042865,-0.58639115,-0.22718233,-0.4971827,0.7125179,-0.16406578,-0.09333207,0.113493815,-0.022014119,0.59091216,0.12156808,-0.58189976,-0.45799324,0.20291877,-0.7028137,-0.08002186,-0.50058216,0.092531435,0.0
-2.7456248,-3.2725618,0.8133352,-0.04259914,0.051775355,0.492695,0.8676153,-0.17113441,0.025882201,0.6608353,0.36239395,-0.26560298,0.009515077,-0.4848121,-0.18860434,-0.41309607,0.6155039,-0.15972672,0.012653401,0.011255567,-0.06815747,0.56379485,0.09511431,-0.65918666,-0.46043462,0.24164334,-0.6309068,-0.027776618,-0.53300893,0.11584456,-6.3139853e-09
-2.7282352,-3.2711647,0.81950337,-0.04249255,0.04588737,0.47421116,0.8781871,-0.13995892,0.061984535,0.70555425,0.36697748,-0.2539911,-0.021348791,-0.39917094,-0.12138264,-0.39719766,0.49739134,-0.16346864,0.011767116,-0.08993603,-0.10207335,0.55576885,0.025303248,-0.72207844,-0.4808674,0.26632205,-0.5382395,0.077934556,-0.5614365,0.15523724,-1.4984293e-13
-2.7115889,-3.2691321,0.81931955,-0.036853082,0.039484203,0.44145542,0.8956562,-0.14202292,0.12726036,0.7438933,0.48168102,-0.22237092,-0.05798131,-0.37505782,-0.08601505,-0.34694257,0.48541054,-0.16423373,-0.0012913976,-0.17582545,-0.13149145,0.52240926,-0.053305477,-0.7318236,-0.50127405,0.2615608,-0.45075274,0.21217,-0.53996015,0.23744825,0.0
-2.6976404,-3.264068,0.81481695,-0.028603131,0.033719912,0.39182693,0.91897583,-0.16453846,0.20749003,0.7714608,0.6624133,-0.15013415,-0.08014706,-0.37677932,-0.05847717,-0.25367925,0.5129308,-0.18500108,-0.008702396,-0.23825197,-0.14592753,0.4852026,-0.1459052,-0.74798584,-0.5167179,0.2629544,-0.37666923,0.34805742,-0.5393757,0.3341502,0.0
-2.6797514,-3.2549703,0.81068283,-0.01764678,0.023696983,0.33083975,0.9432243,-0.21462797,0.29251328,0.7100061,0.88926333,-0.01914726,-0.009263275,-0.3545034,-0.027464055,-0.14450121,0.5306419,-0.21460639,-0.012915089,-0.2803961,-0.1460731,0.4572517,-0.26489213,-0.7708472,-0.5544713,0.28545374,-0.33212733,0.47463843,-0.5552706,0.36789382,0.0
-2.668862,-3.2428522,0.8106768,-0.004246959,0.010202221,0.2620702,0.96498555,-0.32600474,0.22918716,0.40347803,1.0477998,0.027418837,0.049510285,-0.32110715,-0.009284797,-0.020614631,0.5294637,-0.21874171,-0.010328922,-0.29701754,-0.16625334,0.39700097,-0.39376163,-0.763222,-0.63727087,0.31993896,-0.31390393,0.550554,-0.57991636,0.3722856,0.0
-2.6700678,-3.2233071,0.81478035,0.016732877,0.003351128,0.19925125,0.97979987,-0.35221803,0.023433704,0.0868839,0.9610851,-0.07212934,-0.028320454,-0.31089428,-0.03434901,0.11169472,0.5248762,-0.20790608,0.011758616,-0.29915556,-0.25095707,0.27896672,-0.53494227,-0.7135057,-0.71008694,0.34367055,-0.34338763,0.58931863,-0.60831213,0.36464208,-4.625435e-18
-2.6731257,-3.2020268,0.81885934,0.03920311,-0.003398165,0.14298482,0.9889423,-0.21252486,-0.04934182,-0.02051711,0.5591132,-0.0953513,-0.019860828,-0.30862176,-0.070355065,0.23995106,0.5226701,-0.19965906,0.039763715,-0.2803532,-0.3800415,0.08580697,-0.64652276,-0.61589575,-0.7834939,0.37946418,-0.40332642,0.5753056,-0.6697137,0.36957815,1.15111934e-10
-2.6837988,-3.1841488,0.8221847,0.043051206,-0.001732376,0.083245456,0.99559724,-0.09036511,-0.07681601,-0.026555039,0.33829138,-0.14399095,-0.020449352,-0.33273867,-0.06428006,0.37270752,0.4905874,-0.15554236,0.068347834,-0.24057816,-0.45326424,-0.061500207,-0.66420865,-0.5883087,-0.8307308,0.36774227,-0.4337039,0.563468,-0.7303631,0.369821,0.0
-2.6990538,-3.1655812,0.8244331,0.046467613,0.007204123,0.05305755,0.99748373,-0.062153615,-0.10807863,0.04118847,0.23716152,-0.12181939,0.0059700343,-0.37001967,-0.07970652,0.45284423,0.45206895,-0.10945971,0.09947806,-0.25350806,-0.49994117,-0.15689942,-0.67098486,-0.5897485,-0.7997098,0.31385565,-0.49472255,0.6201746,-0.75758535,0.56816006,0.0
-2.7184556,-3.145221,0.8273342,0.04881928,0.021085791,0.022018066,0.9983423,-0.075874224,-0.14302588,0.09496942,0.17029028,-0.07972347,0.034734424,-0.39587864,-0.10992649,0.51854795,0.3470045,-0.032932132,0.1292125,-0.25194788,-0.5251624,-0.19967131,-0.706515,-0.556846,-0.7475796,0.32762724,-0.5756051,0.6526858,-0.7861715,0.77240425,0.0
-2.7374344,-3.1386547,0.8289562,0.039816104,0.042272013,-0.034772087,0.9977067,-0.12130061,-0.12489944,0.18635806,0.13634703,-0.058226265,0.046566043,-0.46741515,-0.10990593,0.417516,0.26935387,0.001776248,0.010939968,-0.24415188,-0.47350857,-0.1109161,-0.6851578,-0.5360989,-0.76451844,0.34298036,-0.5352019,0.522794,-0.8402852,0.5710869,3.1562886e-09
-2.7526798,-3.137176,0.82823026,0.034267124,0.07042821,-0.101434514,0.99175435,-0.19584528,-0.09293233,0.29074752,0.14350729,-0.05539532,0.041275606,-0.60362583,-0.116079435,0.1919548,0.2947109,-0.058061242,-0.04519877,-0.14941317,-0.4158017,-0.023671538,-0.65395874,-0.48989654,-0.7908813,0.33275843,-0.512306,0.44098046,-0.8612324,0.30008543,1.4455764e-19
-2.7651074,-3.1333308,0.826025,0.035457317,0.09439039,-0.14441487,0.9843666,-0.28285846,-0.07092941,0.35701826,0.1908669,-0.066446245,0.040786494,-0.73534876,-0.15541463,-0.037801,0.38833165,-0.11990706,-0.014829111,-0.046233125,-0.36858335,0.03832323,-0.61135536,-0.41194195,-0.7761087,0.3116836,-0.5113264,0.39638358,-0.8244077,0.26699883,6.775643e-22
-2.7728388,-3.1317234,0.82477784,0.03306143,0.108341575,-0.15229319,0.9818227,-0.3465293,-0.050828047,0.36239627,0.2363631,-0.07732925,0.04428237,-0.785349,-0.1896251,-0.079310246,0.48515242,-0.1483813,-0.031378627,0.0145018045,-0.29010805,0.11699255,-0.58224136,-0.386575,-0.7967903,0.2857648,-0.48064935,0.41843152,-0.75792944,0.32441875,0.0
-2.774338,-3.1376934,0.82547426,0.022277573,0.109512135,-0.14070025,0.9837247,-0.36807323,-0.019952126,0.329957,0.26840276,-0.08840965,0.037616942,-0.71612483,-0.17257601,-0.0027993629,0.5196452,-0.15541203,-0.0033328172,0.044032596,-0.13965738,0.2515516,-0.5526,-0.47361523,-0.8112854,0.2550517,-0.43200648,0.5071262,-0.7040911,0.3207693,0.0
-2.7823615,-3.1460283,0.8252205,0.007124218,0.11310618,-0.12757343,0.9853331,-0.42017886,0.027591946,0.2878425,0.32629475,-0.095009126,0.03420067,-0.589823,-0.11791331,0.060491744,0.4549356,-0.057029035,0.082686454,0.065721184,0.030339053,0.4126746,-0.48623857,-0.5859595,-0.78193146,0.18481544,-0.35273626,0.58321565,-0.62153584,0.29792857,0.0
-2.782363,-3.1529639,0.8295867,-0.0037632044,0.10475263,-0.121508725,0.9870402,-0.3992228,0.05600705,0.27531874,0.3214482,-0.09021292,0.022534775,-0.43470836,-0.111846864,-0.072008766,0.29671553,-0.073412634,0.09236522,0.13022386,0.14677398,0.5365334,-0.41982067,-0.6327647,-0.78833663,0.16074723,-0.32012647,0.61395305,-0.5652346,0.39451766,4.6259575e-18
-2.7795503,-3.1623988,0.8326092,-0.0073585417,0.09243104,-0.11241853,0.9893252,-0.36090338,0.06828871,0.2630404,0.30735177,-0.08450392,0.0067681265,-0.36753228,-0.1056993,-0.11699997,0.2566003,-0.06286737,0.09018552,0.21031703,0.17409155,0.5894504,-0.35590702,-0.61908,-0.84187716,0.16540512,-0.33686557,0.6438559,-0.5444185,0.4929272,0.0
-2.7801056,-3.1724958,0.8325341,-0.008685519,0.0837557,-0.10149561,0.991266,-0.35565925,0.08219257,0.2440119,0.3272174,-0.08583184,-0.005995876,-0.3443734,-0.10209177,-0.14674485,0.27086204,-0.07327173,0.088985346,0.2638721,0.17868455,0.5689677,-0.25202423,-0.6191121,-0.84017015,0.17472126,-0.35448995,0.62936795,-0.5590321,0.5068745,2.2436351e-14
-2.777307,-3.182442,0.83202815,-0.009829445,0.07873952,-0.08572076,0.9931543,-0.3562503,0.09071799,0.2104039,0.34533748,-0.09088797,-0.01772627,-0.3170163,-0.09792009,-0.18088701,0.27674112,-0.09533532,0.08145291,0.27910054,0.1988498,0.5596584,-0.23889193,-0.66122687,-0.6661385,0.18075633,-0.41912544,0.6812159,-0.63903546,0.59297705,0.0
-2.7743464,-3.1914234,0.8313282,-0.008657424,0.0734477,-0.07295104,0.99458975,-0.34749743,0.09413934,0.18916805,0.35023654,-0.09269054,-0.028505579,-0.29665285,-0.09937726,-0.21066722,0.29008597,-0.116342485,0.07604584,0.29073822,0.18429005,0.5189308,-0.28624225,-0.6751823,-0.56733644,0.20559132,-0.4814046,0.7174853,-0.7290771,0.76095915,0.0
-2.7733688,-3.2002187,0.8308159,-0.005330342,0.06763609,-0.0611857,0.9958179,-0.3350775,0.092927806,0.17250876,0.3457871,-0.08851578,-0.03769447,-0.28423938,-0.10454507,-0.233498,0.31103376,-0.13612828,0.06959704,0.2778102,0.1291858,0.42636752,-0.35293502,-0.6531797,-0.63585144,0.21060836,-0.51220006,0.6812368,-0.7789123,0.78908247,0.0
-2.7713363,-3.2088337,0.8304863,-0.0009618522,0.061068743,-0.05374664,0.996685,-0.31373006,0.09092522,0.164671,0.33499625,-0.083382465,-0.048004083,-0.27008,-0.11009757,-0.24892962,0.32920983,-0.15490556,0.06289942,0.25042653,0.06470859,0.30838782,-0.4409135,-0.62504137,-0.70483035,0.19719973,-0.5252491,0.6323131,-0.8160124,0.73211956,-9.2528754e-18
-2.768118,-3.217079,0.8300145,0.003966088,0.054326784,-0.05159191,0.9971816,-0.28803274,0.08955659,0.16538659,0.32503524,-0.08064152,-0.058878705,-0.25704506,-0.1153353,-0.25507152,0.34716657,-0.17275159,0.05646344,0.24197194,-0.0018308779,0.2175508,-0.43083647,-0.54879785,-0.63312316,0.17842947,-0.5263744,0.6123823,-0.8235547,0.7302545,-1.2315771e-09
-2.7661602,-3.2226775,0.8298471,0.007226722,0.047827266,-0.053023856,0.99742115,-0.26410952,0.09046967,0.17440881,0.31687707,-0.07827968,-0.067478575,-0.24434797,-0.11814616,-0.25704825,0.35710654,-0.18445614,0.051533744,0.26981977,-0.033008024,0.18768565,-0.3424586,-0.47897372,-0.5923928,0.16073166,-0.50887364,0.56054324,-0.8012414,0.7344648,4.552077e-09
-2.7633967,-3.2266092,0.8300922,0.0069638193,0.044291917,-0.050329976,0.9977257,-0.250969,0.09597361,0.17580058,0.31322223,-0.07771048,-0.07328263,-0.22048602,-0.11241365,-0.26931238,0.34152645,-0.18457592,0.048807662,0.23396334,-0.009047931,0.2139103,-0.4032871,-0.5065906,-0.65767944,0.12320793,-0.4785303,0.52492964,-0.81028515,0.7211261,0.0
-2.7625475,-3.230541,0.8309228,0.0041333428,0.04238448,-0.047636922,0.9979566,-0.24249645,0.10641062,0.17416997,0.30474412,-0.06975028,-0.076855674,-0.18995786,-0.097094536,-0.28856248,0.30204538,-0.16714312,0.044669155,0.1825276,0.026169702,0.2582492,-0.46104074,-0.52891594,-0.7226647,0.07640367,-0.41572773,0.48798406,-0.7962421,0.5740794,0.0
-2.7553248,-3.2350187,0.83201736,0.0030776185,0.038368817,-0.050412703,0.9979865,-0.20671515,0.11275811,0.18455663,0.28072333,-0.06996423,-0.08711863,-0.14586191,-0.08288788,-0.29491833,0.2576513,-0.15991561,0.043231428,0.16079208,0.045503046,0.3064657,-0.47592756,-0.5195682,-0.7904146,0.05009906,-0.3837038,0.44755748,-0.7672831,0.36012894,0.0
-2.7501268,-3.2367089,0.8329133,0.0048455503,0.037200563,-0.055011958,0.99778074,-0.17595953,0.10945688,0.20310102,0.24990028,-0.06325734,-0.09213212,-0.121688366,-0.08009802,-0.2941391,0.22781068,-0.15227264,0.043917984,0.14801395,0.039845727,0.33663598,-0.4691797,-0.50612664,-0.83969116,0.035737243,-0.36707467,0.45302707,-0.74467784,0.3076189,-2.3490833e-18
-2.7454858,-3.238018,0.8337722,0.0069406903,0.03869769,-0.0601054,0.9974175,-0.15095177,0.10423863,0.22140422,0.21654825,-0.053427503,-0.096054465,-0.109732546,-0.07936311,-0.28922337,0.20653707,-0.14530249,0.04464947,0.13390535,0.034197927,0.36634412,-0.45752704,-0.54220665,-0.86114657,0.017449537,-0.35334408,0.48859,-0.71822405,0.36004373,0.0
-2.7407124,-3.239735,0.83427995,0.008403395,0.039982144,-0.066093594,0.9969767,-0.12719473,0.10115218,0.24083506,0.18743025,-0.044912245,-0.10056174,-0.10294208,-0.07826102,-0.2811244,0.19565398,-0.14231421,0.04475956,0.11755699,0.03503434,0.3921787,-0.4340879,-0.6093884,-0.8270575,0.0050402074,-0.33358324,0.51778215,-0.68236226,0.37499523,0.0
-2.736266,-3.2411737,0.83441025,0.008924103,0.03995479,-0.06980455,0.9967203,-0.10943082,0.100288756,0.25431168,0.17130502,-0.039705034,-0.10448279,-0.095731325,-0.07713049,-0.27633715,0.19089465,-0.14221121,0.04528877,0.09220786,0.031659655,0.4008273,-0.41495866,-0.6589428,-0.76871765,-0.006025237,-0.32380682,0.5131121,-0.6506123,0.30762422,0.0
-2.732612,-3.2419257,0.83435977,0.009294539,0.040426563,-0.07220098,0.9965272,-0.10271411,0.10019222,0.2622646,0.16855457,-0.039390482,-0.10690164,-0.09287801,-0.07742265,-0.27350956,0.1900908,-0.14290154,0.04652461,0.06582537,0.011674076,0.3894784,-0.42021692,-0.681666,-0.74442744,-0.013994129,-0.32865372,0.5162457,-0.64729977,0.33227983,0.0
-2.7292953,-3.2421381,0.8342224,0.010679264,0.041821577,-0.07538424,0.99622,-0.0992662,0.097930774,0.2688822,0.16848116,-0.04084506,-0.1082371,-0.09439744,-0.08062153,-0.26903632,0.19387345,-0.14515492,0.048339553,0.036745824,-0.022348303,0.36545905,-0.4546505,-0.6837206,-0.7480667,-0.011535209,-0.33685556,0.5128712,-0.65413404,0.37369555,1.5244939e-21
-2.7263227,-3.2418098,0.8339933,0.01202082,0.04209478,-0.07765422,0.9960188,-0.092942014,0.09394409,0.27621686,0.16603608,-0.04236248,-0.10871276,-0.0959685,-0.08553133,-0.2640971,0.20049535,-0.14900902,0.050661743,0.008166301,-0.05843322,0.33143872,-0.5024915,-0.6833865,-0.7509136,-0.0048933867,-0.3442286,0.50241894,-0.65692514,0.35718793,0.0
-2.7237246,-3.2409177,0.8337486,0.013695101,0.04179916,-0.08116529,0.9957296,-0.08647026,0.0891909,0.28517956,0.16496329,-0.044493955,-0.10825159,-0.09843283,-0.091674656,-0.25798774,0.20901962,-0.15333858,0.05336208,-0.0065852106,-0.096452,0.28303674,-0.5503938,-0.67445695,-0.761734,0.0050616367,-0.35525182,0.50320876,-0.6620343,0.34856084,3.727612e-09
-2.721561,-3.2397983,0.83349025,0.015489237,0.041483443,-0.085029274,0.99539405,-0.08297355,0.08438937,0.29453617,0.16854094,-0.046653125,-0.107360445,-0.103418835,-0.09884085,-0.24998581,0.22017859,-0.15829553,0.056052584,-0.0141025055,-0.12695733,0.23211256,-0.59542084,-0.66157204,-0.7602105,0.016278302,-0.363194,0.5150301,-0.6688171,0.3548653,-7.1639414e-09
-2.7198946,-3.2386775,0.8332238,0.017157614,0.041549727,-0.08829177,0.9950798,-0.08549674,0.08114783,0.30124655,0.17930186,-0.049235046,-0.10643454,-0.11028427,-0.10559347,-0.24235122,0.23217466,-0.16329592,0.058343977,-0.021566696,-0.14184564,0.1935752,-0.64220035,-0.64919925,-0.75009286,0.024197184,-0.35934836,0.523543,-0.6686671,0.3462614,-4.082386e-09
-2.7189336,-3.238035,0.83301556,0.017627707,0.041717216,-0.089913644,0.99491936,-0.09322372,0.08161518,0.3042243,0.19410092,-0.051616486,-0.1060655,-0.11771391,-0.108956344,-0.23691645,0.24202448,-0.16691881,0.059547596,-0.02658123,-0.14479414,0.18361527,-0.6639602,-0.6373947,-0.73472345,0.025060605,-0.35344398,0.5065442,-0.6638932,0.33584595,-1.7182722e-09
-2.718751,-3.2390049,0.83279,0.01806162,0.044140898,-0.090617925,0.9947431,-0.10425866,0.0849156,0.30225727,0.20710602,-0.053544898,-0.10734304,-0.12618276,-0.10880486,-0.23518807,0.25029823,-0.1700779,0.058541525,-0.032395035,-0.14391734,0.20338853,-0.6512534,-0.6358727,-0.7126314,0.02664397,-0.35095128,0.49008542,-0.6615183,0.330456,0.0
-2.7185771,-3.2409673,0.83257544,0.017707067,0.04648163,-0.09044356,0.9946587,-0.11516207,0.090440884,0.29869065,0.21658169,-0.054388147,-0.10967784,-0.13410753,-0.105250314,-0.234793,0.25571224,-0.17326689,0.056094155,-0.023297938,-0.13758984,0.22875069,-0.6431628,-0.6284923,-0.7400005,0.03262538,-0.35716993,0.49327654,-0.66576964,0.32205856,0.0
-2.7187676,-3.243256,0.83240604,0.016398074,0.04983885,-0.08897801,0.9946508,-0.12749436,0.097639084,0.29249936,0.22497047,-0.055378847,-0.11106139,-0.1402962,-0.09906475,-0.23690002,0.25705552,-0.17549959,0.053024787,-0.006918858,-0.12521288,0.24789008,-0.63009816,-0.6096226,-0.7610378,0.036795788,-0.36256573,0.4937503,-0.66892314,0.323919,4.60063e-09
-2.7200086,-3.2455237,0.832175,0.014746302,0.05290983,-0.08524416,0.994845,-0.14813063,0.10689114,0.27962407,0.24246281,-0.05610581,-0.11199055,-0.14674518,-0.092322424,-0.24366611,0.25858915,-0.17762172,0.049827874,0.019158268,-0.111416616,0.25996587,-0.5895652,-0.5904941,-0.74453104,0.03899166,-0.3617357,0.48937917,-0.66661644,0.33248216,4.485621e-14
-2.7232053,-3.2477996,0.8315425,0.013106597,0.05750834,-0.07657247,0.9953179,-0.19227678,0.11810088,0.25151834,0.28356534,-0.05623902,-0.11156619,-0.16004774,-0.086802125,-0.25799978,0.2657202,-0.18131226,0.046229854,0.05328484,-0.10306298,0.2722247,-0.5316832,-0.5876506,-0.6927932,0.04231556,-0.35343522,0.4782864,-0.66480124,0.3500728,0.0
-2.7283616,-3.2493355,0.8293925,0.010322723,0.06578454,-0.056611452,0.9961732,-0.28316528,0.13126782,0.20499362,0.37252134,-0.060316835,-0.100486085,-0.18528122,-0.08347717,-0.2887045,0.28507662,-0.19071677,0.04335891,0.082702175,-0.11070395,0.28824893,-0.51048803,-0.60362613,-0.6860041,0.046549372,-0.3456417,0.47254264,-0.66356826,0.35020152,0.0
-2.7362995,-3.2488723,0.8231403,0.0028625666,0.07867307,-0.017933398,0.99673504,-0.45095727,0.15252961,0.17462897,0.54709756,-0.060567454,-0.06030186,-0.22986986,-0.08454041,-0.35110784,0.33406094,-0.21456146,0.04393988,0.10100378,-0.13347672,0.29432487,-0.5149823,-0.6254211,-0.72899157,0.05216807,-0.330553,0.47051355,-0.6641804,0.33465832,-2.5800612e-10
-2.7367706,-3.2503152,0.81343365,-0.0075780894,0.08965743,0.04885449,0.9947449,-0.5830761,0.21562386,0.36462927,0.7182363,-0.06757543,0.0050821337,-0.2453888,-0.092182554,-0.46482125,0.39027485,-0.2660116,0.051550545,0.08267102,-0.14969364,0.32109684,-0.5225003,-0.6707489,-0.7499558,0.07069807,-0.34832367,0.46109578,-0.6786067,0.27493745,-1.7534618e-09
-2.7411928,-3.2584376,0.803995,-0.031537417,0.103675686,0.14236249,0.98386467,-0.6177175,0.30392218,0.75022554,0.7793822,-0.15025505,0.09256196,-0.2531406,-0.07113588,-0.6387292,0.42783856,-0.3053723,0.055307433,0.008945368,-0.15561496,0.38163054,-0.53124416,-0.7282463,-0.7940906,0.044580486,-0.30984354,0.42876714,-0.6438639,0.13750774,0.0
-2.743562,-3.2619417,0.80444324,-0.048481997,0.1064414,0.22450559,0.967428,-0.5711166,0.25846928,0.9466703,0.67250866,-0.24921235,0.16308759,-0.22195558,-0.05115165,-0.7987804,0.41433027,-0.30264768,0.0662171,-0.05012507,-0.14275385,0.43114495,-0.50314635,-0.74867266,-0.7776766,0.012503682,-0.2845775,0.3766193,-0.5840117,0.083799586,1.0207194e-08
-2.7358408,-3.2464404,0.8094461,-0.0428037,0.09634075,0.25604725,0.96089864,-0.51016426,0.18444651,0.9035491,0.596364,-0.2390931,0.15335143,-0.18033348,-0.09669401,-0.84549046,0.44900864,-0.2625425,0.088700436,0.018922092,-0.13621849,0.4119174,-0.4549276,-0.7274152,-0.7144077,0.045775566,-0.33694443,0.3355353,-0.5663168,0.16096708,0.0
-2.7281208,-3.2311738,0.8128048,-0.03691241,0.09168678,0.30293187,0.94787306,-0.46259862,0.09928836,0.84619707,0.5159757,-0.21742275,0.1500145,-0.20010121,-0.19868106,-0.874149,0.6112472,-0.1751304,0.041484855,0.07619125,-0.13901494,0.40163225,-0.40047058,-0.7210988,-0.6863573,0.103066765,-0.385024,0.31965092,-0.590471,0.24855053,0.0
-2.7250597,-3.206397,0.806453,-0.01203046,0.09345905,0.36565492,0.9259683,-0.40187174,-0.048341446,0.76815075,0.43502447,-0.21151012,0.15905029,-0.30098128,-0.409447,-0.80059665,0.920837,-0.10387827,-0.11210873,0.11490363,-0.14764288,0.35493842,-0.37418032,-0.7186164,-0.68346316,0.2238019,-0.5022936,0.30830398,-0.69192725,0.27530092,-1.110223e-16
-2.7245934,-3.1803598,0.7915311,0.016773537,0.09114826,0.4602012,0.882964,-0.34947613,-0.18643618,0.617388,0.4309103,-0.23694077,0.18178779,-0.4594111,-0.55207705,-0.5351932,1.2004957,-0.010587266,-0.11189314,0.07771654,-0.15153708,0.30789477,-0.37126023,-0.69769466,-0.68122554,0.3345601,-0.6088393,0.276521,-0.75465375,0.28778535,7.401578e-17
-2.7113233,-3.1726315,0.78950214,0.018696312,0.077111594,0.5554653,0.82774544,-0.32473096,-0.21458411,0.43032038,0.46431726,-0.23625112,0.18725888,-0.545395,-0.42577875,-0.25198933,1.2708292,-0.065524496,-0.060430773,0.03572623,-0.1299149,0.3341633,-0.37239972,-0.7010268,-0.6834619,0.3546199,-0.6156512,0.2782268,-0.7347865,0.30167198,-7.4018034e-17
-2.6997163,-3.1628501,0.79132426,0.009495472,0.06356532,0.6316998,0.77254426,-0.31262538,-0.21653827,0.26012528,0.49352312,-0.23602614,0.18626612,-0.54557633,-0.32542145,-0.12517153,1.2049026,-0.13750912,-0.040177017,0.037612867,-0.10521001,0.37165752,-0.36046943,-0.6993626,-0.6863264,0.33634216,-0.5959532,0.29794067,-0.7135788,0.3431824,-2.632573e-13
-2.68965,-3.1520886,0.79781973,-0.0005462984,0.050365914,0.7005778,0.71179616,-0.28551817,-0.21834822,0.089129925,0.48307183,-0.21779984,0.17969057,-0.48905855,-0.26625127,-0.06427733,1.0137074,-0.23504022,-0.075253345,0.04780545,-0.072118334,0.407627,-0.34261072,-0.70541495,-0.6943161,0.31523192,-0.57898474,0.30292705,-0.7301338,0.35930297,0.0
-2.6829996,-3.1406364,0.8061092,-0.005432388,0.03641301,0.7665826,0.64108956,-0.23588023,-0.22368714,-0.08887956,0.44383508,-0.18465346,0.17394012,-0.38360327,-0.19517386,0.055434376,0.7402743,-0.30006915,-0.07982,0.04340986,-0.01209506,0.4584513,-0.33017957,-0.7321892,-0.69551754,0.30703247,-0.56848353,0.28441474,-0.7635578,0.33924168,-2.0250248e-08
-2.6831377,-3.1285112,0.8142836,-0.0008073356,0.022851964,0.82748455,0.56102276,-0.15706861,-0.2331128,-0.26654455,0.38092098,-0.14144424,0.17303573,-0.22929052,-0.139315,0.2772286,0.47413108,-0.2860843,0.04363622,0.034701336,0.07259727,0.50425076,-0.29794642,-0.75754726,-0.68883073,0.3193029,-0.57171005,0.26351365,-0.79045403,0.30298722,0.0
-2.6773915,-3.1269774,0.8163831,-0.0064088125,0.024253331,0.85844,0.51230025,-0.17166154,-0.24219361,-0.37480366,0.38859636,-0.11980279,0.16274583,-0.21138349,-0.124050334,0.36321056,0.45240283,-0.24289498,0.11801207,0.10728483,0.10080416,0.512658,-0.26011977,-0.73003817,-0.6872656,0.29442438,-0.58651114,0.2560565,-0.78130543,0.2955824,1.8069706e-20
-2.662362,-3.1274767,0.8205832,-0.021678794,0.025851171,0.86528546,0.5001428,-0.21239859,-0.21637322,-0.41312027,0.38632837,-0.104804136,0.13611513,-0.22920078,-0.10783336,0.29965395,0.4177966,-0.22132605,0.118241474,0.2500407,0.12709153,0.5166371,-0.2149604,-0.6877623,-0.64811456,0.24041587,-0.5976871,0.26488242,-0.7584386,0.3176433,0.0
-2.64636,-3.125874,0.82595134,-0.033186615,0.023194727,0.87299645,0.4860431,-0.23132965,-0.18118103,-0.45452246,0.36329523,-0.08622956,0.10627859,-0.18576829,-0.09280484,0.20379223,0.3137427,-0.20604156,0.09156514,0.36824095,0.16748196,0.52947634,-0.19563137,-0.6454539,-0.59860027,0.18158367,-0.6017165,0.27559152,-0.74585396,0.34460956,0.0
-2.6307,-3.1212685,0.8298747,-0.038421407,0.018255578,0.88573474,0.46223855,-0.23756045,-0.15259705,-0.5137672,0.34585568,-0.07055783,0.0776857,-0.13597162,-0.06993364,0.13906993,0.23151064,-0.17313734,0.07216453,0.43800503,0.22976997,0.5485647,-0.194167,-0.6156467,-0.6035267,0.123728916,-0.5773262,0.26150358,-0.74942863,0.35208473,-4.6393314e-10
-2.6121752,-3.1183755,0.83172226,-0.046305377,0.015496598,0.89516675,0.44304875,-0.26879665,-0.12803468,-0.5627223,0.34953302,-0.060145326,0.045925774,-0.13289396,-0.040346768,0.09076601,0.19911575,-0.15034378,0.054138675,0.5104197,0.275578,0.5401601,-0.19014566,-0.5856736,-0.61984396,0.06794049,-0.5421074,0.23799434,-0.77172625,0.33637035,0.0
-2.5934227,-3.116683,0.83270353,-0.055983733,0.016752377,0.9098113,0.41088763,-0.30838564,-0.119113706,-0.6400817,0.34414914,-0.041375443,0.010962804,-0.13822652,-0.018732829,0.026668223,0.17270872,-0.1374719,0.033693183,0.5620968,0.29540753,0.50902283,-0.21902518,-0.5682574,-0.63333505,0.0401928,-0.5280934,0.22052176,-0.8282668,0.32215634,0.0
-2.5733788,-3.116704,0.8324951,-0.06840927,0.021150973,0.92878765,0.36362952,-0.35668802,-0.12303643,-0.7464762,0.3213978,-0.01609696,-0.03532968,-0.16243929,-0.0062593287,-0.058747284,0.16388029,-0.13451025,0.015511812,0.58050954,0.29648829,0.46017617,-0.27513564,-0.5840777,-0.67201686,0.02062049,-0.5142332,0.21386445,-0.8701831,0.32093433,0.0
-2.5516005,-3.118684,0.8319267,-0.084858164,0.025839154,0.9450027,0.31480378,-0.4160567,-0.12013245,-0.83940625,0.27526063,0.0143028535,-0.117621675,-0.2168819,0.0013548274,-0.14418122,0.1810738,-0.13808618,-0.00040391105,0.602675,0.2831246,0.38884404,-0.3232113,-0.6127752,-0.7396672,-0.004882685,-0.50478685,0.23215723,-0.87153417,0.31194994,0.0
-2.5300791,-3.1190076,0.83136284,-0.10025601,0.02975445,0.9604297,0.25814387,-0.48885843,-0.08788428,-0.7624915,0.21366729,0.04178097,-0.12098061,-0.27288836,-0.0004556974,-0.24405454,0.2093268,-0.15092209,-0.017708072,0.60223085,0.27898932,0.329804,-0.3776689,-0.65206057,-0.76405555,-0.031936895,-0.49917662,0.28718624,-0.84220856,0.30064946,-1.5204538e-13
-2.5148454,-3.1198149,0.83242387,-0.11097549,0.032516446,0.9744232,0.19268268,-0.6105896,0.009234662,-0.20933974,0.27093175,-0.084773034,0.055642366,-0.30133975,-0.017870309,-0.3607887,0.22060427,-0.15780297,-0.021556685,0.5647094,0.27297485,0.28935525,-0.4131137,-0.6642112,-0.74702924,-0.06762686,-0.47995597,0.37889844,-0.79004467,0.31483757,0.0
-2.5015023,-3.12053,0.82631993,-0.12371314,0.018054418,0.9849577,0.11927894,-0.75983673,0.15491489,0.22509417,0.47197407,-0.18001482,0.041405313,-0.3355345,-0.016386379,-0.49608403,0.26492202,-0.17664453,-0.020537525,0.49561134,0.24629891,0.27914554,-0.3941862,-0.64349324,-0.7494481,-0.13396724,-0.4081231,0.4566744,-0.7332128,0.36845917,0.0
-2.4921246,-3.1135547,0.8149428,-0.12842326,-0.011769144,0.98963463,0.06318456,-0.89478797,0.3249644,0.35391554,0.7434189,-0.23514691,0.076212354,-0.34565237,0.022657106,-0.61180395,0.31346926,-0.20842087,-0.02966529,0.43983042,0.2197582,0.32948676,-0.35106552,-0.6221766,-0.72360265,-0.20124313,-0.2961816,0.51416934,-0.69382775,0.4005616,2.1164191e-23
-2.4935822,-3.111516,0.80929255,-0.12110479,-0.025860837,0.9915615,0.038350254,-0.8928218,0.3706257,0.30800873,0.8620049,-0.23402828,0.05301324,-0.32481495,0.034862842,-0.6618732,0.33876574,-0.23024453,-0.026365127,0.44537163,0.18160222,0.36501834,-0.3336388,-0.57743853,-0.7108742,-0.19482693,-0.25450245,0.5760069,-0.6902305,0.37092623,-1.8576673e-17
-2.4979823,-3.1159086,0.80837125,-0.111796826,-0.02884636,0.99306685,0.022081861,-0.7797265,0.31939223,0.26485765,0.814819,-0.15906617,-0.026964955,-0.29778686,0.021346787,-0.69192845,0.35204628,-0.24085234,-0.013095312,0.45319957,0.12783247,0.3750043,-0.32496023,-0.534414,-0.7226979,-0.15702538,-0.2564519,0.59431076,-0.66708374,0.3348452,-6.3311667e-09
-2.5016096,-3.1246579,0.8163016,-0.10390976,-0.016576618,0.99443847,0.0044869166,-0.5910716,0.1940875,0.24397476,0.5923133,-0.15026577,-0.04142183,-0.25999138,-0.016861971,-0.7257248,0.32228243,-0.22526811,0.004413715,0.44066107,0.060928635,0.33462843,-0.30637947,-0.50454515,-0.7731618,-0.094800845,-0.31195477,0.5487858,-0.6356524,0.34364003,0.0
-2.508031,-3.1411881,0.8296808,-0.09682013,0.004389814,0.99528146,0.0046248254,-0.42466864,0.09533222,0.31927454,0.3661895,-0.074362725,-0.02222455,-0.22130197,-0.07146509,-0.72781724,0.27138746,-0.17844309,0.02860834,0.43152326,-0.0058897296,0.2701764,-0.29181427,-0.48204434,-0.7529416,-0.013908831,-0.41305906,0.4776922,-0.6286362,0.3800254,5.3302203e-09
-2.5110936,-3.1556382,0.8336469,-0.093978696,0.009187794,0.9955243,-0.0038792463,-0.3666325,0.048576217,0.33812368,0.2784666,-0.037269212,-0.005178225,-0.21832205,-0.11371569,-0.7403473,0.29109943,-0.15835498,0.045999236,0.38743708,-0.07220388,0.24014711,-0.27118036,-0.49207133,-0.72957957,0.016347546,-0.44788814,0.39944044,-0.61548567,0.4036147,-8.162636e-09
-2.5143898,-3.169924,0.8331956,-0.0937519,0.011645023,0.9955154,-0.0049125776,-0.3481692,0.020753596,0.34914395,0.25855288,-0.037471775,0.008637074,-0.24149765,-0.16262159,-0.73137873,0.3524887,-0.15981498,0.060393542,0.34942368,-0.12462278,0.22228977,-0.25661102,-0.53874063,-0.72502774,0.045599982,-0.46111307,0.32712525,-0.6422184,0.3688984,0.0
-2.5193946,-3.1836882,0.83113265,-0.09366998,0.012954071,0.9954931,-0.0071844407,-0.34503156,0.0005398811,0.35069442,0.27065384,-0.055904,0.02260003,-0.2789406,-0.21734834,-0.7046316,0.441431,-0.15049443,0.06788069,0.31527844,-0.1738597,0.20673952,-0.25610486,-0.565073,-0.7110037,0.06962838,-0.47558784,0.27764305,-0.6688317,0.30182987,-3.7005966e-17
-2.5247846,-3.1952074,0.8282332,-0.09303078,0.012837031,0.99547064,-0.014788172,-0.3484488,-0.014598708,0.33778846,0.29452473,-0.079396755,0.034472305,-0.32648367,-0.2727871,-0.67803246,0.55039865,-0.12923066,0.04950726,0.269938,-0.21757865,0.18164079,-0.26195252,-0.56384873,-0.7103886,0.06937654,-0.47163856,0.23199165,-0.66129607,0.29305878,0.0
-2.5319276,-3.2061286,0.82480973,-0.09181613,0.013083826,0.99549484,-0.019715324,-0.3420546,-0.030064214,0.32910118,0.30974323,-0.10567265,0.044217844,-0.39332965,-0.32983696,-0.63601977,0.6801584,-0.103140526,-0.036211513,0.225565,-0.23982003,0.16529858,-0.29366013,-0.57609993,-0.7251677,0.058026385,-0.45413452,0.2161567,-0.6480613,0.30728045,-8.4703295e-22
-2.539169,-3.2154875,0.8209758,-0.09137127,0.018480888,0.9953761,-0.023155704,-0.3253527,-0.057193466,0.32601756,0.30463493,-0.12245827,0.05173143,-0.48121092,-0.36432472,-0.53527135,0.7941383,-0.13281819,-0.14265561,0.18119344,-0.23922637,0.17787766,-0.38511476,-0.6234956,-0.7271904,0.06360221,-0.466628,0.28223303,-0.69047,0.3077504,0.0
-2.5441003,-3.2206612,0.81827533,-0.089180835,0.025278445,0.9950166,-0.036739927,-0.30894363,-0.08634759,0.3061577,0.2945257,-0.12345665,0.05901312,-0.5401883,-0.27709913,-0.2963264,0.7724799,-0.22327398,-0.05479787,0.13112652,-0.23411691,0.19004919,-0.49624217,-0.64679873,-0.7447433,0.07966778,-0.48409057,0.37834388,-0.76309603,0.34928426,-1.8504394e-17
-2.5472407,-3.2249355,0.8206927,-0.089904144,0.023192694,0.99464875,-0.04531284,-0.30094737,-0.09401033,0.28946844,0.2807889,-0.11885919,0.06648122,-0.49237594,-0.17961696,-0.16132946,0.5927742,-0.22758073,0.042617545,0.111981146,-0.2356454,0.2052243,-0.59055984,-0.6356631,-0.7789984,0.07022046,-0.4758085,0.45542756,-0.80888075,0.41348633,0.0
-2.5527606,-3.2257438,0.82616425,-0.085375585,0.015643395,0.99522537,-0.044641126,-0.26672968,-0.081726044,0.2937556,0.24516562,-0.10618864,0.0631007,-0.39387715,-0.15088183,-0.2056857,0.46850288,-0.22098318,0.046448387,0.12846106,-0.21843171,0.2215869,-0.6287242,-0.6116051,-0.8232089,0.06340255,-0.45108813,0.5095108,-0.8201976,0.44018066,0.0
-2.5567539,-3.2224932,0.8312695,-0.075516365,0.004697337,0.9959412,-0.048747785,-0.23373008,-0.054492213,0.2912174,0.22523883,-0.09168744,0.05640085,-0.29855648,-0.11373577,-0.25093013,0.35862106,-0.17597552,0.04974123,0.14219953,-0.17868975,0.22163552,-0.5650263,-0.5574496,-0.82666016,0.023577869,-0.3861093,0.5125557,-0.7486426,0.41211557,0.0
-2.5599778,-3.2195866,0.8337778,-0.06755738,-0.0038590184,0.9966227,-0.046523325,-0.21290262,-0.028488232,0.29803267,0.22466148,-0.09298917,0.04829127,-0.22853583,-0.08029971,-0.27614588,0.27310783,-0.14370465,0.05020545,0.18409008,-0.12383605,0.20098057,-0.43612736,-0.5191101,-0.76491755,-0.010738637,-0.34524974,0.4825762,-0.68472207,0.40871623,0.0
-2.5644064,-3.2184,0.8347367,-0.0637472,-0.0072344705,0.9968775,-0.046035785,-0.19067411,-0.019908154,0.3025255,0.21002942,-0.094731525,0.043029133,-0.17434412,-0.060385734,-0.2931402,0.2022371,-0.12544683,0.05135867,0.21086578,-0.07938157,0.21603286,-0.40532357,-0.5151106,-0.6693282,-0.0029905601,-0.35548094,0.4794367,-0.69186544,0.3685505,-4.171962e-09
-2.5673304,-3.2174778,0.83507144,-0.0613201,-0.008838829,0.99689364,-0.048629854,-0.17787197,-0.016082868,0.30035406,0.20191407,-0.09407081,0.040295966,-0.14424472,-0.050526537,-0.30771405,0.16706477,-0.114392996,0.05151421,0.23131895,-0.052945767,0.24017331,-0.40296263,-0.5036739,-0.65329075,0.008898218,-0.3674341,0.4822426,-0.695466,0.3527252,-3.632408e-09
-2.5690465,-3.215019,0.83486116,-0.06074048,-0.0097890515,0.99655724,-0.055574715,-0.18151686,-0.010483935,0.28847206,0.21061413,-0.09623244,0.037349705,-0.14322186,-0.04800443,-0.32069835,0.17766692,-0.11971817,0.048953608,0.23784037,-0.037331045,0.25964543,-0.40256467,-0.49745667,-0.6869154,0.015153357,-0.3735615,0.4902162,-0.69164085,0.3616393,-5.5455247e-17
-2.5695963,-3.2123125,0.83471876,-0.062215924,-0.010167378,0.9959962,-0.06338392,-0.19111589,-0.0071311938,0.27322182,0.21783,-0.09598743,0.035003208,-0.14748561,-0.046625853,-0.33389547,0.18699601,-0.12659734,0.045983683,0.23340833,-0.0273472,0.27496648,-0.4115751,-0.5178609,-0.710713,0.013931239,-0.37557703,0.49702656,-0.69257164,0.36530596,0.0
-2.5700064,-3.2101495,0.8348203,-0.06327657,-0.00991606,0.99556416,-0.068919346,-0.19496268,-0.006646421,0.26199442,0.2171841,-0.09302037,0.033022314,-0.14517647,-0.044740543,-0.34465337,0.1834862,-0.12814344,0.043884918,0.23404181,-0.024680559,0.28193402,-0.41451097,-0.53966045,-0.71799624,0.014242077,-0.37468153,0.49764177,-0.6957698,0.36171517,0.0
-2.570317,-3.2085137,0.8348871,-0.063961044,-0.008933353,0.99528986,-0.07230054,-0.19665542,-0.007887545,0.25530824,0.21572468,-0.09040613,0.031480853,-0.14375629,-0.044905942,-0.35101667,0.18138838,-0.12954165,0.042447317,0.23783834,-0.031892195,0.27654603,-0.4126152,-0.54655635,-0.7152618,0.013525203,-0.36963388,0.5020535,-0.69526625,0.36546776,0.0
-2.570181,-3.2067025,0.8349367,-0.064953126,-0.0076190047,0.99512553,-0.07381235,-0.19942948,-0.009573173,0.25182247,0.21435586,-0.087835886,0.029988933,-0.14948362,-0.047246017,-0.35270226,0.18806522,-0.13262144,0.040335357,0.23794623,-0.04730495,0.26154763,-0.42224905,-0.5488249,-0.7193978,0.006625902,-0.36322802,0.51605266,-0.6926884,0.3688319,0.0
-2.5701437,-3.2043936,0.83499575,-0.06627984,-0.006149656,0.9949267,-0.07543229,-0.20233852,-0.011164334,0.24828088,0.21199003,-0.084758215,0.028074004,-0.15545082,-0.049103193,-0.35390857,0.19408682,-0.13591003,0.03756266,0.21934891,-0.062234536,0.251928,-0.4647686,-0.55988806,-0.71746147,-0.0061740046,-0.35633683,0.533484,-0.6964072,0.37112585,0.0
-2.5703988,-3.2022727,0.8350357,-0.06784462,-0.003603536,0.9947441,-0.07660557,-0.20324355,-0.013946116,0.2467155,0.20809409,-0.08170986,0.026191413,-0.15995444,-0.051561844,-0.3530902,0.19809103,-0.13907905,0.035004646,0.18687932,-0.07416896,0.25189105,-0.5461498,-0.59101933,-0.73508793,-0.020879216,-0.34899884,0.5574466,-0.70301825,0.37259898,-5.5455247e-17
-2.5705194,-3.2005184,0.83505315,-0.06781639,-0.0015303692,0.9948873,-0.07481923,-0.2007902,-0.016045488,0.24919009,0.20477137,-0.0790028,0.024235062,-0.16277935,-0.053818524,-0.34845832,0.20234334,-0.14204352,0.03270279,0.16969837,-0.086443156,0.24769467,-0.60194045,-0.61458474,-0.7744228,-0.031431694,-0.34025833,0.5751522,-0.702169,0.37279558,0.0
-2.5701914,-3.1989052,0.8350353,-0.067699246,0.0005377276,0.9951208,-0.071771726,-0.20007963,-0.017535264,0.2539691,0.20480263,-0.0775597,0.02209851,-0.16733278,-0.056370296,-0.34150317,0.20803156,-0.1451042,0.030302284,0.16913013,-0.099087104,0.2417875,-0.6008253,-0.6061257,-0.8120153,-0.03472151,-0.33277342,0.5760852,-0.69492304,0.37034395,0.0
-2.569355,-3.197413,0.8348832,-0.069217205,0.0024633552,0.9950738,-0.0709301,-0.20907064,-0.018751284,0.25414926,0.2134719,-0.077775225,0.020659566,-0.17674677,-0.05981459,-0.33695832,0.21618989,-0.14899255,0.02813109,0.16538888,-0.10310174,0.24449672,-0.5909417,-0.59427,-0.78744423,-0.033410758,-0.327757,0.57115096,-0.6867659,0.3689695,0.0
-2.5671167,-3.195079,0.8343509,-0.07336509,0.0043236343,0.99428904,-0.07738355,-0.2386628,-0.019477569,0.24091738,0.24055651,-0.079082064,0.021555498,-0.19360933,-0.06505019,-0.34355035,0.2291364,-0.1551732,0.0256693,0.14176401,-0.10608353,0.25936276,-0.590947,-0.5995469,-0.78159213,-0.035580467,-0.3170156,0.53864455,-0.663556,0.35329324,-5.551115e-17
-2.563288,-3.1926894,0.83314085,-0.080795,0.00534547,0.9926839,-0.08956774,-0.29603088,-0.019556705,0.21361195,0.29543242,-0.07799733,0.025380032,-0.2212667,-0.07248067,-0.3590979,0.24893025,-0.16366893,0.023694199,0.12837477,-0.11057987,0.2704888,-0.5776775,-0.61429226,-0.7887827,-0.0392513,-0.32189086,0.4960193,-0.6315848,0.3240813,0.0
-2.5575802,-3.1905363,0.83116555,-0.09338637,0.0057916534,0.9897641,-0.10776191,-0.38529944,-0.02386023,0.17098852,0.37540728,-0.06626274,0.026037473,-0.26676604,-0.08504619,-0.3807971,0.28019702,-0.17572194,0.022395264,0.12703232,-0.1226789,0.28017917,-0.5680873,-0.6347928,-0.7847769,-0.037120804,-0.34415156,0.46460834,-0.6180591,0.33295038,0.0
-2.5506337,-3.1889887,0.82778895,-0.11089491,0.0059693954,0.98499614,-0.13209566,-0.51022685,-0.038451146,0.11814837,0.48625374,-0.023882229,0.029460087,-0.32820317,-0.105693504,-0.40742794,0.323717,-0.19592574,0.02272015,0.14208984,-0.14428785,0.28609997,-0.576771,-0.66571933,-0.7927927,-0.014229259,-0.38723105,0.4423271,-0.64242554,0.3400264,0.0
-2.5386493,-3.1870224,0.82062685,-0.13287741,0.0011094197,0.9770938,-0.16622284,-0.69093734,-0.060572747,0.055253737,0.6462923,0.05792538,0.017702673,-0.41725874,-0.13358957,-0.44826037,0.39778215,-0.22581297,0.022962395,0.15775444,-0.18062414,0.2828892,-0.60016465,-0.6958504,-0.8691919,0.008104612,-0.41665298,0.42081043,-0.6709257,0.3350541,0.0
-2.5351667,-3.1869931,0.81453836,-0.14415307,-0.0032861598,0.9675845,-0.20733915,-0.8235205,-0.041101936,0.105788484,0.7861807,0.07887883,-0.13763668,-0.45124885,-0.16325493,-0.5058172,0.44962412,-0.26207653,0.030680947,0.15373741,-0.19868419,0.29429385,-0.5870137,-0.7247791,-0.9793424,0.04690285,-0.4738598,0.42762575,-0.7076514,0.33279285,-4.0423375e-13
-2.5366752,-3.1731253,0.80894506,-0.15316656,-0.023019632,0.9539757,-0.2567889,-0.84736013,0.16349941,0.50922716,0.82787836,-0.069778405,0.026189925,-0.46008682,-0.14173657,-0.60693026,0.47150093,-0.29526985,0.019850058,0.12287106,-0.18290578,0.34397942,-0.54620206,-0.77209026,-0.9776311,0.04406492,-0.48110208,0.4581647,-0.72023344,0.34933615,0.0
-2.535461,-3.160759,0.8037532,-0.15331866,-0.056682047,0.9335658,-0.31896,-0.7450562,0.2804191,0.95619273,0.71697617,-0.13187364,0.17017168,-0.44438362,-0.094322264,-0.7452891,0.46909153,-0.30472246,0.012569269,0.046885006,-0.12957792,0.4353013,-0.49515355,-0.79713404,-0.9320413,-0.037875485,-0.38196003,0.47527507,-0.65341705,0.3747163,-2.3131481e-18
-2.540087,-3.1602144,0.8069777,-0.14206173,-0.066990346,0.9202891,-0.35832787,-0.672842,0.21382345,1.0125971,0.5712617,-0.19995357,0.19499166,-0.3819312,-0.0699839,-0.83942515,0.42907706,-0.29756296,0.01740567,0.010296437,-0.08735615,0.45368165,-0.47398394,-0.7559757,-0.84447557,-0.08430704,-0.32311356,0.4607362,-0.60449773,0.35604376,0.0
-2.547622,-3.173748,0.81282663,-0.12588422,-0.061848205,0.9104197,-0.3891837,-0.60354865,0.15836263,0.98015344,0.50072855,-0.17716515,0.18588513,-0.2968241,-0.0799606,-0.9082892,0.39937913,-0.2794504,0.045626618,0.018686647,-0.09708079,0.4018923,-0.47828007,-0.64077544,-0.77918327,-0.073680244,-0.31454825,0.4071504,-0.5777619,0.3147336,0.0
-2.5544157,-3.1874201,0.8153498,-0.113732405,-0.05855338,0.90011364,-0.41645154,-0.55381334,0.12182941,0.944391,0.4635834,-0.16673495,0.17371435,-0.25718853,-0.12079796,-0.94530284,0.45632324,-0.2491298,0.05968294,0.051427245,-0.119740844,0.35385573,-0.47126198,-0.5834512,-0.81083983,-0.05404889,-0.29676798,0.3531568,-0.5656082,0.30367732,0.0
-2.5607605,-3.2034163,0.8154831,-0.105487116,-0.054805797,0.8875528,-0.44510543,-0.51240015,0.08279433,0.899942,0.4367152,-0.16761339,0.16323477,-0.26828003,-0.20938429,-0.9450181,0.6152658,-0.19487949,0.008700009,0.11087722,-0.13056637,0.33142304,-0.48383257,-0.61778194,-0.82365596,-0.033078227,-0.32905963,0.38184816,-0.59401417,0.28162065,0.0
-2.564949,-3.225184,0.80907714,-0.09910996,-0.04111023,0.86421794,-0.49154308,-0.4712118,0.017817061,0.823456,0.43997592,-0.1905402,0.15651758,-0.33742142,-0.37217364,-0.8791639,0.88901865,-0.120053306,-0.1589129,0.1535954,-0.14409575,0.2803741,-0.49816313,-0.62964344,-0.7655343,0.01640114,-0.40528947,0.40815854,-0.64928436,0.3118908,-7.343573e-17
-2.5615153,-3.2506924,0.7960974,-0.100693606,-0.014254005,0.81813204,-0.56596607,-0.4268427,-0.108101055,0.7009192,0.44428134,-0.22191425,0.16744266,-0.48261815,-0.53569055,-0.6482568,1.1610198,-0.0033622002,-0.16518208,0.13424519,-0.17752577,0.18859482,-0.5135797,-0.5955187,-0.7517643,0.116507396,-0.5268092,0.35589913,-0.7444157,0.2912817,7.2280586e-20
-2.5732992,-3.258252,0.792577,-0.09253411,-0.0016453211,0.7486914,-0.6564267,-0.39774832,-0.17765681,0.5165725,0.44440565,-0.20657043,0.17550313,-0.6283511,-0.43131667,-0.28259414,1.2683803,-0.0054317974,-0.0694334,0.06171518,-0.1936735,0.14530584,-0.5265787,-0.5711801,-0.7530534,0.18662873,-0.58630645,0.3227896,-0.81221473,0.29923812,-5.8285794e-09
-2.5882397,-3.2645388,0.79492974,-0.08210441,-0.012426525,0.69044816,-0.7185999,-0.41127795,-0.17775093,0.35743207,0.47077683,-0.19518244,0.17245382,-0.67805815,-0.30748284,-0.10698235,1.2347566,-0.09914741,-0.020595888,0.051336944,-0.17938974,0.15975137,-0.525577,-0.5838463,-0.75953245,0.19899774,-0.5996417,0.33234355,-0.83798945,0.3162138,0.0
-2.5994282,-3.2737122,0.79711306,-0.07349335,-0.023201915,0.62849855,-0.7739832,-0.4268563,-0.18872353,0.19990528,0.4958802,-0.18906742,0.1648627,-0.6893081,-0.25762352,-0.0032797528,1.1264074,-0.19728062,-0.039907396,0.02720331,-0.13809824,0.20192647,-0.52151483,-0.61523545,-0.74030924,0.2067737,-0.6159872,0.34004763,-0.86469126,0.32407433,1.9222892e-08
-2.6135266,-3.2743578,0.7986397,-0.066426076,-0.03987211,0.55190694,-0.8302991,-0.47376707,-0.2119204,0.019894825,0.5229346,-0.15679507,0.16125903,-0.6787736,-0.19563717,0.12915559,0.9335109,-0.23570906,-0.056982107,-0.019191379,-0.09863836,0.24817614,-0.53184396,-0.6248336,-0.7398607,0.18622917,-0.5887096,0.3385584,-0.86885434,0.33320582,0.0
-2.619036,-3.2845848,0.8046741,-0.053509727,-0.03418826,0.46751428,-0.8817019,-0.4196824,-0.25275058,-0.15418097,0.4884596,-0.11984891,0.15011434,-0.51426,-0.14677443,0.36631012,0.724683,-0.21872813,0.07712141,-0.07395057,-0.03744479,0.2961728,-0.5425704,-0.6223829,-0.7567452,0.18670937,-0.57115513,0.34636897,-0.8340212,0.32263467,0.0
-2.6214392,-3.2939153,0.80587035,-0.050571576,-0.02152465,0.40955466,-0.9106285,-0.37221238,-0.28775865,-0.25680062,0.47559953,-0.10507823,0.13958508,-0.37606263,-0.17260489,0.41872165,0.6395727,-0.26661605,0.13633218,-0.058925465,0.0035816196,0.32454973,-0.5401855,-0.61303914,-0.77946126,0.21117046,-0.58546,0.3494624,-0.8195381,0.32500547,-7.401532e-17
-2.6356964,-3.2921798,0.8071368,-0.055216428,-0.029329816,0.39021212,-0.9185997,-0.40193334,-0.29217115,-0.2991946,0.4678475,-0.0793623,0.11853604,-0.3764264,-0.19528542,0.33330297,0.59963,-0.29946923,0.14892624,0.05065012,0.011073115,0.33672252,-0.5131595,-0.6177005,-0.7923507,0.20217866,-0.5754859,0.35979405,-0.81352067,0.32241514,-1.110223e-16
-2.6566777,-3.2912984,0.8104745,-0.056133624,-0.046552755,0.38750353,-0.9189793,-0.4545342,-0.26422003,-0.3217563,0.45737818,-0.05758128,0.082459986,-0.40316594,-0.17935939,0.27224198,0.55318856,-0.31359482,0.13802922,0.17599353,0.03663577,0.3601105,-0.46255195,-0.65301394,-0.75641036,0.16001818,-0.5456222,0.3799964,-0.81347454,0.33533484,0.0
-2.6799338,-3.2946959,0.81400675,-0.050229765,-0.06514949,0.3731717,-0.9241079,-0.5081171,-0.22966418,-0.3770428,0.45618325,-0.042092666,0.029585619,-0.42949295,-0.13065584,0.24470326,0.53075004,-0.29200816,0.11520447,0.24180548,0.0885723,0.40261787,-0.41416627,-0.6888622,-0.69863045,0.073651314,-0.48585355,0.4164759,-0.79901874,0.34264255,2.0811313e-09
-2.7030468,-3.3026774,0.81670195,-0.04368227,-0.07695613,0.35669023,-0.9300224,-0.5415881,-0.19211611,-0.4271707,0.4444812,-0.034922235,-0.036348015,-0.4431566,-0.088813744,0.20032243,0.5190007,-0.279166,0.08782086,0.26926336,0.16178548,0.44142723,-0.39407417,-0.6976009,-0.656341,-0.00900908,-0.42785954,0.45232293,-0.8035477,0.3468272,-3.025754e-09
-2.7312336,-3.3113942,0.8189225,-0.03468325,-0.092732966,0.3357028,-0.9367504,-0.5861863,-0.14774843,-0.49306816,0.4190597,-0.016031263,-0.11528914,-0.46339276,-0.037866376,0.1449202,0.49837932,-0.25884724,0.05315517,0.28127992,0.19962934,0.46958,-0.42149013,-0.67301214,-0.6888509,-0.09320582,-0.35609385,0.4590121,-0.81631035,0.35538876,-3.895467e-09
-2.7609057,-3.3180406,0.82155854,-0.030136371,-0.113029756,0.306668,-0.9446009,-0.6348115,-0.11385584,-0.5620129,0.36084828,0.002664081,-0.16227373,-0.49797136,0.00060265843,0.08369681,0.4683891,-0.22801405,0.019721698,0.2870416,0.18592194,0.45388514,-0.4499754,-0.64387333,-0.80961204,-0.15050325,-0.29680285,0.43315652,-0.8327699,0.3527416,0.0
-2.7890863,-3.3197868,0.82417405,-0.03317615,-0.13829324,0.26943004,-0.95246094,-0.70780647,-0.087579705,-0.5421968,0.30472735,-0.02317064,-0.13292222,-0.5577835,0.014166171,0.023507243,0.44229272,-0.19390726,-0.0035161339,0.28715983,0.1434744,0.39439362,-0.42671862,-0.6469014,-0.88331217,-0.18197496,-0.28490657,0.41619158,-0.84450316,0.3422236,-2.2414246e-09
-2.8057382,-3.32045,0.8280385,-0.03602929,-0.15177129,0.2342933,-0.95956975,-0.7731979,-0.028395008,-0.2634395,0.31631792,-0.10001141,-0.037844926,-0.57608175,0.0040854653,-0.03959417,0.4032821,-0.16840437,-0.016956601,0.28868365,0.15461406,0.3460405,-0.32733512,-0.7243583,-0.83117056,-0.17004795,-0.30725348,0.4166299,-0.8198372,0.3415442,0.0
-2.8177109,-3.3178625,0.8262951,-0.030074488,-0.16422814,0.19309069,-0.9668716,-0.86473274,0.03839414,0.032479778,0.48499784,-0.14182797,-0.0023092204,-0.5966736,-0.005520732,-0.11752921,0.39416707,-0.15721004,-0.018022932,0.2625264,0.16561961,0.34705383,-0.25980085,-0.7958096,-0.7189798,-0.16801848,-0.30640757,0.4284187,-0.75094837,0.34780738,-6.9874856e-10
-2.8267453,-3.3164566,0.82184535,-0.019424023,-0.17168336,0.1626565,-0.9714373,-0.8990402,0.078300096,0.11723518,0.6603425,-0.15706202,0.012062529,-0.6098581,-0.0027893463,-0.17756577,0.3995146,-0.15582372,-0.02023292,0.2438113,0.1483765,0.35849848,-0.2340793,-0.7796472,-0.69251657,-0.16258474,-0.2987467,0.43836144,-0.66449285,0.34624103,-3.0514895e-09
-2.8303628,-3.316934,0.81861,-0.0075726626,-0.17085065,0.14352702,-0.9747578,-0.8316524,0.064808875,0.07676755,0.70663285,-0.107345745,-0.016147466,-0.58607394,0.008374065,-0.2228537,0.3795299,-0.15354818,-0.021189824,0.21891311,0.13169232,0.38295767,-0.25091448,-0.71962345,-0.71863437,-0.130354,-0.29014254,0.43421203,-0.6063066,0.34539288,0.0
-2.835113,-3.315586,0.8239176,-0.004733536,-0.17292199,0.120340064,-0.97754484,-0.7078155,0.023536494,0.059576206,0.5422874,-0.1308276,0.021306066,-0.53745395,0.009328198,-0.27651376,0.2850905,-0.1153629,-0.020161679,0.17017981,0.1039224,0.38469106,-0.28938589,-0.6578703,-0.7344132,-0.077858314,-0.31786644,0.42056546,-0.5976247,0.33828425,0.0
-2.839202,-3.3045359,0.8336886,-0.014582575,-0.18198852,0.12223803,-0.9755642,-0.6331035,-0.016394649,0.09880148,0.3641708,-0.06794015,0.038576066,-0.54356843,-0.007743206,-0.26960286,0.22053276,-0.060404513,-0.013765362,0.14970425,0.04722575,0.33468884,-0.330043,-0.580973,-0.7149395,-0.030689253,-0.38088083,0.40462387,-0.60116905,0.33332017,0.0
-2.8411481,-3.291925,0.8370974,-0.022465756,-0.19240762,0.13427389,-0.9718257,-0.59300137,-0.045124754,0.14185306,0.24415413,-0.01273885,0.05227055,-0.5861553,-0.022762239,-0.23761478,0.21714485,-0.033836186,-0.0072672665,0.13259995,-0.010627588,0.2980559,-0.37177086,-0.5472092,-0.7341393,-0.005983171,-0.41103318,0.39281195,-0.6135737,0.3462423,0.0
-2.8402483,-3.2840924,0.83754754,-0.02460838,-0.19671872,0.14572847,-0.9692571,-0.5657443,-0.057004333,0.1682876,0.1795125,0.011401805,0.060957726,-0.6061914,-0.025000183,-0.21102273,0.21771312,-0.022439344,-0.0021859822,0.11394714,-0.06278237,0.30103916,-0.42258164,-0.56975186,-0.7688496,0.0051193065,-0.4332901,0.4254865,-0.6635733,0.34589073,-5.782341e-19
-2.8378768,-3.279329,0.8375031,-0.0218222,-0.19575264,0.15049066,-0.96879166,-0.561284,-0.054626103,0.1774556,0.1813986,0.00846788,0.066631176,-0.6004681,-0.022268748,-0.20261037,0.21094868,-0.014441209,0.0023034643,0.10047653,-0.12658386,0.30054685,-0.44580516,-0.5827166,-0.77948815,0.0050963648,-0.44266942,0.43274876,-0.70175236,0.34303212,0.0
-2.8366551,-3.275662,0.8369806,-0.01780393,-0.19512361,0.15517968,-0.9682609,-0.57258594,-0.045557953,0.18230896,0.20837301,-0.0045799497,0.07113982,-0.5989364,-0.016223941,-0.19705313,0.21097499,-0.009786336,0.004776917,0.09233562,-0.19258742,0.2889186,-0.44042432,-0.60625947,-0.7824423,-0.02281078,-0.4094233,0.4088006,-0.7129935,0.34072635,-7.9325824e-10
-2.8352532,-3.2728739,0.83645934,-0.015654739,-0.19455442,0.16103235,-0.9674565,-0.5749681,-0.039946575,0.19063812,0.21985407,-0.012602123,0.07449211,-0.6002507,-0.012209104,-0.1875977,0.21458462,-0.009428593,0.007054811,0.0899055,-0.25412408,0.29086038,-0.45537418,-0.6568751,-0.7606878,-0.05595653,-0.37546235,0.41482168,-0.75523067,0.33640516,0.0
-2.8338592,-3.27188,0.83625925,-0.014628181,-0.19553702,0.16204134,-0.967106,-0.5761276,-0.038789667,0.19149895,0.22142169,-0.015189991,0.07577148,-0.6016517,-0.010825674,-0.18540126,0.21613571,-0.010949695,0.008629105,0.102669194,-0.32132787,0.28827876,-0.4945492,-0.6977119,-0.7539585,-0.05815533,-0.38430095,0.44978145,-0.87981594,0.36794654,1.8716746e-13
-2.8325129,-3.271944,0.8362707,-0.015408909,-0.19774523,0.15590659,-0.96765316,-0.5813823,-0.04502662,0.18165603,0.22280133,-0.014722901,0.076620996,-0.60506666,-0.016717684,-0.19287202,0.21995528,-0.015306149,0.010158062,0.10964726,-0.38448948,0.26022148,-0.51788354,-0.71113765,-0.76536685,-0.018543407,-0.42141956,0.45865142,-1.0507002,0.4618572,1.6953206e-09
-2.8310618,-3.2715144,0.83614683,-0.017696068,-0.200254,0.14926305,-0.96814555,-0.58678705,-0.055592306,0.1719988,0.2231222,-0.013445004,0.0782873,-0.61313796,-0.027153945,-0.19971673,0.22901213,-0.02172477,0.012361494,0.11262526,-0.4282063,0.22744854,-0.52554935,-0.7184319,-0.76942027,0.032929555,-0.47427195,0.44008738,-1.1767663,0.483584,0.0
-2.8294842,-3.2702131,0.8359237,-0.019822944,-0.20230494,0.14441814,-0.96841276,-0.58848935,-0.066132605,0.16587798,0.21928057,-0.010859429,0.080838904,-0.62174094,-0.037586898,-0.2036669,0.2392125,-0.028086904,0.015516333,0.11995253,-0.4456639,0.19597544,-0.52328944,-0.7197798,-0.7661905,0.06348709,-0.5367284,0.4137521,-1.2138816,0.45710984,-2.9153576e-13
-2.8276396,-3.2688107,0.8355933,-0.020498833,-0.20395665,0.14003687,-0.96869564,-0.5905369,-0.07337632,0.15899895,0.21880776,-0.00982182,0.083480224,-0.6272169,-0.045307145,-0.20817861,0.24774918,-0.0341365,0.019601403,0.13416183,-0.4405697,0.16858125,-0.52409625,-0.69332004,-0.7543336,0.056142543,-0.58071566,0.3941309,-1.1300116,0.4122413,7.283756e-10
-2.825902,-3.2681499,0.83533144,-0.01947246,-0.20486984,0.13699213,-0.96895945,-0.59417075,-0.07450877,0.15269648,0.22500238,-0.012231387,0.08492121,-0.6270802,-0.047634084,-0.21356629,0.25130317,-0.03855386,0.023024375,0.15072186,-0.42512217,0.15129972,-0.5309487,-0.63465387,-0.73932695,0.0088467775,-0.5819924,0.39950192,-0.9582366,0.36782154,0.0
-2.825434,-3.268707,0.8352359,-0.01651788,-0.20543389,0.13435099,-0.9692646,-0.6019503,-0.06905788,0.1442531,0.23742549,-0.016126206,0.084883474,-0.6228619,-0.04350005,-0.22225715,0.24975213,-0.040911295,0.024660079,0.16889262,-0.4001205,0.14710997,-0.5372332,-0.56454825,-0.7460325,-0.06349341,-0.5366378,0.43891364,-0.7884866,0.3684222,2.1144804e-23
-2.8266377,-3.2715144,0.8352772,-0.012083265,-0.20748113,0.12761028,-0.96980476,-0.6182041,-0.06020896,0.12606174,0.2540549,-0.020287342,0.08278295,-0.6158878,-0.034003884,-0.2399054,0.24054173,-0.041298132,0.023241611,0.17216733,-0.35589504,0.1658284,-0.5182475,-0.52353853,-0.7583515,-0.120156705,-0.46857625,0.4714226,-0.74446136,0.4234618,0.0
-2.8274655,-3.2741895,0.8350247,-0.007617213,-0.21043895,0.11819499,-0.9704058,-0.6374997,-0.05424689,0.10249141,0.27208537,-0.025666531,0.08083086,-0.60857785,-0.026063696,-0.26283628,0.22964334,-0.043396186,0.02186899,0.16741106,-0.29012147,0.20001036,-0.48609102,-0.5231674,-0.7523203,-0.13154756,-0.42488223,0.43207264,-0.78749657,0.3855719,-9.610108e-10
