2.879388397559523582e-03,-1.891837641596794128e-02,7.736946940422058105e-01,-2.102899737656116486e-02,3.844654187560081482e-02,7.339102625846862793e-01,6.778314113616943359e-01,-1.085131093859672546e-01,3.265826404094696045e-02,5.716115608811378479e-02,2.364388257265090942e-01,-2.260655611753463745e-01,6.621500849723815918e-02,-1.702020168304443359e-01,-7.485162466764450073e-02,-1.447933316230773926e-01,3.116596043109893799e-01,-2.389813959598541260e-01,4.455139487981796265e-02,3.191460622474551201e-03,-1.893759705126285553e-02,5.695892572402954102e-01,-1.873178035020828247e-01,-3.578488826751708984e-01,6.678554415702819824e-02,-2.927826717495918274e-02,-5.664545297622680664e-01,3.802724555134773254e-02,-4.272347986698150635e-01,-1.321910470724105835e-01,0.000000000000000000e+00
2.822190057486295700e-03,-1.881915517151355743e-02,7.736691832542419434e-01,-2.080154791474342346e-02,3.844919800758361816e-02,7.340974807739257812e-01,6.776354908943176270e-01,-1.075266972184181213e-01,3.218814358115196228e-02,5.696917697787284851e-02,2.354003638029098511e-01,-2.259255200624465942e-01,6.634464859962463379e-02,-1.696228235960006714e-01,-7.535016536712646484e-02,-1.452126055955886841e-01,3.118088841438293457e-01,-2.394236922264099121e-01,4.480945691466331482e-02,2.465991536155343056e-03,-1.875672116875648499e-02,5.693202614784240723e-01,-1.875985115766525269e-01,-3.572194874286651611e-01,6.672226637601852417e-02,-2.737929858267307281e-02,-5.673694014549255371e-01,3.792836517095565796e-02,-4.290658533573150635e-01,-1.328917741775512695e-01,0.000000000000000000e+00
2.823245478793978691e-03,-1.878252997994422913e-02,7.736201882362365723e-01,-2.080183289945125580e-02,3.846378624439239502e-02,7.340123057365417480e-01,6.777268648147583008e-01,-1.074118763208389282e-01,3.221129626035690308e-02,5.738950520753860474e-02,2.353703379631042480e-01,-2.264511436223983765e-01,6.626027077436447144e-02,-1.697972118854522705e-01,-7.535023242235183716e-02,-1.448993682861328125e-01,3.121039867401123047e-01,-2.398943305015563965e-01,4.458645358681678772e-02,2.338015707209706306e-03,-1.853951252996921539e-02,5.693473815917968750e-01,-1.873511821031570435e-01,-3.569223582744598389e-01,6.705950200557708740e-02,-2.727515809237957001e-02,-5.672683715820312500e-01,3.766243159770965576e-02,-4.298342168331146240e-01,-1.328414976596832275e-01,0.000000000000000000e+00
2.826856449246406555e-03,-1.884088292717933655e-02,7.735576629638671875e-01,-2.066654339432716370e-02,3.825055807828903198e-02,7.341082692146301270e-01,6.776391267776489258e-01,-1.070458367466926575e-01,3.236711025238037109e-02,5.746978148818016052e-02,2.354912608861923218e-01,-2.272103875875473022e-01,6.622127443552017212e-02,-1.695753186941146851e-01,-7.531092315912246704e-02,-1.450821012258529663e-01,3.127153813838958740e-01,-2.403820455074310303e-01,4.431484267115592957e-02,2.201317809522151947e-03,-1.845665462315082550e-02,5.696424841880798340e-01,-1.882347315549850464e-01,-3.575942516326904297e-01,6.641957163810729980e-02,-2.738456614315509796e-02,-5.674594640731811523e-01,3.858686238527297974e-02,-4.296131432056427002e-01,-1.318108141422271729e-01,0.000000000000000000e+00
3.099994268268346786e-03,-1.881327666342258453e-02,7.734830379486083984e-01,-2.040810696780681610e-02,3.811380267143249512e-02,7.341774106025695801e-01,6.775798201560974121e-01,-1.070363000035285950e-01,3.263868764042854309e-02,5.712737515568733215e-02,2.365629673004150391e-01,-2.276685088872909546e-01,6.607345491647720337e-02,-1.689079850912094116e-01,-7.514309138059616089e-02,-1.453034430742263794e-01,3.128515481948852539e-01,-2.414622306823730469e-01,4.367543011903762817e-02,2.288990886881947517e-03,-1.830211095511913300e-02,5.705385208129882812e-01,-1.897417306900024414e-01,-3.581975102424621582e-01,6.563841551542282104e-02,-2.736021019518375397e-02,-5.670459866523742676e-01,3.969293087720870972e-02,-4.299663007259368896e-01,-1.318512260913848877e-01,0.000000000000000000e+00
3.042434575036168098e-03,-1.883526518940925598e-02,7.734068632125854492e-01,-2.038457430899143219e-02,3.800426051020622253e-02,7.339889407157897949e-01,6.777908205986022949e-01,-1.069880574941635132e-01,3.275636956095695496e-02,5.725039169192314148e-02,2.370215803384780884e-01,-2.286137938499450684e-01,6.629873812198638916e-02,-1.688570082187652588e-01,-7.506074011325836182e-02,-1.452871859073638916e-01,3.129463791847229004e-01,-2.420561909675598145e-01,4.400653392076492310e-02,2.611113013699650764e-03,-1.763331145048141479e-02,5.708199739456176758e-01,-1.904507875442504883e-01,-3.594437241554260254e-01,6.542178988456726074e-02,-2.747466973960399628e-02,-5.672567486763000488e-01,4.059034213423728943e-02,-4.302054047584533691e-01,-1.311476677656173706e-01,0.000000000000000000e+00
3.070401726290583611e-03,-1.878781802952289581e-02,7.733414173126220703e-01,-2.029117755591869354e-02,3.786488622426986694e-02,7.339775562286376953e-01,6.778137087821960449e-01,-1.067992001771926880e-01,3.292209282517433167e-02,5.728235468268394470e-02,2.375195026397705078e-01,-2.293945401906967163e-01,6.652054190635681152e-02,-1.688012480735778809e-01,-7.499654591083526611e-02,-1.452447772026062012e-01,3.136958777904510498e-01,-2.426202595233917236e-01,4.399366676807403564e-02,2.631259383633732796e-03,-1.725936681032180786e-02,5.711554884910583496e-01,-1.907542347908020020e-01,-3.602370321750640869e-01,6.538397073745727539e-02,-2.752613089978694916e-02,-5.672932863235473633e-01,4.104580357670783997e-02,-4.302516579627990723e-01,-1.307899653911590576e-01,0.000000000000000000e+00
3.079645102843642235e-03,-1.873607933521270752e-02,7.732831239700317383e-01,-2.022723667323589325e-02,3.771923482418060303e-02,7.338502407073974609e-01,6.779615879058837891e-01,-1.066027656197547913e-01,3.313604742288589478e-02,5.735341086983680725e-02,2.380422502756118774e-01,-2.301131784915924072e-01,6.688461452722549438e-02,-1.688060611486434937e-01,-7.485800236463546753e-02,-1.450530737638473511e-01,3.143718540668487549e-01,-2.430413961410522461e-01,4.418592154979705811e-02,2.630333183333277702e-03,-1.693866029381752014e-02,5.713616609573364258e-01,-1.911474019289016724e-01,-3.605107069015502930e-01,6.553573906421661377e-02,-2.752665430307388306e-02,-5.673866868019104004e-01,4.175454378128051758e-02,-4.310269355773925781e-01,-1.305704861879348755e-01,0.000000000000000000e+00
3.219563513994216919e-03,-1.872281543910503387e-02,7.732421159744262695e-01,-1.997870206832885742e-02,3.751913458108901978e-02,7.338231205940246582e-01,6.780094504356384277e-01,-1.059543862938880920e-01,3.331452980637550354e-02,5.724900960922241211e-02,2.381973862648010254e-01,-2.304505854845046997e-01,6.722626835107803345e-02,-1.685782819986343384e-01,-7.476501166820526123e-02,-1.447412073612213135e-01,3.152925670146942139e-01,-2.434881329536437988e-01,4.355789721012115479e-02,2.526188502088189125e-03,-1.699197664856910706e-02,5.713607072830200195e-01,-1.907161623239517212e-01,-3.598855733871459961e-01,6.495429575443267822e-02,-2.771989069879055023e-02,-5.672672390937805176e-01,4.187764227390289307e-02,-4.313859343528747559e-01,-1.297533959150314331e-01,0.000000000000000000e+00
3.334210487082600594e-03,-1.853214204311370850e-02,7.732045054435729980e-01,-1.988318748772144318e-02,3.744599968194961548e-02,7.337157130241394043e-01,6.781325340270996094e-01,-1.055764257907867432e-01,3.352304920554161072e-02,5.735189467668533325e-02,2.386319190263748169e-01,-2.307594418525695801e-01,6.709004193544387817e-02,-1.681146621704101562e-01,-7.459293305873870850e-02,-1.447160094976425171e-01,3.153830766677856445e-01,-2.439193725585937500e-01,4.366323351860046387e-02,2.396486001089215279e-03,-1.674584299325942993e-02,5.715482234954833984e-01,-1.909133791923522949e-01,-3.591742813587188721e-01,6.420273333787918091e-02,-2.737479098141193390e-02,-5.671764612197875977e-01,4.282351955771446228e-02,-4.327020645141601562e-01,-1.296775341033935547e-01,0.000000000000000000e+00
3.435057355090975761e-03,-1.835835725069046021e-02,7.731701731681823730e-01,-1.972856931388378143e-02,3.723665326833724976e-02,7.335867881774902344e-01,6.782879829406738281e-01,-1.052128076553344727e-01,3.385055065155029297e-02,5.711543187499046326e-02,2.396041154861450195e-01,-2.311824858188629150e-01,6.745725870132446289e-02,-1.676241159439086914e-01,-7.428554445505142212e-02,-1.440694183111190796e-01,3.158716261386871338e-01,-2.442415952682495117e-01,4.352186992764472961e-02,2.577302977442741394e-03,-1.687628403306007385e-02,5.715650916099548340e-01,-1.906962543725967407e-01,-3.581473231315612793e-01,6.404418498277664185e-02,-2.703612111508846283e-02,-5.670462846755981445e-01,4.411065578460693359e-02,-4.335267841815948486e-01,-1.302908360958099365e-01,0.000000000000000000e+00
3.408767981454730034e-03,-1.813926920294761658e-02,7.731269001960754395e-01,-1.967121288180351257e-02,3.711558878421783447e-02,7.334634661674499512e-01,6.784297227859497070e-01,-1.044538989663124084e-01,3.399944305419921875e-02,5.752724781632423401e-02,2.395159751176834106e-01,-2.317688614130020142e-01,6.745788455009460449e-02,-1.670608818531036377e-01,-7.417155057191848755e-02,-1.440636068582534790e-01,3.158916831016540527e-01,-2.445366680622100830e-01,4.401394724845886230e-02,2.369569148868322372e-03,-1.670355908572673798e-02,5.713409185409545898e-01,-1.905502378940582275e-01,-3.570350706577301025e-01,6.383512914180755615e-02,-2.713248319923877716e-02,-5.669457912445068359e-01,4.410266876220703125e-02,-4.338801205158233643e-01,-1.302745491266250610e-01,0.000000000000000000e+00
3.556588198989629745e-03,-1.821907982230186462e-02,7.730836868286132812e-01,-1.923712715506553650e-02,3.675548732280731201e-02,7.335618138313293457e-01,6.783553957939147949e-01,-1.040267348289489746e-01,3.415164351463317871e-02,5.685649812221527100e-02,2.407097220420837402e-01,-2.320645898580551147e-01,6.788460165262222290e-02,-1.662983894348144531e-01,-7.410680502653121948e-02,-1.437066048383712769e-01,3.166985213756561279e-01,-2.450373768806457520e-01,4.353509098291397095e-02,2.187765901908278465e-03,-1.734847202897071838e-02,5.715003013610839844e-01,-1.904842406511306763e-01,-3.565736114978790283e-01,6.250934302806854248e-02,-2.775539830327033997e-02,-5.667141675949096680e-01,4.410776495933532715e-02,-4.334398210048675537e-01,-1.299234926700592041e-01,0.000000000000000000e+00
3.363840514793992043e-03,-1.802018843591213226e-02,7.730122208595275879e-01,-1.935269497334957123e-02,3.673805296421051025e-02,7.336819767951965332e-01,6.782230734825134277e-01,-1.041425690054893494e-01,3.410075604915618896e-02,5.675560981035232544e-02,2.411220371723175049e-01,-2.330489456653594971e-01,6.777392327785491943e-02,-1.659000068902969360e-01,-7.419453561305999756e-02,-1.441080570220947266e-01,3.164401948451995850e-01,-2.455831766128540039e-01,4.432144388556480408e-02,1.865115715190768242e-03,-1.693307049572467804e-02,5.713156461715698242e-01,-1.905397474765777588e-01,-3.571242690086364746e-01,6.236960738897323608e-02,-2.731720171868801117e-02,-5.671550631523132324e-01,4.408992826938629150e-02,-4.335268437862396240e-01,-1.297730654478073120e-01,0.000000000000000000e+00
3.194628516212105751e-03,-1.769955456256866455e-02,7.729356884956359863e-01,-1.954414136707782745e-02,3.683647885918617249e-02,7.337250113487243652e-01,6.781656742095947266e-01,-1.041866540908813477e-01,3.399023413658142090e-02,5.635818839073181152e-02,2.412371486425399780e-01,-2.340581715106964111e-01,6.773610413074493408e-02,-1.658235639333724976e-01,-7.427527010440826416e-02,-1.441332250833511353e-01,3.164307773113250732e-01,-2.462367862462997437e-01,4.531210288405418396e-02,2.101523801684379578e-03,-1.649240963160991669e-02,5.713066458702087402e-01,-1.901586055755615234e-01,-3.581243753433227539e-01,6.252856552600860596e-02,-2.665651403367519379e-02,-5.675091743469238281e-01,4.372761771082878113e-02,-4.332295060157775879e-01,-1.293244808912277222e-01,0.000000000000000000e+00
3.130318596959114075e-03,-1.749542728066444397e-02,7.728398442268371582e-01,-1.964517869055271149e-02,3.693570196628570557e-02,7.339390516281127930e-01,6.779257059097290039e-01,-1.046697273850440979e-01,3.388286754488945007e-02,5.589520558714866638e-02,2.419336140155792236e-01,-2.350513339042663574e-01,6.717900931835174561e-02,-1.658683121204376221e-01,-7.450220733880996704e-02,-1.448891907930374146e-01,3.168425261974334717e-01,-2.472822368144989014e-01,4.614487290382385254e-02,2.522115595638751984e-03,-1.573053002357482910e-02,5.717172622680664062e-01,-1.905348300933837891e-01,-3.614458739757537842e-01,6.337199360132217407e-02,-2.552698552608489990e-02,-5.678839087486267090e-01,4.351466521620750427e-02,-4.334402382373809814e-01,-1.286633014678955078e-01,0.000000000000000000e+00
3.235679119825363159e-03,-1.760931126773357391e-02,7.727654576301574707e-01,-1.951750367879867554e-02,3.685762360692024231e-02,7.342550754547119141e-01,6.775913238525390625e-01,-1.052540317177772522e-01,3.390391543507575989e-02,5.491008982062339783e-02,2.429154366254806519e-01,-2.356928288936614990e-01,6.706356257200241089e-02,-1.658598929643630981e-01,-7.460370659828186035e-02,-1.454502940177917480e-01,3.175247609615325928e-01,-2.480920553207397461e-01,4.602250084280967712e-02,2.803676994517445564e-03,-1.589162647724151611e-02,5.724434256553649902e-01,-1.919794529676437378e-01,-3.641531765460968018e-01,6.268545985221862793e-02,-2.493206784129142761e-02,-5.681150555610656738e-01,4.360768571496009827e-02,-4.337775409221649170e-01,-1.276393532752990723e-01,0.000000000000000000e+00
3.012322122231125832e-03,-1.777452416718006134e-02,7.727026939392089844e-01,-1.946100778877735138e-02,3.652931004762649536e-02,7.345377802848815918e-01,6.773043274879455566e-01,-1.055732816457748413e-01,3.401593118906021118e-02,5.459554493427276611e-02,2.439337372779846191e-01,-2.367916852235794067e-01,6.715361028909683228e-02,-1.657973825931549072e-01,-7.465829700231552124e-02,-1.456956267356872559e-01,3.184654116630554199e-01,-2.482697963714599609e-01,4.607114940881729126e-02,2.986864419654011726e-03,-1.624886877834796906e-02,5.726400017738342285e-01,-1.925996840000152588e-01,-3.666783869266510010e-01,6.142977625131607056e-02,-2.457718364894390106e-02,-5.687929987907409668e-01,4.266549274325370789e-02,-4.333752989768981934e-01,-1.268095076084136963e-01,0.000000000000000000e+00
2.840719884261488914e-03,-1.804326660931110382e-02,7.726627588272094727e-01,-1.942387036979198456e-02,3.619159758090972900e-02,7.349226474761962891e-01,6.769059300422668457e-01,-1.060086786746978760e-01,3.421379253268241882e-02,5.430389195680618286e-02,2.447259277105331421e-01,-2.377397716045379639e-01,6.754218041896820068e-02,-1.660069078207015991e-01,-7.464115321636199951e-02,-1.458474099636077881e-01,3.196575939655303955e-01,-2.480646818876266479e-01,4.595815390348434448e-02,2.951956819742918015e-03,-1.692936941981315613e-02,5.727465152740478516e-01,-1.930839419364929199e-01,-3.691951930522918701e-01,6.109402328729629517e-02,-2.434265054762363434e-02,-5.693355798721313477e-01,4.218148067593574524e-02,-4.332464635372161865e-01,-1.263643503189086914e-01,0.000000000000000000e+00
2.840277738869190216e-03,-1.819408126175403595e-02,7.726426720619201660e-01,-1.939888112246990204e-02,3.603461384773254395e-02,7.352421283721923828e-01,6.765679717063903809e-01,-1.064321547746658325e-01,3.436487540602684021e-02,5.372134223580360413e-02,2.452735900878906250e-01,-2.382434308528900146e-01,6.779419630765914917e-02,-1.662144660949707031e-01,-7.460070401430130005e-02,-1.460373401641845703e-01,3.205164372920989990e-01,-2.479949742555618286e-01,4.571228101849555969e-02,3.036850132048130035e-03,-1.754081994295120239e-02,5.728582739830017090e-01,-1.931917667388916016e-01,-3.707040548324584961e-01,6.146479770541191101e-02,-2.356829866766929626e-02,-5.696887373924255371e-01,4.274770244956016541e-02,-4.340238273143768311e-01,-1.264680176973342896e-01,0.000000000000000000e+00
2.737036207690834999e-03,-1.833794079720973969e-02,7.726441621780395508e-01,-1.938178203999996185e-02,3.578805923461914062e-02,7.355321645736694336e-01,6.762661933898925781e-01,-1.069435924291610718e-01,3.455421328544616699e-02,5.318625271320343018e-02,2.462897449731826782e-01,-2.386714369058609009e-01,6.855984032154083252e-02,-1.664447784423828125e-01,-7.452801614999771118e-02,-1.457901597023010254e-01,3.215912878513336182e-01,-2.475312948226928711e-01,4.519871994853019714e-02,3.121759742498397827e-03,-1.816062070429325104e-02,5.726866126060485840e-01,-1.928315758705139160e-01,-3.719626665115356445e-01,6.154277920722961426e-02,-2.277781441807746887e-02,-5.701435208320617676e-01,4.319607466459274292e-02,-4.343270063400268555e-01,-1.272466182708740234e-01,0.000000000000000000e+00
2.585022477433085442e-03,-1.839553192257881165e-02,7.726262807846069336e-01,-1.941472105681896210e-02,3.557091206312179565e-02,7.356479167938232422e-01,6.761507987976074219e-01,-1.072657927870750427e-01,3.473490476608276367e-02,5.280500650405883789e-02,2.471459805965423584e-01,-2.393101453781127930e-01,6.916256994009017944e-02,-1.666926890611648560e-01,-7.443898916244506836e-02,-1.455327272415161133e-01,3.225489258766174316e-01,-2.472085058689117432e-01,4.531788453459739685e-02,2.944649197161197662e-03,-1.784557290375232697e-02,5.725390911102294922e-01,-1.933038979768753052e-01,-3.731919527053833008e-01,6.204988434910774231e-02,-2.244780398905277252e-02,-5.706133842468261719e-01,4.425444081425666809e-02,-4.348214268684387207e-01,-1.275878101587295532e-01,0.000000000000000000e+00
2.491180319339036942e-03,-1.850352063775062561e-02,7.726057171821594238e-01,-1.940342970192432404e-02,3.548378124833106995e-02,7.358053922653198242e-01,6.759843826293945312e-01,-1.075814664363861084e-01,3.468595445156097412e-02,5.239874124526977539e-02,2.475626766681671143e-01,-2.396439909934997559e-01,6.949238479137420654e-02,-1.669785231351852417e-01,-7.456131279468536377e-02,-1.455894410610198975e-01,3.232477009296417236e-01,-2.471484690904617310e-01,4.545304179191589355e-02,2.857078798115253448e-03,-1.784891635179519653e-02,5.727744102478027344e-01,-1.948535591363906860e-01,-3.745056092739105225e-01,6.182088702917098999e-02,-2.213680185377597809e-02,-5.712071657180786133e-01,4.513478279113769531e-02,-4.354465603828430176e-01,-1.279557198286056519e-01,0.000000000000000000e+00
2.297396538779139519e-03,-1.836241595447063446e-02,7.725713253021240234e-01,-1.962722279131412506e-02,3.553858399391174316e-02,7.357811927795410156e-01,6.760013699531555176e-01,-1.077893152832984924e-01,3.466435521841049194e-02,5.237608030438423157e-02,2.475971579551696777e-01,-2.402838766574859619e-01,6.956954300403594971e-02,-1.673132479190826416e-01,-7.460183650255203247e-02,-1.458114981651306152e-01,3.234787881374359131e-01,-2.471979111433029175e-01,4.635151475667953491e-02,3.118676831945776939e-03,-1.761204563081264496e-02,5.728803277015686035e-01,-1.967777758836746216e-01,-3.752675056457519531e-01,6.224829703569412231e-02,-2.191256918013095856e-02,-5.718305706977844238e-01,4.528215900063514709e-02,-4.351967275142669678e-01,-1.278185397386550903e-01,0.000000000000000000e+00
2.261213026940822601e-03,-1.856592297554016113e-02,7.725433707237243652e-01,-1.960968226194381714e-02,3.544650599360466003e-02,7.359214425086975098e-01,6.758539676666259766e-01,-1.079949960112571716e-01,3.468021377921104431e-02,5.207517743110656738e-02,2.475763708353042603e-01,-2.406135052442550659e-01,6.969314813613891602e-02,-1.675203740596771240e-01,-7.460859417915344238e-02,-1.458237767219543457e-01,3.237575590610504150e-01,-2.472107708454132080e-01,4.634815827012062073e-02,3.085840027779340744e-03,-1.793828979134559631e-02,5.729496479034423828e-01,-1.974188238382339478e-01,-3.763495087623596191e-01,6.216855719685554504e-02,-2.211024798452854156e-02,-5.720773935317993164e-01,4.508325830101966858e-02,-4.353602826595306396e-01,-1.276877373456954956e-01,0.000000000000000000e+00
2.111298730596899986e-03,-1.854281127452850342e-02,7.725098133087158203e-01,-1.983927749097347260e-02,3.557506948709487915e-02,7.359407544136047363e-01,6.758195161819458008e-01,-1.083244606852531433e-01,3.456912189722061157e-02,5.195451155304908752e-02,2.471942007541656494e-01,-2.410366684198379517e-01,6.955288350582122803e-02,-1.677710860967636108e-01,-7.465632259845733643e-02,-1.460302025079727173e-01,3.232774138450622559e-01,-2.473808377981185913e-01,4.678408801555633545e-02,3.201600397005677223e-03,-1.792790554463863373e-02,5.730158686637878418e-01,-1.979563087224960327e-01,-3.771046400070190430e-01,6.218390539288520813e-02,-2.214676886796951294e-02,-5.724812150001525879e-01,4.431905224919319153e-02,-4.353066682815551758e-01,-1.275111436843872070e-01,0.000000000000000000e+00
1.925345160998404026e-03,-1.863741129636764526e-02,7.724823951721191406e-01,-2.005712687969207764e-02,3.562618419528007507e-02,7.360177636146545410e-01,6.757265329360961914e-01,-1.087526679039001465e-01,3.450075909495353699e-02,5.190395191311836243e-02,2.468910664319992065e-01,-2.415636330842971802e-01,6.975595653057098389e-02,-1.682235598564147949e-01,-7.467158138751983643e-02,-1.458698064088821411e-01,3.231069445610046387e-01,-2.473149150609970093e-01,4.697045683860778809e-02,3.264838363975286484e-03,-1.818817853927612305e-02,5.730984210968017578e-01,-1.983107179403305054e-01,-3.780925571918487549e-01,6.245424598455429077e-02,-2.246953174471855164e-02,-5.729783773422241211e-01,4.333899915218353271e-02,-4.346693158149719238e-01,-1.276244968175888062e-01,0.000000000000000000e+00
1.789206522516906261e-03,-1.864440552890300751e-02,7.724574804306030273e-01,-2.023640275001525879e-02,3.572719544172286987e-02,7.360535264015197754e-01,6.756768822669982910e-01,-1.089986860752105713e-01,3.437788784503936768e-02,5.180520936846733093e-02,2.464763373136520386e-01,-2.418909966945648193e-01,6.976138055324554443e-02,-1.685435175895690918e-01,-7.475045323371887207e-02,-1.458947360515594482e-01,3.228826820850372314e-01,-2.473339438438415527e-01,4.739654809236526489e-02,3.449896816164255142e-03,-1.848735474050045013e-02,5.731463432312011719e-01,-1.980556249618530273e-01,-3.785794675350189209e-01,6.250225007534027100e-02,-2.263909764587879181e-02,-5.732858180999755859e-01,4.191573709249496460e-02,-4.342129826545715332e-01,-1.276018470525741577e-01,0.000000000000000000e+00
1.539742341265082359e-03,-1.880780048668384552e-02,7.724370360374450684e-01,-2.036515437066555023e-02,3.568991646170616150e-02,7.364621758460998535e-01,6.752296090126037598e-01,-1.092545688152313232e-01,3.415122255682945251e-02,5.136748775839805603e-02,2.458387911319732666e-01,-2.422724515199661255e-01,6.966101378202438354e-02,-1.687130630016326904e-01,-7.500945031642913818e-02,-1.463725119829177856e-01,3.229349851608276367e-01,-2.472596168518066406e-01,4.719883576035499573e-02,3.148420248180627823e-03,-1.926768384873867035e-02,5.728769302368164062e-01,-1.973250657320022583e-01,-3.794736862182617188e-01,6.174333393573760986e-02,-2.265418507158756256e-02,-5.740079283714294434e-01,4.091539233922958374e-02,-4.332030415534973145e-01,-1.272604614496231079e-01,0.000000000000000000e+00
1.442131237126886845e-03,-1.902859844267368317e-02,7.724197506904602051e-01,-2.033523470163345337e-02,3.567181527614593506e-02,7.366750836372375488e-01,6.749991774559020996e-01,-1.092547997832298279e-01,3.392686694860458374e-02,5.139756202697753906e-02,2.452018857002258301e-01,-2.423999160528182983e-01,6.953708082437515259e-02,-1.691730469465255737e-01,-7.530449330806732178e-02,-1.464301943778991699e-01,3.235269784927368164e-01,-2.472604513168334961e-01,4.693643376231193542e-02,2.973582828417420387e-03,-1.994436420500278473e-02,5.726736187934875488e-01,-1.964608430862426758e-01,-3.798992037773132324e-01,6.185121834278106689e-02,-2.305330894887447357e-02,-5.741682052612304688e-01,3.920860588550567627e-02,-4.328271448612213135e-01,-1.276786923408508301e-01,0.000000000000000000e+00
1.422818750143051147e-03,-1.919585093855857849e-02,7.724009752273559570e-01,-2.025028876960277557e-02,3.566071018576622009e-02,7.369377017021179199e-01,6.747155189514160156e-01,-1.091929301619529724e-01,3.369849920272827148e-02,5.098900943994522095e-02,2.446285039186477661e-01,-2.423635274171829224e-01,6.946223974227905273e-02,-1.694117188453674316e-01,-7.558412104845046997e-02,-1.465556323528289795e-01,3.240638673305511475e-01,-2.474698424339294434e-01,4.661182686686515808e-02,2.711123786866664886e-03,-2.069085463881492615e-02,5.726078748703002930e-01,-1.959307789802551270e-01,-3.799483776092529297e-01,6.161109358072280884e-02,-2.334050089120864868e-02,-5.742756724357604980e-01,3.808451443910598755e-02,-4.325911998748779297e-01,-1.280323415994644165e-01,0.000000000000000000e+00
1.545944949612021446e-03,-1.946641691029071808e-02,7.723735570907592773e-01,-2.009323425590991974e-02,3.578134253621101379e-02,7.370908856391906738e-01,6.745465397834777832e-01,-1.090638935565948486e-01,3.334698826074600220e-02,5.079105496406555176e-02,2.435724288225173950e-01,-2.421044558286666870e-01,6.906874477863311768e-02,-1.698219031095504761e-01,-7.595481723546981812e-02,-1.467285156250000000e-01,3.243128359317779541e-01,-2.479660063982009888e-01,4.621366783976554871e-02,2.321737119928002357e-03,-2.129509672522544861e-02,5.726162195205688477e-01,-1.951169669628143311e-01,-3.797486424446105957e-01,6.150463968515396118e-02,-2.388124354183673859e-02,-5.742023587226867676e-01,3.711016848683357239e-02,-4.334912002086639404e-01,-1.281666010618209839e-01,0.000000000000000000e+00
1.497304649092257023e-03,-1.961823925375938416e-02,7.723506093025207520e-01,-2.008659951388835907e-02,3.576895594596862793e-02,7.370219230651855469e-01,6.746226549148559570e-01,-1.090324446558952332e-01,3.327661752700805664e-02,5.095957219600677490e-02,2.432400286197662354e-01,-2.423514127731323242e-01,6.924533843994140625e-02,-1.701226532459259033e-01,-7.600639015436172485e-02,-1.464491039514541626e-01,3.243711292743682861e-01,-2.479084283113479614e-01,4.603332281112670898e-02,2.232925267890095711e-03,-2.185741998255252838e-02,5.724889636039733887e-01,-1.948138475418090820e-01,-3.787422478199005127e-01,6.160654127597808838e-02,-2.462252974510192871e-02,-5.742033720016479492e-01,3.606611490249633789e-02,-4.334791898727416992e-01,-1.288272142410278320e-01,0.000000000000000000e+00
1.343758776783943176e-03,-1.936417631804943085e-02,7.723016738891601562e-01,-2.042395994067192078e-02,3.597955778241157532e-02,7.369513511657714844e-01,6.746784448623657227e-01,-1.091595739126205444e-01,3.325568139553070068e-02,5.140354856848716736e-02,2.426897287368774414e-01,-2.429829239845275879e-01,6.875918060541152954e-02,-1.703007966279983521e-01,-7.600933313369750977e-02,-1.469271630048751831e-01,3.237845003604888916e-01,-2.483026236295700073e-01,4.673482477664947510e-02,2.080492442473769188e-03,-2.165336534380912781e-02,5.723812580108642578e-01,-1.947683542966842651e-01,-3.776226639747619629e-01,6.255864351987838745e-02,-2.456072717905044556e-02,-5.744521617889404297e-01,3.603027760982513428e-02,-4.331379234790802002e-01,-1.293241977691650391e-01,0.000000000000000000e+00
1.109718577936291695e-03,-1.907464861869812012e-02,7.722650170326232910e-01,-2.075885236263275146e-02,3.615371510386466980e-02,7.369257807731628418e-01,6.746868491172790527e-01,-1.092706918716430664e-01,3.315909579396247864e-02,5.158086866140365601e-02,2.422716915607452393e-01,-2.435252517461776733e-01,6.875815242528915405e-02,-1.704744845628738403e-01,-7.610033452510833740e-02,-1.473933607339859009e-01,3.234436213970184326e-01,-2.483536452054977417e-01,4.759474843740463257e-02,2.046307316049933434e-03,-2.180087007582187653e-02,5.723587274551391602e-01,-1.957307010889053345e-01,-3.760289549827575684e-01,6.271168589591979980e-02,-2.463515847921371460e-02,-5.748974084854125977e-01,3.527332097291946411e-02,-4.315547943115234375e-01,-1.292959600687026978e-01,0.000000000000000000e+00
9.244576212950050831e-04,-1.881022006273269653e-02,7.722272276878356934e-01,-2.114187180995941162e-02,3.626223281025886536e-02,7.371286749839782715e-01,6.744474768638610840e-01,-1.098570674657821655e-01,3.328222408890724182e-02,5.126438289880752563e-02,2.424107491970062256e-01,-2.443650364875793457e-01,6.911648809909820557e-02,-1.703025698661804199e-01,-7.594309002161026001e-02,-1.478414833545684814e-01,3.226687312126159668e-01,-2.484606057405471802e-01,4.781670495867729187e-02,1.892929431051015854e-03,-2.197219990193843842e-02,5.721565485000610352e-01,-1.960381865501403809e-01,-3.755580186843872070e-01,6.263685971498489380e-02,-2.427316270768642426e-02,-5.754653215408325195e-01,3.524384275078773499e-02,-4.307143390178680420e-01,-1.287659257650375366e-01,0.000000000000000000e+00
1.070230733603239059e-03,-1.917058974504470825e-02,7.721855044364929199e-01,-2.078246325254440308e-02,3.593480587005615234e-02,7.372992038726806641e-01,6.742897629737854004e-01,-1.098712980747222900e-01,3.346490859985351562e-02,5.093153938651084900e-02,2.432110905647277832e-01,-2.446915209293365479e-01,6.970331072807312012e-02,-1.699430495500564575e-01,-7.585162669420242310e-02,-1.475466787815093994e-01,3.231343626976013184e-01,-2.486860752105712891e-01,4.679382219910621643e-02,1.728154253214597702e-03,-2.267331443727016449e-02,5.723320841789245605e-01,-1.955863982439041138e-01,-3.760828375816345215e-01,6.211577355861663818e-02,-2.470461465418338776e-02,-5.751910209655761719e-01,3.446751832962036133e-02,-4.317290186882019043e-01,-1.293946951627731323e-01,0.000000000000000000e+00
1.278453273698687553e-03,-1.916970498859882355e-02,7.721291184425354004e-01,-2.063863351941108704e-02,3.592515364289283752e-02,7.373793125152587891e-01,6.742070913314819336e-01,-1.100222393870353699e-01,3.359256312251091003e-02,5.088191479444503784e-02,2.438125461339950562e-01,-2.449028044939041138e-01,6.937488913536071777e-02,-1.694062501192092896e-01,-7.578563690185546875e-02,-1.479595303535461426e-01,3.226726055145263672e-01,-2.493473738431930542e-01,4.636248201131820679e-02,1.661492278799414635e-03,-2.279302291572093964e-02,5.727949142456054688e-01,-1.949274390935897827e-01,-3.761211931705474854e-01,6.148912757635116577e-02,-2.478717081248760223e-02,-5.748474597930908203e-01,3.363170102238655090e-02,-4.326267242431640625e-01,-1.295434683561325073e-01,0.000000000000000000e+00
1.127328490838408470e-03,-1.879725791513919830e-02,7.720769643783569336e-01,-2.116200514137744904e-02,3.620852157473564148e-02,7.373660802841186523e-01,6.741901636123657227e-01,-1.108921095728874207e-01,3.372901305556297302e-02,5.082836747169494629e-02,2.440642267465591431e-01,-2.456033825874328613e-01,6.933440268039703369e-02,-1.698734760284423828e-01,-7.561987638473510742e-02,-1.483574956655502319e-01,3.222057819366455078e-01,-2.495461404323577881e-01,4.724339768290519714e-02,1.669029355980455875e-03,-2.198147773742675781e-02,5.732532143592834473e-01,-1.967695802450180054e-01,-3.762395381927490234e-01,6.244929507374763489e-02,-2.453208155930042267e-02,-5.752829909324645996e-01,3.457880765199661255e-02,-4.312039315700531006e-01,-1.291999071836471558e-01,0.000000000000000000e+00
1.116015482693910599e-03,-1.858763955533504486e-02,7.720143795013427734e-01,-2.116040699183940887e-02,3.615278750658035278e-02,7.376128435134887695e-01,6.739232540130615234e-01,-1.105964407324790955e-01,3.378994390368461609e-02,5.043521896004676819e-02,2.439903914928436279e-01,-2.461762577295303345e-01,6.916268169879913330e-02,-1.688854396343231201e-01,-7.561866194009780884e-02,-1.493471264839172363e-01,3.214906752109527588e-01,-2.502224147319793701e-01,4.705434665083885193e-02,1.475362572818994522e-03,-2.186116203665733337e-02,5.735669732093811035e-01,-1.976685971021652222e-01,-3.766530454158782959e-01,6.222075223922729492e-02,-2.427854388952255249e-02,-5.753909349441528320e-01,3.480574861168861389e-02,-4.307144284248352051e-01,-1.290851980447769165e-01,0.000000000000000000e+00
1.330628409050405025e-03,-1.875353604555130005e-02,7.719641923904418945e-01,-2.085574716329574585e-02,3.603306412696838379e-02,7.376534342765808105e-01,6.738947033882141113e-01,-1.102343648672103882e-01,3.384612873196601868e-02,5.054517835378646851e-02,2.440557479858398438e-01,-2.463329732418060303e-01,6.918623298406600952e-02,-1.685533523559570312e-01,-7.560409605503082275e-02,-1.490269601345062256e-01,3.216421008110046387e-01,-2.508573830127716064e-01,4.632085561752319336e-02,1.463813125155866146e-03,-2.197681181132793427e-02,5.738617181777954102e-01,-1.965509057044982910e-01,-3.770561814308166504e-01,6.159922480583190918e-02,-2.389702387154102325e-02,-5.748611092567443848e-01,3.427277877926826477e-02,-4.330461919307708740e-01,-1.298127621412277222e-01,0.000000000000000000e+00
1.504990155808627605e-03,-1.860209554433822632e-02,7.719256281852722168e-01,-2.082085981965065002e-02,3.611615672707557678e-02,7.375501990318298340e-01,6.740043163299560547e-01,-1.102511659264564514e-01,3.398024663329124451e-02,5.087007582187652588e-02,2.444634288549423218e-01,-2.464186251163482666e-01,6.913184374570846558e-02,-1.686672568321228027e-01,-7.551712542772293091e-02,-1.487771123647689819e-01,3.219766020774841309e-01,-2.513002455234527588e-01,4.606465995311737061e-02,1.356742926873266697e-03,-2.189731784164905548e-02,5.741613507270812988e-01,-1.954403072595596313e-01,-3.756055533885955811e-01,6.098899617791175842e-02,-2.410927601158618927e-02,-5.746119618415832520e-01,3.429374471306800842e-02,-4.334300458431243896e-01,-1.289088875055313110e-01,0.000000000000000000e+00
1.395369530655443668e-03,-1.843516528606414795e-02,7.718889713287353516e-01,-2.099714055657386780e-02,3.615577891469001770e-02,7.374047040939331055e-01,6.741558909416198730e-01,-1.106214895844459534e-01,3.407258912920951843e-02,5.077882111072540283e-02,2.451128810644149780e-01,-2.468178570270538330e-01,6.937327235937118530e-02,-1.690085530281066895e-01,-7.544746994972229004e-02,-1.487333923578262329e-01,3.222953081130981445e-01,-2.514383792877197266e-01,4.643673077225685120e-02,1.265373197384178638e-03,-2.165944129228591919e-02,5.743561983108520508e-01,-1.960716545581817627e-01,-3.742459416389465332e-01,6.101654097437858582e-02,-2.422284334897994995e-02,-5.752139091491699219e-01,3.565669432282447815e-02,-4.328777194023132324e-01,-1.287455707788467407e-01,0.000000000000000000e+00
1.292797154746949673e-03,-1.835701428353786469e-02,7.718589901924133301e-01,-2.091546915471553802e-02,3.601392731070518494e-02,7.375459671020507812e-01,6.740115284919738770e-01,-1.104516759514808655e-01,3.401442989706993103e-02,5.017813295125961304e-02,2.455193251371383667e-01,-2.472079396247863770e-01,7.008555531501770020e-02,-1.690221726894378662e-01,-7.561235129833221436e-02,-1.487194299697875977e-01,3.233779966831207275e-01,-2.516520917415618896e-01,4.594895616173744202e-02,8.413761970587074757e-04,-2.218990772962570190e-02,5.740901827812194824e-01,-1.956075578927993774e-01,-3.722557425498962402e-01,6.061161309480667114e-02,-2.434679865837097168e-02,-5.756786465644836426e-01,3.590269386768341064e-02,-4.320535659790039062e-01,-1.285611689090728760e-01,0.000000000000000000e+00
1.253740279935300350e-03,-1.853774487972259521e-02,7.718415260314941406e-01,-2.072967030107975006e-02,3.563718497753143311e-02,7.377583980560302734e-01,6.738047599792480469e-01,-1.103704944252967834e-01,3.427921980619430542e-02,4.976755753159523010e-02,2.462652027606964111e-01,-2.476823627948760986e-01,7.111796736717224121e-02,-1.686854511499404907e-01,-7.540930807590484619e-02,-1.480660736560821533e-01,3.240540325641632080e-01,-2.514711916446685791e-01,4.474634677171707153e-02,5.234082927927374840e-04,-2.272419445216655731e-02,5.737755298614501953e-01,-1.942366957664489746e-01,-3.719677925109863281e-01,6.103010103106498718e-02,-2.420187555253505707e-02,-5.758889913558959961e-01,3.638436645269393921e-02,-4.325497448444366455e-01,-1.298602372407913208e-01,0.000000000000000000e+00
1.312524545937776566e-03,-1.872085221111774445e-02,7.717955708503723145e-01,-2.042527496814727783e-02,3.543443605303764343e-02,7.379079461097717285e-01,6.736609339714050293e-01,-1.101575419306755066e-01,3.424004837870597839e-02,4.974252730607986450e-02,2.467060238122940063e-01,-2.479793429374694824e-01,7.133068889379501343e-02,-1.688170582056045532e-01,-7.563393563032150269e-02,-1.480153650045394897e-01,3.254680931568145752e-01,-2.518576085567474365e-01,4.450300708413124084e-02,1.793900009943172336e-04,-2.264542318880558014e-02,5.737798213958740234e-01,-1.936396956443786621e-01,-3.724370896816253662e-01,6.067897379398345947e-02,-2.403123304247856140e-02,-5.758048892021179199e-01,3.519231826066970825e-02,-4.339057207107543945e-01,-1.302082538604736328e-01,0.000000000000000000e+00
1.295845489948987961e-03,-1.875990070402622223e-02,7.717480063438415527e-01,-2.033350430428981781e-02,3.533278033137321472e-02,7.381545901298522949e-01,6.733987927436828613e-01,-1.101716086268424988e-01,3.422810882329940796e-02,4.969063028693199158e-02,2.469519227743148804e-01,-2.485383003950119019e-01,7.164437323808670044e-02,-1.689289361238479614e-01,-7.576500624418258667e-02,-1.479296237230300903e-01,3.264027237892150879e-01,-2.521852850914001465e-01,4.424172639846801758e-02,3.411138322917395271e-06,-2.249646186828613281e-02,5.738469958305358887e-01,-1.932246237993240356e-01,-3.735627830028533936e-01,6.090379133820533752e-02,-2.356933429837226868e-02,-5.758084058761596680e-01,3.396174684166908264e-02,-4.343370795249938965e-01,-1.305495500564575195e-01,0.000000000000000000e+00
1.127040130086243153e-03,-1.859619468450546265e-02,7.717016935348510742e-01,-2.051712386310100555e-02,3.534189611673355103e-02,7.382342219352722168e-01,6.733054518699645996e-01,-1.104333624243736267e-01,3.426778689026832581e-02,4.974609613418579102e-02,2.473072409629821777e-01,-2.493467777967453003e-01,7.200124859809875488e-02,-1.689681857824325562e-01,-7.571105659008026123e-02,-1.476018577814102173e-01,3.264069557189941406e-01,-2.523621618747711182e-01,4.430571198463439941e-02,2.160733311029616743e-05,-2.188608422875404358e-02,5.739123821258544922e-01,-1.926069110631942749e-01,-3.745796978473663330e-01,6.139486283063888550e-02,-2.334040217101573944e-02,-5.762488245964050293e-01,3.327213972806930542e-02,-4.334303736686706543e-01,-1.309813112020492554e-01,0.000000000000000000e+00
9.968463564291596413e-04,-1.846479810774326324e-02,7.716398835182189941e-01,-2.052658796310424805e-02,3.519221767783164978e-02,7.382670640945434570e-01,6.732769608497619629e-01,-1.108991950750350952e-01,3.439183533191680908e-02,4.930198565125465393e-02,2.489005923271179199e-01,-2.501171231269836426e-01,7.251996546983718872e-02,-1.685055345296859741e-01,-7.559677958488464355e-02,-1.472498327493667603e-01,3.263484835624694824e-01,-2.528219521045684814e-01,4.422012716531753540e-02,3.667798300739377737e-04,-2.122033387422561646e-02,5.741846561431884766e-01,-1.929609328508377075e-01,-3.761742115020751953e-01,6.153412908315658569e-02,-2.318942360579967499e-02,-5.765664577484130859e-01,3.295278549194335938e-02,-4.323726594448089600e-01,-1.310912966728210449e-01,0.000000000000000000e+00
8.140506106428802013e-04,-1.820856332778930664e-02,7.715656161308288574e-01,-2.059031836688518524e-02,3.507539629936218262e-02,7.383560538291931152e-01,6.731835007667541504e-01,-1.105859056115150452e-01,3.444353863596916199e-02,4.912783578038215637e-02,2.491554170846939087e-01,-2.511594891548156738e-01,7.267580926418304443e-02,-1.678246706724166870e-01,-7.553875446319580078e-02,-1.472196429967880249e-01,3.260725140571594238e-01,-2.532703578472137451e-01,4.467682167887687683e-02,8.714820141904056072e-04,-2.074301056563854218e-02,5.744879245758056641e-01,-1.930802017450332642e-01,-3.775898218154907227e-01,6.171604245901107788e-02,-2.308597601950168610e-02,-5.769519209861755371e-01,3.178355470299720764e-02,-4.302458167076110840e-01,-1.306122392416000366e-01,0.000000000000000000e+00
7.280360441654920578e-04,-1.789048686623573303e-02,7.714924216270446777e-01,-2.069978043437004089e-02,3.508097678422927856e-02,7.381169795989990234e-01,6.734420061111450195e-01,-1.102257445454597473e-01,3.456829860806465149e-02,4.940413311123847961e-02,2.493497282266616821e-01,-2.520964145660400391e-01,7.291989773511886597e-02,-1.673081368207931519e-01,-7.530448585748672485e-02,-1.466228365898132324e-01,3.253708481788635254e-01,-2.539408206939697266e-01,4.499781876802444458e-02,1.614989130757749081e-03,-2.010102011263370514e-02,5.747590065002441406e-01,-1.918535232543945312e-01,-3.779507875442504883e-01,6.291799247264862061e-02,-2.323502674698829651e-02,-5.767569541931152344e-01,2.998253703117370605e-02,-4.290017783641815186e-01,-1.317530274391174316e-01,0.000000000000000000e+00
8.004747796803712845e-04,-1.773832552134990692e-02,7.714133858680725098e-01,-2.061254531145095825e-02,3.505650535225868225e-02,7.379460930824279785e-01,6.736332178115844727e-01,-1.100811734795570374e-01,3.465107083320617676e-02,4.933075234293937683e-02,2.500280737876892090e-01,-2.527343034744262695e-01,7.280005514621734619e-02,-1.669053733348846436e-01,-7.520087063312530518e-02,-1.462826430797576904e-01,3.251819312572479248e-01,-2.549098134040832520e-01,4.481257498264312744e-02,2.010137541219592094e-03,-1.913776434957981110e-02,5.753586292266845703e-01,-1.914396733045578003e-01,-3.790167272090911865e-01,6.359330564737319946e-02,-2.342418208718299866e-02,-5.766166448593139648e-01,2.947374433279037476e-02,-4.289207458496093750e-01,-1.320146322250366211e-01,0.000000000000000000e+00
9.091637330129742622e-04,-1.784229651093482971e-02,7.713414430618286133e-01,-2.024756744503974915e-02,3.477803990244865417e-02,7.379594445228576660e-01,6.736440658569335938e-01,-1.095671951770782471e-01,3.473880141973495483e-02,4.908788949251174927e-02,2.506645023822784424e-01,-2.533041238784790039e-01,7.314372807741165161e-02,-1.664953678846359253e-01,-7.523357868194580078e-02,-1.460430473089218140e-01,3.260532915592193604e-01,-2.555908858776092529e-01,4.418039321899414062e-02,2.290628617629408836e-03,-1.882238686084747314e-02,5.758891701698303223e-01,-1.908950060606002808e-01,-3.802977800369262695e-01,6.408470869064331055e-02,-2.370792627334594727e-02,-5.764150023460388184e-01,2.970037795603275299e-02,-4.290401637554168701e-01,-1.327593326568603516e-01,0.000000000000000000e+00
1.158583210781216621e-03,-1.787972077727317810e-02,7.712606787681579590e-01,-1.990082301199436188e-02,3.465112671256065369e-02,7.378220558166503906e-01,6.738114356994628906e-01,-1.093056276440620422e-01,3.483619913458824158e-02,4.882380366325378418e-02,2.515760958194732666e-01,-2.536498010158538818e-01,7.295547425746917725e-02,-1.660037487745285034e-01,-7.522531598806381226e-02,-1.461661756038665771e-01,3.263253867626190186e-01,-2.567096054553985596e-01,4.373461380600929260e-02,2.587502589449286461e-03,-1.833743602037429810e-02,5.767312645912170410e-01,-1.908290833234786987e-01,-3.809886276721954346e-01,6.427847594022750854e-02,-2.411494590342044830e-02,-5.761275887489318848e-01,2.933896332979202271e-02,-4.298096299171447754e-01,-1.335098445415496826e-01,0.000000000000000000e+00
1.397695741616189480e-03,-1.787843741476535797e-02,7.711855173110961914e-01,-1.970986276865005493e-02,3.465820476412773132e-02,7.376936674118041992e-01,6.739572286605834961e-01,-1.093154326081275940e-01,3.492201119661331177e-02,4.867288842797279358e-02,2.522371709346771240e-01,-2.540327906608581543e-01,7.289728522300720215e-02,-1.658155322074890137e-01,-7.516391575336456299e-02,-1.460318267345428467e-01,3.263792991638183594e-01,-2.577949762344360352e-01,4.301560297608375549e-02,2.729492262005805969e-03,-1.757336221635341644e-02,5.774387121200561523e-01,-1.898727715015411377e-01,-3.817684650421142578e-01,6.466177105903625488e-02,-2.394687570631504059e-02,-5.759055614471435547e-01,2.926245331764221191e-02,-4.316851794719696045e-01,-1.341221481561660767e-01,0.000000000000000000e+00
1.562262186780571938e-03,-1.772621460258960724e-02,7.711104750633239746e-01,-1.970721036195755005e-02,3.477696329355239868e-02,7.376570105552673340e-01,6.739913821220397949e-01,-1.092984899878501892e-01,3.499371185898780823e-02,4.876168444752693176e-02,2.523418962955474854e-01,-2.544317245483398438e-01,7.203944027423858643e-02,-1.655495762825012207e-01,-7.510653883218765259e-02,-1.464205831289291382e-01,3.259628415107727051e-01,-2.587824165821075439e-01,4.296121001243591309e-02,2.620592480525374413e-03,-1.713345758616924286e-02,5.782028436660766602e-01,-1.897976547479629517e-01,-3.818303644657135010e-01,6.463462859392166138e-02,-2.389009669423103333e-02,-5.757440924644470215e-01,2.892844751477241516e-02,-4.326042830944061279e-01,-1.339905709028244019e-01,0.000000000000000000e+00
1.732062082737684250e-03,-1.787354052066802979e-02,7.710478901863098145e-01,-1.947206258773803711e-02,3.467083349823951721e-02,7.375899553298950195e-01,6.740769743919372559e-01,-1.089963987469673157e-01,3.508064895868301392e-02,4.894192144274711609e-02,2.524569928646087646e-01,-2.547213435173034668e-01,7.195252925157546997e-02,-1.652628183364868164e-01,-7.503249496221542358e-02,-1.461756229400634766e-01,3.259246647357940674e-01,-2.595047056674957275e-01,4.245816916227340698e-02,2.658504759892821312e-03,-1.743096485733985901e-02,5.787174105644226074e-01,-1.892766207456588745e-01,-3.815294206142425537e-01,6.460707634687423706e-02,-2.435454726219177246e-02,-5.756958127021789551e-01,2.900003641843795776e-02,-4.334406554698944092e-01,-1.344255059957504272e-01,0.000000000000000000e+00
1.656319014728069305e-03,-1.774707809090614319e-02,7.709798216819763184e-01,-1.955232582986354828e-02,3.470088168978691101e-02,7.375052571296691895e-01,6.741657853126525879e-01,-1.089415997266769409e-01,3.509656339883804321e-02,4.932072758674621582e-02,2.525504827499389648e-01,-2.554817497730255127e-01,7.187740504741668701e-02,-1.649518311023712158e-01,-7.499883323907852173e-02,-1.462993323802947998e-01,3.253260552883148193e-01,-2.602007985115051270e-01,4.265420511364936829e-02,2.786418423056602478e-03,-1.758879423141479492e-02,5.789040327072143555e-01,-1.895271539688110352e-01,-3.805723786354064941e-01,6.424070149660110474e-02,-2.406484074890613556e-02,-5.760789513587951660e-01,2.946261689066886902e-02,-4.338236153125762939e-01,-1.349093168973922729e-01,0.000000000000000000e+00
1.578806783072650433e-03,-1.767939887940883636e-02,7.709254622459411621e-01,-1.957483775913715363e-02,3.468024358153343201e-02,7.374398708343505859e-01,6.742377281188964844e-01,-1.088215187191963196e-01,3.508527576923370361e-02,4.949558153748512268e-02,2.526387572288513184e-01,-2.560964226722717285e-01,7.220175117254257202e-02,-1.647482067346572876e-01,-7.499919086694717407e-02,-1.462218612432479858e-01,3.250738978385925293e-01,-2.606968581676483154e-01,4.257694631814956665e-02,2.830217359587550163e-03,-1.780496537685394287e-02,5.790145993232727051e-01,-1.895649731159210205e-01,-3.797663450241088867e-01,6.300330162048339844e-02,-2.440917119383811951e-02,-5.764680504798889160e-01,2.962828613817691803e-02,-4.333041310310363770e-01,-1.347033679485321045e-01,0.000000000000000000e+00
1.413994934409856796e-03,-1.756193302571773529e-02,7.708803415298461914e-01,-1.963441632688045502e-02,3.463929891586303711e-02,7.375184297561645508e-01,6.741521954536437988e-01,-1.086050719022750854e-01,3.501110523939132690e-02,4.954372718930244446e-02,2.524978816509246826e-01,-2.567143142223358154e-01,7.243560254573822021e-02,-1.645174026489257812e-01,-7.510655373334884644e-02,-1.463740319013595581e-01,3.250295519828796387e-01,-2.609426379203796387e-01,4.259769618511199951e-02,2.877027960494160652e-03,-1.848047226667404175e-02,5.788206458091735840e-01,-1.896248608827590942e-01,-3.784418106079101562e-01,6.168473139405250549e-02,-2.488248981535434723e-02,-5.769814848899841309e-01,2.936754561960697174e-02,-4.314689636230468750e-01,-1.335709989070892334e-01,0.000000000000000000e+00
1.065886346623301506e-03,-1.747234165668487549e-02,7.708429098129272461e-01,-1.979421079158782959e-02,3.447834774851799011e-02,7.375381588935852051e-01,6.741341948509216309e-01,-1.089198812842369080e-01,3.506245464086532593e-02,4.963774979114532471e-02,2.533925175666809082e-01,-2.576285004615783691e-01,7.290510833263397217e-02,-1.644355952739715576e-01,-7.509352266788482666e-02,-1.461082249879837036e-01,3.251533806324005127e-01,-2.608092129230499268e-01,4.253783077001571655e-02,3.143413458019495010e-03,-1.891507580876350403e-02,5.784943699836730957e-01,-1.896778494119644165e-01,-3.783601224422454834e-01,6.145917251706123352e-02,-2.545148879289627075e-02,-5.775375366210937500e-01,2.752772904932498932e-02,-4.289251565933227539e-01,-1.336246579885482788e-01,0.000000000000000000e+00
9.566069347783923149e-04,-1.750504039227962494e-02,7.708218097686767578e-01,-1.967345550656318665e-02,3.422956913709640503e-02,7.376573681831359863e-01,6.740199923515319824e-01,-1.085898503661155701e-01,3.512984514236450195e-02,4.948572441935539246e-02,2.536796629428863525e-01,-2.580341100692749023e-01,7.322931289672851562e-02,-1.638536453247070312e-01,-7.510049641132354736e-02,-1.463477909564971924e-01,3.252227902412414551e-01,-2.606611847877502441e-01,4.237506911158561707e-02,3.444938221946358681e-03,-1.989069208502769470e-02,5.784235596656799316e-01,-1.901620924472808838e-01,-3.777906000614166260e-01,6.082561984658241272e-02,-2.599345147609710693e-02,-5.778644680976867676e-01,2.688100375235080719e-02,-4.270846843719482422e-01,-1.331098526716232300e-01,0.000000000000000000e+00
1.019387273117899895e-03,-1.759871654212474823e-02,7.707971334457397461e-01,-1.940878108143806458e-02,3.397689759731292725e-02,7.377942204475402832e-01,6.738906502723693848e-01,-1.083355695009231567e-01,3.522660583257675171e-02,4.906334728002548218e-02,2.543001770973205566e-01,-2.580871880054473877e-01,7.301928848028182983e-02,-1.632968038320541382e-01,-7.510498911142349243e-02,-1.464854329824447632e-01,3.255876004695892334e-01,-2.608022689819335938e-01,4.192232340574264526e-02,3.587228478863835335e-03,-2.037409506738185883e-02,5.785813927650451660e-01,-1.904579102993011475e-01,-3.778946697711944580e-01,6.122285872697830200e-02,-2.656020596623420715e-02,-5.779513716697692871e-01,2.717236429452896118e-02,-4.257356822490692139e-01,-1.336348652839660645e-01,0.000000000000000000e+00
1.066245022229850292e-03,-1.745926775038242340e-02,7.707669734954833984e-01,-1.942296512424945831e-02,3.401262685656547546e-02,7.379759550094604492e-01,6.736893653869628906e-01,-1.086009740829467773e-01,3.528209775686264038e-02,4.902270436286926270e-02,2.548359036445617676e-01,-2.582982778549194336e-01,7.254284620285034180e-02,-1.629311889410018921e-01,-7.516420632600784302e-02,-1.472744941711425781e-01,3.254049122333526611e-01,-2.611172795295715332e-01,4.194595664739608765e-02,3.759699175134301186e-03,-2.062258310616016388e-02,5.787813067436218262e-01,-1.906784623861312866e-01,-3.778707087039947510e-01,6.201923638582229614e-02,-2.605573274195194244e-02,-5.780452489852905273e-01,2.696979790925979614e-02,-4.256754815578460693e-01,-1.342226266860961914e-01,0.000000000000000000e+00
1.141417073085904121e-03,-1.767419837415218353e-02,7.707493901252746582e-01,-1.919975876808166504e-02,3.383494168519973755e-02,7.380122542381286621e-01,6.736649870872497559e-01,-1.087021082639694214e-01,3.532750904560089111e-02,4.863988608121871948e-02,2.555135190486907959e-01,-2.582721710205078125e-01,7.269369810819625854e-02,-1.629056483507156372e-01,-7.519262284040451050e-02,-1.471756249666213989e-01,3.259461820125579834e-01,-2.611827552318572998e-01,4.126432538032531738e-02,3.925411030650138855e-03,-2.086549997329711914e-02,5.790121555328369141e-01,-1.911475658416748047e-01,-3.781347572803497314e-01,6.260651350021362305e-02,-2.615298703312873840e-02,-5.782073140144348145e-01,2.819383330643177032e-02,-4.259522557258605957e-01,-1.349267959594726562e-01,0.000000000000000000e+00
1.302322023548185825e-03,-1.788119971752166748e-02,7.707256078720092773e-01,-1.891263015568256378e-02,3.367695957422256470e-02,7.381393909454345703e-01,6.735417246818542480e-01,-1.088787764310836792e-01,3.535548597574234009e-02,4.811106622219085693e-02,2.563892602920532227e-01,-2.582018971443176270e-01,7.268037647008895874e-02,-1.627108156681060791e-01,-7.527679204940795898e-02,-1.474715769290924072e-01,3.264622092247009277e-01,-2.614223062992095947e-01,4.076024889945983887e-02,4.057618789374828339e-03,-2.143157273530960083e-02,5.792174935340881348e-01,-1.910615116357803345e-01,-3.781818747520446777e-01,6.313781440258026123e-02,-2.606397122144699097e-02,-5.781484842300415039e-01,2.924046851694583893e-02,-4.267066717147827148e-01,-1.354714781045913696e-01,0.000000000000000000e+00
1.416736282408237457e-03,-1.805680990219116211e-02,7.706985473632812500e-01,-1.875397376716136932e-02,3.364940360188484192e-02,7.380912899971008301e-01,6.736001968383789062e-01,-1.092838570475578308e-01,3.529581055045127869e-02,4.744026809930801392e-02,2.571626007556915283e-01,-2.581531107425689697e-01,7.295946776866912842e-02,-1.629196703433990479e-01,-7.530673593282699585e-02,-1.469434946775436401e-01,3.267642855644226074e-01,-2.617476284503936768e-01,4.011638462543487549e-02,4.413348156958818436e-03,-2.182759717106819153e-02,5.794217586517333984e-01,-1.906005889177322388e-01,-3.778880238533020020e-01,6.350266188383102417e-02,-2.612660452723503113e-02,-5.783189535140991211e-01,3.066456131637096405e-02,-4.274074435234069824e-01,-1.363547295331954956e-01,0.000000000000000000e+00
1.451544812880456448e-03,-1.807031780481338501e-02,7.706630229949951172e-01,-1.873123459517955780e-02,3.365667909383773804e-02,7.381200790405273438e-01,6.735689640045166016e-01,-1.097724661231040955e-01,3.527294099330902100e-02,4.676219075918197632e-02,2.580017149448394775e-01,-2.583306431770324707e-01,7.308020442724227905e-02,-1.628789901733398438e-01,-7.531765848398208618e-02,-1.470368057489395142e-01,3.267178833484649658e-01,-2.620785534381866455e-01,4.013368114829063416e-02,4.655287601053714752e-03,-2.222305536270141602e-02,5.796580910682678223e-01,-1.906187087297439575e-01,-3.776242136955261230e-01,6.343700736761093140e-02,-2.603480406105518341e-02,-5.787835121154785156e-01,3.167311474680900574e-02,-4.276653230190277100e-01,-1.362711042165756226e-01,0.000000000000000000e+00
1.446429174393415451e-03,-1.815112121403217316e-02,7.706298232078552246e-01,-1.861502230167388916e-02,3.352665528655052185e-02,7.381178736686706543e-01,6.735810637474060059e-01,-1.100570112466812134e-01,3.528042510151863098e-02,4.600694403052330017e-02,2.589707672595977783e-01,-2.585580348968505859e-01,7.363858073949813843e-02,-1.628942191600799561e-01,-7.527574896812438965e-02,-1.463354676961898804e-01,3.271710574626922607e-01,-2.623434960842132568e-01,3.951742500066757202e-02,4.912956152111291885e-03,-2.261743694543838501e-02,5.796424150466918945e-01,-1.900328099727630615e-01,-3.772276043891906738e-01,6.299367547035217285e-02,-2.621242962777614594e-02,-5.790755748748779297e-01,3.229293227195739746e-02,-4.274351000785827637e-01,-1.362902373075485229e-01,0.000000000000000000e+00
1.422951463609933853e-03,-1.806734874844551086e-02,7.705814838409423828e-01,-1.860927231609821320e-02,3.351279348134994507e-02,7.381599545478820801e-01,6.735357642173767090e-01,-1.102995499968528748e-01,3.524906188249588013e-02,4.543500021100044250e-02,2.596475780010223389e-01,-2.589725553989410400e-01,7.371114939451217651e-02,-1.628981083631515503e-01,-7.530462741851806641e-02,-1.461142003536224365e-01,3.274864554405212402e-01,-2.627818584442138672e-01,3.936661034822463989e-02,5.067157093435525894e-03,-2.276440896093845367e-02,5.797929763793945312e-01,-1.901141405105590820e-01,-3.769024908542633057e-01,6.262622028589248657e-02,-2.617413923144340515e-02,-5.793929100036621094e-01,3.224634751677513123e-02,-4.270909726619720459e-01,-1.364848613739013672e-01,0.000000000000000000e+00
1.319623435847461224e-03,-1.807135157287120819e-02,7.705379128456115723e-01,-1.857983134686946869e-02,3.343916311860084534e-02,7.381772994995117188e-01,6.735212802886962891e-01,-1.103060692548751831e-01,3.518614172935485840e-02,4.535222053527832031e-02,2.599727213382720947e-01,-2.594258487224578857e-01,7.380508631467819214e-02,-1.628476232290267944e-01,-7.538343220949172974e-02,-1.458709836006164551e-01,3.276833593845367432e-01,-2.630439996719360352e-01,3.929860517382621765e-02,5.165927577763795853e-03,-2.271753922104835510e-02,5.799210071563720703e-01,-1.904812455177307129e-01,-3.772492110729217529e-01,6.262039393186569214e-02,-2.626821398735046387e-02,-5.796846151351928711e-01,3.248095884919166565e-02,-4.270665645599365234e-01,-1.368170380592346191e-01,0.000000000000000000e+00
1.218371209688484669e-03,-1.804822683334350586e-02,7.704976201057434082e-01,-1.856061816215515137e-02,3.341582044959068298e-02,7.382630705833435059e-01,6.734288930892944336e-01,-1.104408204555511475e-01,3.504500910639762878e-02,4.512093588709831238e-02,2.603653967380523682e-01,-2.598194181919097900e-01,7.388208806514739990e-02,-1.628633737564086914e-01,-7.557900249958038330e-02,-1.459709554910659790e-01,3.280088007450103760e-01,-2.633552551269531250e-01,3.928668424487113953e-02,5.131914746016263962e-03,-2.264919318258762360e-02,5.800466537475585938e-01,-1.905558556318283081e-01,-3.775319457054138184e-01,6.285392493009567261e-02,-2.597024105489253998e-02,-5.801804661750793457e-01,3.206640481948852539e-02,-4.276393353939056396e-01,-1.371880322694778442e-01,0.000000000000000000e+00
1.177029102109372616e-03,-1.818947121500968933e-02,7.704657912254333496e-01,-1.834304071962833405e-02,3.320521861314773560e-02,7.383297085762023926e-01,6.733722686767578125e-01,-1.103161573410034180e-01,3.500444814562797546e-02,4.500210285186767578e-02,2.609715461730957031e-01,-2.599939703941345215e-01,7.389181852340698242e-02,-1.626808792352676392e-01,-7.572540640830993652e-02,-1.459589898586273193e-01,3.286138176918029785e-01,-2.635422050952911377e-01,3.877740725874900818e-02,5.075655411928892136e-03,-2.294098772108554840e-02,5.800729990005493164e-01,-1.904836744070053101e-01,-3.773281872272491455e-01,6.270249187946319580e-02,-2.639658004045486450e-02,-5.802836418151855469e-01,3.214658796787261963e-02,-4.272580444812774658e-01,-1.374028474092483521e-01,0.000000000000000000e+00
1.221648068167269230e-03,-1.820249855518341064e-02,7.704256772994995117e-01,-1.827575266361236572e-02,3.322060406208038330e-02,7.383288145065307617e-01,6.733742952346801758e-01,-1.102076098322868347e-01,3.495443984866142273e-02,4.512280970811843872e-02,2.609127163887023926e-01,-2.602289617061614990e-01,7.373100519180297852e-02,-1.628345996141433716e-01,-7.579977065324783325e-02,-1.456304043531417847e-01,3.289661705493927002e-01,-2.639651000499725342e-01,3.847938030958175659e-02,5.057015456259250641e-03,-2.254916168749332428e-02,5.803480148315429688e-01,-1.910093426704406738e-01,-3.776523172855377197e-01,6.346063315868377686e-02,-2.646942436695098877e-02,-5.804096460342407227e-01,3.249117732048034668e-02,-4.276544451713562012e-01,-1.381848454475402832e-01,0.000000000000000000e+00
1.178755075670778751e-03,-1.816018298268318176e-02,7.703901529312133789e-01,-1.819707080721855164e-02,3.318854421377182007e-02,7.383779287338256836e-01,6.733241677284240723e-01,-1.100878342986106873e-01,3.484741598367691040e-02,4.516998305916786194e-02,2.611368000507354736e-01,-2.604745328426361084e-01,7.367708534002304077e-02,-1.629031151533126831e-01,-7.600025087594985962e-02,-1.456072628498077393e-01,3.295933604240417480e-01,-2.642650604248046875e-01,3.837469220161437988e-02,5.326019134372472763e-03,-2.252328209578990936e-02,5.803775191307067871e-01,-1.906678676605224609e-01,-3.780108690261840820e-01,6.446296721696853638e-02,-2.623978257179260254e-02,-5.804892182350158691e-01,3.208412602543830872e-02,-4.276570975780487061e-01,-1.390345245599746704e-01,0.000000000000000000e+00
1.292924629524350166e-03,-1.815380714833736420e-02,7.703529596328735352e-01,-1.807233132421970367e-02,3.320385143160820007e-02,7.385437488555908203e-01,6.731449365615844727e-01,-1.100255399942398071e-01,3.476932272315025330e-02,4.482786729931831360e-02,2.611741721630096436e-01,-2.605928480625152588e-01,7.373755425214767456e-02,-1.630139201879501343e-01,-7.616834342479705811e-02,-1.457596421241760254e-01,3.303100764751434326e-01,-2.647036015987396240e-01,3.804406896233558655e-02,5.257538985460996628e-03,-2.245991304516792297e-02,5.806595087051391602e-01,-1.903915852308273315e-01,-3.781167566776275635e-01,6.504531949758529663e-02,-2.598049305379390717e-02,-5.806122422218322754e-01,3.188697248697280884e-02,-4.280138015747070312e-01,-1.396462172269821167e-01,0.000000000000000000e+00
1.376121072098612785e-03,-1.817748323082923889e-02,7.703031897544860840e-01,-1.787065342068672180e-02,3.310575336217880249e-02,7.386431097984313965e-01,6.730460524559020996e-01,-1.099420115351676941e-01,3.472302109003067017e-02,4.423421993851661682e-02,2.617020308971405029e-01,-2.608667612075805664e-01,7.399757206439971924e-02,-1.631619185209274292e-01,-7.631490379571914673e-02,-1.455777734518051147e-01,3.314940035343170166e-01,-2.652133703231811523e-01,3.755245357751846313e-02,5.448125302791595459e-03,-2.240828238427639008e-02,5.808817148208618164e-01,-1.903274208307266235e-01,-3.786177635192871094e-01,6.529086828231811523e-02,-2.600515261292457581e-02,-5.807074904441833496e-01,3.210981935262680054e-02,-4.278191924095153809e-01,-1.401873528957366943e-01,0.000000000000000000e+00
1.424349029548466206e-03,-1.807278022170066833e-02,7.702385783195495605e-01,-1.774027571082115173e-02,3.304434567689895630e-02,7.385980486869812012e-01,6.731020212173461914e-01,-1.096041277050971985e-01,3.474862128496170044e-02,4.436688497662544250e-02,2.620387971401214600e-01,-2.614663839340209961e-01,7.425380498170852661e-02,-1.631765663623809814e-01,-7.637506723403930664e-02,-1.452559381723403931e-01,3.323181867599487305e-01,-2.658849954605102539e-01,3.722314909100532532e-02,5.738616921007633209e-03,-2.222455479204654694e-02,5.812188982963562012e-01,-1.899271905422210693e-01,-3.785293698310852051e-01,6.486928462982177734e-02,-2.627206593751907349e-02,-5.807690024375915527e-01,3.102515451610088348e-02,-4.273303747177124023e-01,-1.402235478162765503e-01,0.000000000000000000e+00
1.541692647151648998e-03,-1.815546490252017975e-02,7.701800465583801270e-01,-1.760531961917877197e-02,3.295607492327690125e-02,7.386654019355773926e-01,6.730359196662902832e-01,-1.097684428095817566e-01,3.482190519571304321e-02,4.366951063275337219e-02,2.626208364963531494e-01,-2.618236541748046875e-01,7.476102560758590698e-02,-1.632513254880905151e-01,-7.632729411125183105e-02,-1.450130045413970947e-01,3.329087793827056885e-01,-2.664313316345214844e-01,3.654169291257858276e-02,5.709758494049310684e-03,-2.209529094398021698e-02,5.815064311027526855e-01,-1.895499229431152344e-01,-3.787707686424255371e-01,6.472305953502655029e-02,-2.626997791230678558e-02,-5.809841156005859375e-01,3.132245689630508423e-02,-4.279947578907012939e-01,-1.402633786201477051e-01,0.000000000000000000e+00
1.594863482750952244e-03,-1.793258450925350189e-02,7.701025605201721191e-01,-1.775063388049602509e-02,3.309556096792221069e-02,7.386013865470886230e-01,6.730955243110656738e-01,-1.099276542663574219e-01,3.493384271860122681e-02,4.374124854803085327e-02,2.627808451652526855e-01,-2.626143991947174072e-01,7.480197399854660034e-02,-1.633159816265106201e-01,-7.624649256467819214e-02,-1.453706175088882446e-01,3.327929079532623291e-01,-2.672165334224700928e-01,3.678565844893455505e-02,5.780535750091075897e-03,-2.152516134083271027e-02,5.818538069725036621e-01,-1.889580041170120239e-01,-3.786415755748748779e-01,6.502838432788848877e-02,-2.586302533745765686e-02,-5.811527371406555176e-01,3.060343675315380096e-02,-4.290687739849090576e-01,-1.403829753398895264e-01,0.000000000000000000e+00
1.709886128082871437e-03,-1.801813021302223206e-02,7.700420618057250977e-01,-1.762556470930576324e-02,3.302966430783271790e-02,7.387982606887817383e-01,6.728859543800354004e-01,-1.100551262497901917e-01,3.496060520410537720e-02,4.311562329530715942e-02,2.630914151668548584e-01,-2.630102038383483887e-01,7.507655769586563110e-02,-1.632729023694992065e-01,-7.628763467073440552e-02,-1.456485092639923096e-01,3.332556486129760742e-01,-2.677702903747558594e-01,3.619561344385147095e-02,5.563605576753616333e-03,-2.168453484773635864e-02,5.823240280151367188e-01,-1.894293874502182007e-01,-3.786825239658355713e-01,6.417264044284820557e-02,-2.584414370357990265e-02,-5.814355611801147461e-01,3.119963966310024261e-02,-4.295532405376434326e-01,-1.400780230760574341e-01,0.000000000000000000e+00
1.560127944685518742e-03,-1.801389828324317932e-02,7.699724435806274414e-01,-1.778597757220268250e-02,3.305910155177116394e-02,7.387462854385375977e-01,6.729373335838317871e-01,-1.102350354194641113e-01,3.493495285511016846e-02,4.307529702782630920e-02,2.629633545875549316e-01,-2.638841271400451660e-01,7.532828301191329956e-02,-1.634652614593505859e-01,-7.631758600473403931e-02,-1.459920406341552734e-01,3.330737352371215820e-01,-2.682455778121948242e-01,3.654744103550910950e-02,5.321555770933628082e-03,-2.131611853837966919e-02,5.824630260467529297e-01,-1.904603242874145508e-01,-3.786268532276153564e-01,6.418152898550033569e-02,-2.602380514144897461e-02,-5.821269154548645020e-01,3.136891499161720276e-02,-4.302289187908172607e-01,-1.398551464080810547e-01,0.000000000000000000e+00
1.417481806129217148e-03,-1.804380118846893311e-02,7.699220180511474609e-01,-1.784832775592803955e-02,3.300116583704948425e-02,7.388460636138916016e-01,6.728289723396301270e-01,-1.104560270905494690e-01,3.490575402975082397e-02,4.292523860931396484e-02,2.632088661193847656e-01,-2.644818127155303955e-01,7.542026042938232422e-02,-1.634982228279113770e-01,-7.637418806552886963e-02,-1.460480242967605591e-01,3.331471979618072510e-01,-2.684902846813201904e-01,3.647087141871452332e-02,4.994120914489030838e-03,-2.120103314518928528e-02,5.824893712997436523e-01,-1.906398236751556396e-01,-3.787974119186401367e-01,6.348999589681625366e-02,-2.617399394512176514e-02,-5.827263593673706055e-01,3.149127587676048279e-02,-4.306330680847167969e-01,-1.393075138330459595e-01,0.000000000000000000e+00
1.334827626124024391e-03,-1.798197068274021149e-02,7.698853611946105957e-01,-1.804527826607227325e-02,3.318439051508903503e-02,7.389642596244812012e-01,6.726849079132080078e-01,-1.108091473579406738e-01,3.476738557219505310e-02,4.303951933979988098e-02,2.628405988216400146e-01,-2.648284435272216797e-01,7.515175640583038330e-02,-1.635581552982330322e-01,-7.650713622570037842e-02,-1.466306447982788086e-01,3.324808478355407715e-01,-2.688634991645812988e-01,3.665914759039878845e-02,4.648835863918066025e-03,-2.116649411618709564e-02,5.826255679130554199e-01,-1.912153512239456177e-01,-3.783539235591888428e-01,6.342472881078720093e-02,-2.601268701255321503e-02,-5.831483006477355957e-01,3.134736046195030212e-02,-4.313564896583557129e-01,-1.392187029123306274e-01,0.000000000000000000e+00
1.322436379268765450e-03,-1.827114075422286987e-02,7.698704600334167480e-01,-1.792387291789054871e-02,3.305008634924888611e-02,7.391384243965148926e-01,6.725033521652221680e-01,-1.111373975872993469e-01,3.471985831856727600e-02,4.253362491726875305e-02,2.631573081016540527e-01,-2.647698223590850830e-01,7.534874230623245239e-02,-1.636850386857986450e-01,-7.655788958072662354e-02,-1.462778896093368530e-01,3.327645659446716309e-01,-2.688566744327545166e-01,3.578161075711250305e-02,4.092735704034566879e-03,-2.114572189748287201e-02,5.825164318084716797e-01,-1.906888186931610107e-01,-3.787697255611419678e-01,6.345811486244201660e-02,-2.636474929749965668e-02,-5.833880305290222168e-01,3.164782747626304626e-02,-4.322749376296997070e-01,-1.394331604242324829e-01,0.000000000000000000e+00
1.157672610133886337e-03,-1.838176511228084564e-02,7.698479890823364258e-01,-1.798465661704540253e-02,3.299698606133460999e-02,7.394075989723205566e-01,6.722084283828735352e-01,-1.113647967576980591e-01,3.460304439067840576e-02,4.236967861652374268e-02,2.630180418491363525e-01,-2.650853395462036133e-01,7.513376325368881226e-02,-1.637003421783447266e-01,-7.672891765832901001e-02,-1.466733515262603760e-01,3.327587842941284180e-01,-2.687407732009887695e-01,3.585405647754669189e-02,3.811080474406480789e-03,-2.122187055647373199e-02,5.825555920600891113e-01,-1.911553293466567993e-01,-3.796392381191253662e-01,6.355960667133331299e-02,-2.624786831438541412e-02,-5.840898156166076660e-01,3.168655931949615479e-02,-4.321597814559936523e-01,-1.396890431642532349e-01,0.000000000000000000e+00
1.091640675440430641e-03,-1.845846697688102722e-02,7.698226571083068848e-01,-1.805435121059417725e-02,3.311387822031974792e-02,7.395986914634704590e-01,6.719905138015747070e-01,-1.116570308804512024e-01,3.439220786094665527e-02,4.255491122603416443e-02,2.626625001430511475e-01,-2.652153074741363525e-01,7.484985888004302979e-02,-1.640880852937698364e-01,-7.699453830718994141e-02,-1.468051820993423462e-01,3.328853547573089600e-01,-2.688949406147003174e-01,3.561931103467941284e-02,3.708973992615938187e-03,-2.120680734515190125e-02,5.825451612472534180e-01,-1.905223578214645386e-01,-3.802716135978698730e-01,6.356430053710937500e-02,-2.600497193634510040e-02,-5.844075679779052734e-01,3.051739744842052460e-02,-4.324983954429626465e-01,-1.401151567697525024e-01,0.000000000000000000e+00
1.179725397378206253e-03,-1.856128126382827759e-02,7.697820067405700684e-01,-1.791044697165489197e-02,3.319313377141952515e-02,7.397823333740234375e-01,6.717883348464965820e-01,-1.119249239563941956e-01,3.412411734461784363e-02,4.213817790150642395e-02,2.628764510154724121e-01,-2.652484178543090820e-01,7.494492083787918091e-02,-1.644529253244400024e-01,-7.733562588691711426e-02,-1.467259973287582397e-01,3.336158692836761475e-01,-2.694820463657379150e-01,3.502803295850753784e-02,3.617535810917615891e-03,-2.091993764042854309e-02,5.827277302742004395e-01,-1.899323761463165283e-01,-3.813333809375762939e-01,6.370273232460021973e-02,-2.581619843840599060e-02,-5.846521258354187012e-01,3.067384846508502960e-02,-4.333654642105102539e-01,-1.403090953826904297e-01,0.000000000000000000e+00
1.151706557720899582e-03,-1.860331371426582336e-02,7.697258591651916504e-01,-1.791720464825630188e-02,3.323359414935112000e-02,7.400584220886230469e-01,6.714819669723510742e-01,-1.121510341763496399e-01,3.396707400679588318e-02,4.178646206855773926e-02,2.627739012241363525e-01,-2.656268179416656494e-01,7.488723099231719971e-02,-1.645592749118804932e-01,-7.755533605813980103e-02,-1.470741033554077148e-01,3.338584899902343750e-01,-2.700136899948120117e-01,3.474216535687446594e-02,3.691929159685969353e-03,-2.090964280068874359e-02,5.829803347587585449e-01,-1.893700510263442993e-01,-3.826248049736022949e-01,6.381422281265258789e-02,-2.538105286657810211e-02,-5.850937366485595703e-01,2.997722662985324860e-02,-4.331574141979217529e-01,-1.410123407840728760e-01,0.000000000000000000e+00
1.290910295210778713e-03,-1.869684830307960510e-02,7.696537375450134277e-01,-1.769962720572948456e-02,3.319425508379936218e-02,7.403119802474975586e-01,6.712101101875305176e-01,-1.122243776917457581e-01,3.382119536399841309e-02,4.084542766213417053e-02,2.630927562713623047e-01,-2.660233378410339355e-01,7.527957111597061157e-02,-1.645644754171371460e-01,-7.775148004293441772e-02,-1.470337659120559692e-01,3.345977663993835449e-01,-2.708397209644317627e-01,3.415927290916442871e-02,3.941536881029605865e-03,-2.082423307001590729e-02,5.836061239242553711e-01,-1.893726438283920288e-01,-3.844228088855743408e-01,6.378476321697235107e-02,-2.525086328387260437e-02,-5.853542089462280273e-01,2.975255995988845825e-02,-4.332183599472045898e-01,-1.411079019308090210e-01,0.000000000000000000e+00
1.283977646380662918e-03,-1.875184103846549988e-02,7.695642709732055664e-01,-1.755340583622455597e-02,3.310205787420272827e-02,7.404470443725585938e-01,6.710695028305053711e-01,-1.119729354977607727e-01,3.372275829315185547e-02,4.065793007612228394e-02,2.630752623081207275e-01,-2.666766345500946045e-01,7.515627145767211914e-02,-1.647067964076995850e-01,-7.800515741109848022e-02,-1.473792791366577148e-01,3.356057405471801758e-01,-2.715791761875152588e-01,3.422251343727111816e-02,4.024798981845378876e-03,-2.082393132150173187e-02,5.840411782264709473e-01,-1.894463747739791870e-01,-3.853645622730255127e-01,6.335292011499404907e-02,-2.562877722084522247e-02,-5.856344699859619141e-01,2.895049378275871277e-02,-4.324485659599304199e-01,-1.411194056272506714e-01,0.000000000000000000e+00
1.267741201445460320e-03,-1.876956224441528320e-02,7.694736719131469727e-01,-1.744567975401878357e-02,3.307057172060012817e-02,7.404634356498718262e-01,6.710558533668518066e-01,-1.118593662977218628e-01,3.359268978238105774e-02,4.055135697126388550e-02,2.632733583450317383e-01,-2.674679458141326904e-01,7.526554912328720093e-02,-1.650263518095016479e-01,-7.824848592281341553e-02,-1.474243104457855225e-01,3.366220593452453613e-01,-2.724345922470092773e-01,3.432681411504745483e-02,4.202058073133230209e-03,-2.032272703945636749e-02,5.846586823463439941e-01,-1.906565129756927490e-01,-3.868263065814971924e-01,6.347452104091644287e-02,-2.594781666994094849e-02,-5.860977172851562500e-01,2.888012304902076721e-02,-4.323653578758239746e-01,-1.406685560941696167e-01,0.000000000000000000e+00
1.326378667727112770e-03,-1.885032840073108673e-02,7.694011330604553223e-01,-1.729981228709220886e-02,3.303239122033119202e-02,7.405561208724975586e-01,6.709591746330261230e-01,-1.115924715995788574e-01,3.348820656538009644e-02,4.033529385924339294e-02,2.630104422569274902e-01,-2.679767012596130371e-01,7.551104575395584106e-02,-1.652783304452896118e-01,-7.843959331512451172e-02,-1.474090218544006348e-01,3.374881446361541748e-01,-2.730150520801544189e-01,3.419019654393196106e-02,4.177362192422151566e-03,-2.035415358841419220e-02,5.851306915283203125e-01,-1.907349377870559692e-01,-3.871869444847106934e-01,6.328891217708587646e-02,-2.668009325861930847e-02,-5.862869024276733398e-01,2.846532128751277924e-02,-4.315624833106994629e-01,-1.405697166919708252e-01,0.000000000000000000e+00
1.436821534298360348e-03,-1.898277178406715393e-02,7.693361639976501465e-01,-1.709089241921901703e-02,3.292488306760787964e-02,7.405933141708374023e-01,6.709287762641906738e-01,-1.114959269762039185e-01,3.349020704627037048e-02,3.998471796512603760e-02,2.633239030838012695e-01,-2.683018743991851807e-01,7.574249058961868286e-02,-1.655071675777435303e-01,-7.852757722139358521e-02,-1.472343504428863525e-01,3.384975194931030273e-01,-2.736051678657531738e-01,3.378285840153694153e-02,4.254192113876342773e-03,-2.019841969013214111e-02,5.856856107711791992e-01,-1.909267902374267578e-01,-3.880108892917633057e-01,6.307692080736160278e-02,-2.727431245148181915e-02,-5.863415002822875977e-01,2.801444381475448608e-02,-4.314786493778228760e-01,-1.405332088470458984e-01,0.000000000000000000e+00
1.483954023569822311e-03,-1.902367174625396729e-02,7.692754268646240234e-01,-1.703888364136219025e-02,3.291245922446250916e-02,7.407306432723999023e-01,6.707790493965148926e-01,-1.115033477544784546e-01,3.346829861402511597e-02,3.972833976149559021e-02,2.632702887058258057e-01,-2.687431871891021729e-01,7.585766166448593140e-02,-1.657638400793075562e-01,-7.861512899398803711e-02,-1.472104638814926147e-01,3.391732573509216309e-01,-2.741197645664215088e-01,3.350119665265083313e-02,4.153792280703783035e-03,-2.015566080808639526e-02,5.860939025878906250e-01,-1.912607401609420776e-01,-3.882646858692169189e-01,6.290867924690246582e-02,-2.759303525090217590e-02,-5.866221189498901367e-01,2.729823626577854156e-02,-4.309785068035125732e-01,-1.401794254779815674e-01,0.000000000000000000e+00
1.547033083625137806e-03,-1.911251805722713470e-02,7.692131996154785156e-01,-1.694913953542709351e-02,3.292602673172950745e-02,7.406103014945983887e-01,6.709135174751281738e-01,-1.111529693007469177e-01,3.342274576425552368e-02,4.006535559892654419e-02,2.627546787261962891e-01,-2.691547870635986328e-01,7.598676532506942749e-02,-1.659597009420394897e-01,-7.871152460575103760e-02,-1.472691595554351807e-01,3.393824696540832520e-01,-2.746702134609222412e-01,3.351442143321037292e-02,4.142079502344131470e-03,-1.984409987926483154e-02,5.865032672882080078e-01,-1.914813667535781860e-01,-3.882437646389007568e-01,6.339154392480850220e-02,-2.808313071727752686e-02,-5.866779685020446777e-01,2.644459716975688934e-02,-4.316777586936950684e-01,-1.408206671476364136e-01,0.000000000000000000e+00
1.632278552278876305e-03,-1.905666664242744446e-02,7.691608071327209473e-01,-1.692165993154048920e-02,3.298620879650115967e-02,7.407581210136413574e-01,6.707481145858764648e-01,-1.111072227358818054e-01,3.339156880974769592e-02,3.995173051953315735e-02,2.625867128372192383e-01,-2.694355249404907227e-01,7.607709616422653198e-02,-1.658961772918701172e-01,-7.875620573759078979e-02,-1.471890062093734741e-01,3.394330143928527832e-01,-2.752676606178283691e-01,3.305267915129661560e-02,3.963348921388387680e-03,-1.949022337794303894e-02,5.869353413581848145e-01,-1.910013258457183838e-01,-3.886985182762145996e-01,6.307040154933929443e-02,-2.801402471959590912e-02,-5.869938135147094727e-01,2.580359950661659241e-02,-4.319146871566772461e-01,-1.398454457521438599e-01,0.000000000000000000e+00
1.523985643871128559e-03,-1.910970360040664673e-02,7.690905928611755371e-01,-1.689967699348926544e-02,3.295610845088958740e-02,7.406212687492370605e-01,6.709012389183044434e-01,-1.108509302139282227e-01,3.328945115208625793e-02,4.030336067080497742e-02,2.623431384563446045e-01,-2.701334357261657715e-01,7.629103958606719971e-02,-1.661906391382217407e-01,-7.890621572732925415e-02,-1.469565629959106445e-01,3.398274183273315430e-01,-2.757204473018646240e-01,3.331588208675384521e-02,3.914508968591690063e-03,-1.929407939314842224e-02,5.872341394424438477e-01,-1.915049999952316284e-01,-3.885582983493804932e-01,6.239984557032585144e-02,-2.866118587553501129e-02,-5.875489115715026855e-01,2.572334371507167816e-02,-4.320654273033142090e-01,-1.395090073347091675e-01,0.000000000000000000e+00
